Municipio,TMinimo,TMediana,TMaximo,MMinimo,MMediana,MMaximo
GUAIÇARA,2020-08-10,2020-08-10,2020-08-10,0.109258292526553,0.115685250910468,0.14047494753414
AURIFLAMA,2020-08-10,2020-08-10,2020-08-10,0.153973361937964,0.16303061852255,0.197965751063096
IPAUSSU,2020-08-10,2020-08-10,2020-08-10,0.0709156031184123,0.0750871091842013,0.0911772040093873
HORTOLÂNDIA,2020-08-10,2020-08-10,2020-08-10,1.96072101156847,2.07605754166073,2.52092701487375
BARRA DO TURVO,2020-08-10,2020-08-10,2020-08-10,0.0259052173811116,0.0274290536976474,0.0333067080614291
APARECIDA,2020-08-10,2020-08-10,2020-08-10,0.111399044222776,0.117951929177057,0.143227342572141
OSASCO,2020-08-10,2020-08-10,2020-08-10,3.02776761934308,3.20587159695151,3.89284408201263
BARUERI,2020-08-10,2020-08-10,2020-10-01,2.27194388432173,2.55593686986197,3.45848105847114
ÁLVARO DE CARVALHO,2020-08-10,2020-08-10,2020-08-10,0.00125885686008997,0.00133290726362478,0.0016185302486873
SABINO,2020-08-10,2020-08-10,2020-08-10,0.0151965970420624,0.0160905145151249,0.0195384819112232
TARABAI,2020-08-10,2020-08-10,2020-08-10,0.0137174990116167,0.0145244107181823,0.017636784443507
BARÃO DE ANTONINA,2020-08-10,2020-08-10,2020-08-10,0.00091703602840033,0.000970979324188584,0.001179046322229
ESTRELA DO NORTE,2020-10-01,2020-10-21,2020-11-27,0.00442420711174171,0.0137193639173759,0.034223852160429
PARANAPUÃ,2020-08-10,2020-08-10,2020-08-10,0.0195670588989554,0.0207180623635999,0.0251576471557999
RUBIÁCEA,2020-08-10,2020-08-10,2020-08-10,0.00383650657945329,0.00406218343706819,0.00493265131643995
MORRO AGUDO,2020-08-10,2020-08-10,2020-08-10,0.164531524742527,0.174209849727381,0.211540531811821
RIO GRANDE DA SERRA,2020-08-10,2020-08-10,2020-08-10,0.228156669405642,0.241577649958916,0.293344289235826
LAGOINHA,2020-08-10,2020-09-24,2020-10-15,0.0234827866889728,0.0356271825502151,0.0740803438181392
PRESIDENTE BERNARDES,2020-08-10,2020-08-10,2020-08-10,0.0401132925642731,0.0424728980092302,0.0515742332969222
SALTO,2020-08-10,2020-08-10,2020-08-10,0.706784694928789,0.748360265218718,0.908723179194158
MAUÁ,2020-08-10,2020-08-10,2020-08-10,2.06502782931355,2.18650005456729,2.65503578054597
LINDÓIA,2020-08-10,2020-08-10,2020-08-10,0.0293426487277821,0.0310686868882399,0.0377262626500055
VÁRZEA PAULISTA,2020-08-10,2020-08-10,2020-08-10,0.526938104050998,0.557934463112822,0.677491848065571
CABRÁLIA PAULISTA,2020-08-10,2020-08-10,2020-08-10,0.00471618528891598,0.00499360795296986,0.00606366680003483
MIGUELÓPOLIS,2020-08-10,2020-08-10,2020-08-10,0.0693796627737404,0.0734608194074897,0.0892024235662374
TUPI PAULISTA,2020-08-10,2020-08-10,2020-10-27,0.0626441613592266,0.0673404496933909,0.0842566109469072
IACRI,2020-10-16,2020-11-13,2020-12-31,0.00370980674270019,0.0197943112501827,0.0600932630405935
ARTUR NOGUEIRA,2020-08-10,2020-08-10,2020-08-10,0.114019933554817,0.120726988469807,0.146597057427623
ARUJÁ,2020-08-10,2020-08-10,2020-08-10,0.566388771136545,0.599705757673988,0.728214134318414
GUARAREMA,2020-08-10,2020-08-10,2020-10-17,0.177755129003643,0.199974520129096,0.228542308718968
TUIUTI,2020-08-10,2020-09-30,2020-11-02,0.0236869505887657,0.0296480349257219,0.0663968405914703
BROTAS,2020-08-10,2020-10-21,2020-12-21,0.0209454111360681,0.0257328066159102,0.0481180650891471
ARARAS,2020-08-10,2020-08-10,2020-08-10,0.574711339543363,0.608517888928269,0.738914579412892
SÃO JOÃO DAS DUAS PONTES,2020-09-06,2020-09-17,2020-10-02,0.00775070861314675,0.0183493353944639,0.0540994877858911
ALVINLÂNDIA,2020-08-10,2020-08-10,2020-10-22,0.0121442661796933,0.0129032828159241,0.0180807607295568
INÚBIA PAULISTA,2020-08-10,2020-08-10,2020-09-02,0.0011587951001928,0.00125885686009016,0.00143869355438875
PIRANGI,2020-08-10,2020-08-10,2020-08-10,0.0625212368331631,0.066198956646879,0.0803844473569244
GABRIEL MONTEIRO,2020-08-10,2020-08-10,2020-08-10,0.00733940389112808,0.00777113353178249,0.00943637643145046
TEJUPÁ,2020-08-10,2020-08-10,2020-08-10,0.000917036028400334,0.000970979324188589,0.001179046322229
ÁGUAS DE SÃO PEDRO,2020-08-10,2020-08-10,2020-08-10,0.00975291031879552,0.0103266109257835,0.0125394561241657
SERRANA,2020-08-10,2020-08-10,2020-08-10,0.377248677248677,0.399439775910363,0.485034013605443
VALINHOS,2020-08-10,2020-08-10,2020-08-10,0.977645407551947,1.03515396093736,1.25697266685251
ROSANA,2020-08-10,2020-08-10,2020-08-10,0.0355407928937341,0.0376314277698361,0.0456953051490867
GUATAPARÁ,2020-08-10,2020-10-15,2020-11-22,0.0131002312812065,0.0271312367440454,0.0718983132429303
PORANGABA,2020-08-10,2020-08-10,2020-11-26,0.00735170059742784,0.00781118188476709,0.0107042681850948
SÃO FRANCISCO,2020-08-10,2020-08-10,2020-09-28,0.0185380063313438,0.0202901893365255,0.0246769642763747
SANDOVALINA,2020-08-10,2020-08-10,2020-08-10,0.0178743168939247,0.0189257472994497,0.0229812645779032
RANCHARIA,2020-08-10,2020-08-10,2020-08-10,0.352729608220939,0.373478408704523,0.453509496284063
CESÁRIO LANGE,2020-08-10,2020-08-10,2020-08-10,0.0391763882797989,0.0414808817080221,0.0503696420740276
LARANJAL PAULISTA,2020-08-10,2020-08-10,2020-08-10,0.0708160442600274,0.074981693922382,0.0910491997628924
RIBEIRÃO DO SUL,2020-08-10,2020-08-10,2020-08-10,0.00825250608281326,0.0087379476170964,0.0106103649636171
MIRA ESTRELA,2020-08-10,2020-08-10,2020-08-10,0.0117402353393732,0.0124308374181599,0.0150945882934799
MORUNGABA,2020-08-10,2020-08-10,2020-08-10,0.0323700648663627,0.0342741863290899,0.0416186548281807
CORUMBATAÍ,2020-08-10,2020-08-10,2020-08-10,0.0557957194982257,0.0590778206451801,0.0717373536405757
SANTA ERNESTINA,2020-08-10,2020-08-10,2020-08-10,0.0137606012024944,0.0145700483320529,0.0176922015460642
BARBOSA,2020-08-10,2020-08-10,2020-09-22,0.0613841052712526,0.0652896886425203,0.0789224210630391
COLINA,2020-08-10,2020-08-10,2020-10-08,0.0336787564766841,0.0362242849899062,0.0433012583271655
GUZOLÂNDIA,2020-08-10,2020-08-10,2020-08-10,0.00917425486391021,0.00971391691472823,0.0117954705393131
PARAÍSO,2020-08-10,2020-08-10,2020-09-30,0.0425370845629467,0.047854220133315,0.061117420688857
TARUMÃ,2020-08-10,2020-08-10,2020-08-10,0.0223796775127139,0.0236961291311089,0.028773871087775
ITAPECERICA DA SERRA,2020-08-10,2020-08-10,2020-08-10,1.24784853700515,1.32125139212312,1.6043766904352
QUATÁ,2020-08-10,2020-10-13,2020-11-28,0.026421773664421,0.0342553088255015,0.0657443143428536
FRANCO DA ROCHA,2020-08-10,2020-08-10,2020-08-10,0.292256542256538,0.309448103565757,0.375758411472702
URU,2020-08-19,2020-08-23,2020-08-26,7.50657479156036e-05,0.000120824368421202,0.000155542383746488
ÁGUAS DE LINDÓIA,2020-08-10,2020-09-28,2020-10-19,0.056780735107731,0.140617004303111,0.349006612309381
PIRAJUÍ,2020-08-10,2020-08-10,2020-08-10,0.0788650984424284,0.0835042218802182,0.101397983711693
SEVERÍNIA,2020-08-10,2020-08-10,2020-10-04,0.1249870459798,0.133009055275166,0.199539945259708
ITAJOBI,2020-08-10,2020-08-10,2020-08-10,0.064266929651545,0.0680473372781068,0.0826289095519863
PEDRANÓPOLIS,2020-08-10,2020-08-10,2020-08-10,0.00918801026559657,0.00972848145769034,0.0118131560557668
BILAC,2020-08-10,2020-08-10,2020-08-10,0.0361966055539722,0.0383258176453825,0.0465384928551074
SANTO ANTÔNIO DO JARDIM,2020-08-10,2020-08-10,2020-10-25,0.0191641507770215,0.0203619102005854,0.0269801449290474
SEBASTIANÓPOLIS DO SUL,2020-08-10,2020-09-21,2020-10-23,0.0108094238418782,0.0131257289508521,0.0271085271626157
MARINÓPOLIS,2020-08-10,2020-08-10,2020-08-10,0.0117402353393733,0.0124308374181599,0.0150945882934799
PIRACICABA,2020-08-10,2020-08-10,2020-08-10,2.94168153575541,3.11472162609397,3.78216197454267
CAJAMAR,2020-08-10,2020-08-10,2020-08-10,0.4954323824469,0.524575463767306,0.636984491717442
LINS,2020-08-10,2020-08-10,2020-08-10,0.652709359605911,0.691104027818025,0.839197748064741
NEVES PAULISTA,2020-08-10,2020-08-10,2020-08-10,0.0655071102269378,0.0693604696520518,0.0842234274346343
TAMBAÚ,2020-08-10,2020-08-10,2020-09-28,0.323028768375887,0.363407364422874,0.41532270219757
GUAREÍ,2020-08-10,2020-08-10,2020-08-10,0.0796649043967204,0.0843510752435863,0.102426305652926
IPIGUÁ,2020-08-10,2020-08-10,2020-08-10,0.0479818313870037,0.0508042920568279,0.0616909260690051
ARAPEÍ,2020-08-10,2020-08-10,2020-08-10,0.00219721980715537,0.0023264680311057,0.00282499689491411
POTIRENDABA,2020-08-10,2020-08-10,2020-08-10,0.0941394855476005,0.0996771023445175,0.121036481418343
CÂNDIDO MOTA,2020-08-10,2020-08-10,2020-11-06,0.062942843004508,0.0708106983800714,0.0809265124343672
ITAJU,2020-08-10,2020-08-10,2020-09-23,0.0229661648363806,0.0246125919765302,0.0340012025413179
ARARAQUARA,2020-08-10,2020-08-10,2020-10-17,0.141478683284316,0.156412447796438,0.186595283144296
PORTO FERREIRA,2020-08-10,2020-08-10,2020-08-10,0.676622017133457,0.716423312258954,0.869942593457303
BERTIOGA,2020-08-10,2020-08-10,2020-08-10,0.458385706788043,0.485349571893217,0.589353051584624
SÃO PEDRO DO TURVO,2020-08-10,2020-08-10,2020-08-10,0.0611244942066,0.0647200526893411,0.0785886354084857
ITATINGA,2020-08-10,2020-08-10,2020-08-10,0.0996103032031179,0.105469732803301,0.12807038983258
PACAEMBU,2020-08-10,2020-10-09,2020-11-06,0.0991087344028516,0.169103098677964,0.406193685001742
RIBEIRA,2020-08-10,2020-08-10,2020-08-10,0.00768532018886009,0.00813739784702833,0.00988112595710583
CAIEIRAS,2020-08-10,2020-08-10,2020-08-10,0.636491604644476,0.673932287270617,0.818346348828598
CASTILHO,2020-08-10,2020-08-10,2020-08-10,0.0583816218612456,0.0618158349119071,0.0750620852501731
PRAIA GRANDE,2020-08-10,2020-08-10,2020-08-10,1.83830575365641,1.94644138622442,2.36353596898681
LEME,2020-08-10,2020-08-10,2020-08-10,0.751269786478623,0.795462126859718,0.965918296901087
CABREÚVA,2020-08-10,2020-08-10,2020-08-10,0.379285193289569,0.401596087012486,0.487652391372301
PIQUETE,2020-08-10,2020-09-28,2020-10-16,0.0500966116031418,0.102536989410151,0.240941681257757
CERQUILHO,2020-08-10,2020-08-10,2020-10-22,0.123181574370561,0.130880422768721,0.159688873239872
TAUBATÉ,2020-08-10,2020-08-10,2020-11-03,1.96851498356148,2.20345099569155,3.10621392165609
CATANDUVA,2020-08-10,2020-08-10,2020-09-25,1.1515099096475,1.26221569607598,1.88811664016211
NOVA CAMPINA,2020-08-10,2020-11-06,2020-12-31,0.00870848556189208,0.0128642303483228,0.0285032791564062
VOTORANTIM,2020-08-10,2020-08-10,2020-08-10,0.750209964009933,0.794339961892867,0.964555668012771
SANTÓPOLIS DO AGUAPEÍ,2020-08-10,2020-08-10,2020-08-10,0.0131775660772526,0.0139527170229734,0.0169425849564677
TABATINGA,2020-08-10,2020-08-10,2020-08-10,0.0293915753839689,0.0311204915830254,0.0377891683508169
NOVA ALIANÇA,2020-08-10,2020-08-10,2020-10-05,0.0386276779490182,0.0423031305978503,0.055604426356846
SANTANA DE PARNAÍBA,2020-08-10,2020-08-10,2020-08-10,0.941586379630905,0.996973813726839,1.21061105952546
GUARIBA,2020-08-10,2020-08-10,2020-08-10,0.464876146537048,0.492221802215695,0.597697902690488
PIRACAIA,2020-08-10,2020-08-10,2020-08-10,0.117370594911129,0.124274747552959,0.150905050600022
PAULO DE FARIA,2020-08-10,2020-08-10,2020-09-24,0.0685697803154699,0.0771410028549038,0.0881611461198899
MONTE ALTO,2020-08-10,2020-08-10,2020-08-10,0.174439997355084,0.184701173670089,0.224279996599393
APARECIDA DOESTE,2020-08-10,2020-08-10,2020-11-17,0.00792691081737735,0.00898383225969433,0.0124735432131333
CRUZEIRO,2020-08-10,2020-10-01,2020-11-07,0.264486810767087,0.335961872773259,0.657459901056107
PANORAMA,2020-08-10,2020-08-10,2020-08-10,0.0396976107760425,0.0420327643511031,0.051039785283483
GUAÍRA,2020-08-10,2020-08-10,2020-10-06,0.191640832782776,0.215595936880622,0.246395356434997
SÃO JOSÉ DOS CAMPOS,2020-08-10,2020-08-10,2020-08-10,4.05078046901645,4.28906167307625,5.20814631730687
APIAÍ,2020-08-10,2020-08-10,2020-08-10,0.0202442580584608,0.0214350967677817,0.0260283317894494
TAIAÇU,2020-08-10,2020-09-01,2020-09-25,0.0571974617195697,0.0648237899488456,0.108666526792705
JAGUARIÚNA,2020-08-10,2020-08-10,2020-08-10,0.0752410621569499,0.0796670069897125,0.0967385084875065
LIMEIRA,2020-08-10,2020-08-10,2020-10-16,4.19034249250052,4.66057698175382,5.94626668904817
AVAÍ,2020-08-10,2020-10-13,2020-11-30,0.00563578462531417,0.00774947428332951,0.0177788320463887
ARAMINA,2020-08-10,2020-08-10,2020-08-10,0.0162526665943523,0.0172087058057848,0.02089628562131
RAFARD,2020-08-10,2020-08-10,2020-08-10,0.0424138192933665,0.0449087498400351,0.0545320533771856
LUCIANÓPOLIS,2020-09-15,2020-09-27,2020-10-18,0.00525439292200602,0.0129894783585346,0.0334471024752493
SANTA SALETE,2020-08-10,2020-08-10,2020-08-10,0.0115700870011215,0.0122506803541287,0.0148758261442989
BOM JESUS DOS PERDÕES,2020-08-10,2020-09-29,2020-10-29,0.0835741512871651,0.119189009856698,0.270272067376521
SUZANO,2020-08-10,2020-08-10,2020-08-10,1.44377390354146,1.52870178022036,1.85628073312472
OSCAR BRESSANE,2020-08-10,2020-08-10,2020-08-10,0.00377657058027048,0.00399872179087462,0.00485559074606204
ARCO-ÍRIS,2020-08-19,2020-08-23,2020-08-26,0.000317013217653718,0.000513438832040375,0.000656996684560518
IACANGA,2020-08-10,2020-08-10,2020-08-10,0.0892145050486604,0.0944624171103463,0.114704363633992
UBATUBA,2020-08-10,2020-08-10,2020-08-10,0.363920786464671,0.38532789155083,0.46789815402601
SÃO SEBASTIÃO,2020-08-10,2020-08-10,2020-10-09,0.551235149232106,0.610304878502046,0.966598847870237
CRISTAIS PAULISTA,2020-10-07,2020-11-09,2020-12-25,0.00654846298696971,0.020563814703236,0.0531164515629832
DESCALVADO,2020-08-10,2020-09-22,2020-10-08,0.107573165905325,0.180853304304478,0.409842594935427
JÚLIO MESQUITA,2020-10-19,2020-11-15,2020-12-31,0.00258852882471761,0.0116829563283503,0.0351896811164472
JABOTICABAL,2020-08-10,2020-09-30,2020-11-26,0.404593948580423,0.491207160983844,0.876937611462054
JOSÉ BONIFÁCIO,2020-08-10,2020-08-10,2020-08-10,0.270390603660202,0.286295933287272,0.347645061848832
BORÁ,2020-09-14,2020-09-26,2020-10-20,0.00246380639602568,0.00651710355813204,0.0153641072054425
ICÉM,2020-08-10,2020-08-10,2020-08-10,0.0340296676503573,0.0360314128062607,0.0437524298361738
CORDEIRÓPOLIS,2020-08-10,2020-08-10,2020-08-10,0.150012423825107,0.158836684050113,0.192873116346565
SÃO JOSÉ DO BARREIRO,2020-08-17,2020-08-21,2020-08-24,0.00117237817059572,0.00171065869980306,0.00206159934045463
PALMARES PAULISTA,2020-08-10,2020-08-10,2020-09-30,0.227984771890408,0.256482868376708,0.334708966758086
ZACARIAS,2020-08-10,2020-08-10,2020-08-10,0.0197372072372072,0.0208982194276312,0.0253764093049807
SÃO JOSÉ DO RIO PARDO,2020-10-07,2020-10-29,2020-12-07,0.081281959618277,0.278868792963548,0.770931601046335
SANTO ANTÔNIO DE POSSE,2020-08-10,2020-09-07,2020-09-23,0.227108217301396,0.279249868697349,0.609277547197159
FERNANDO PRESTES,2020-08-10,2020-08-10,2020-08-10,0.0163342404721716,0.0172950781470052,0.0210011663213634
TACIBA,2020-08-10,2020-09-20,2020-10-18,0.0300728865790334,0.0381766346610812,0.0779395369096667
TABAPUÃ,2020-08-10,2020-08-10,2020-09-29,0.0849777125462055,0.0955999266144811,0.129293262142799
SANTANA DA PONTE PENSA,2020-08-10,2020-08-10,2020-08-10,0.00272237341202858,0.00288251302450085,0.00350019438689389
CAJATI,2020-08-10,2020-08-10,2020-08-10,0.298107040719053,0.315642748996643,0.383280480924496
MACATUBA,2020-08-10,2020-08-10,2020-08-10,0.0589523161114496,0.0624200994121233,0.0757958350004353
HOLAMBRA,2020-08-10,2020-08-10,2020-08-10,0.078712819603098,0.0833429854621037,0.101202196632554
JUMIRIM,2020-08-10,2020-08-10,2020-08-10,0.0239931947359535,0.025404559132186,0.0308483932319402
GUARANI DOESTE,2020-08-10,2020-09-07,2020-09-19,0.0106172563069115,0.0196404527940623,0.0491970047309627
BANANAL,2020-08-10,2020-08-10,2020-08-10,0.0936015637848178,0.0991075381251011,0.120344867723337
BOCAINA,2020-08-10,2020-08-10,2020-08-10,0.00746729337411711,0.00790654592553564,0.00960080576672162
RIBEIRÃO PIRES,2020-08-10,2020-08-10,2020-08-10,0.437415273384545,0.463145583583639,0.562391065780133
TUPÃ,2020-08-10,2020-08-10,2020-08-10,0.688687326782564,0.72919834600507,0.885455134434725
SALTINHO,2020-08-10,2020-08-10,2020-08-10,0.0288051072206286,0.0304995252924303,0.0370351378550939
AVANHANDAVA,2020-08-10,2020-08-10,2020-08-10,0.0627185423423669,0.0664078683625062,0.0806381258687572
PIRAJU,2020-08-10,2020-08-10,2020-08-10,0.0142795610136623,0.0151195351909363,0.0183594355889944
TRABIJU,2020-08-10,2020-08-10,2020-08-10,0.00106878455941704,0.00113165423938275,0.00137415157639334
SANTA GERTRUDES,2020-08-10,2020-08-10,2020-08-10,0.162784774551651,0.172360349525277,0.209294710137836
ITAPIRA,2020-08-10,2020-08-10,2020-08-10,0.187028845554796,0.198030542352136,0.24046565857045
BENTO DE ABREU,2020-08-10,2020-08-10,2020-08-10,0.0120099336400277,0.0127164003247352,0.0154413432514642
CAJURU,2020-08-10,2020-08-10,2020-08-10,0.118598382749326,0.125574758205169,0.152483634963419
OCAUÇU,2020-08-10,2020-08-10,2020-10-19,0.0140695766715959,0.0152975697879501,0.0211613803728099
AMÉRICO BRASILIENSE,2020-08-10,2020-09-29,2020-11-08,0.0785085128571783,0.0913112584965363,0.157699117649292
URUPÊS,2020-08-10,2020-09-11,2020-10-01,0.154877845177806,0.187061358816223,0.391995767079784
RIBEIRÃO CORRENTE,2020-09-21,2020-10-07,2020-10-26,2.10438897119421e-06,2.06683742242874e-05,0.000142490150468877
MONTE APRAZÍVEL,2020-08-10,2020-08-10,2020-08-10,0.157302673431706,0.166555771868865,0.202246294412193
BASTOS,2020-08-10,2020-11-12,2020-12-22,0.0142670444143551,0.0345919800996442,0.0838147787188746
SÃO LOURENÇO DA SERRA,2020-08-10,2020-08-10,2020-08-10,0.0499261720191955,0.0528630056673833,0.0641907925961078
AMÉRICO DE CAMPOS,2020-08-10,2020-08-10,2020-08-10,0.0649966652121825,0.068819998459958,0.0835671409870917
CAÇAPAVA,2020-08-10,2020-08-10,2020-08-10,0.47294074946295,0.500760793549006,0.608066677880938
CEDRAL,2020-08-10,2020-08-10,2020-08-10,0.0632951818296648,0.0670184278196446,0.0813795194952829
OSVALDO CRUZ,2020-09-25,2020-10-14,2020-11-11,0.0417880693728447,0.111348272624231,0.265413865890187
OURO VERDE,2020-10-23,2020-11-27,2020-12-31,0.00551111837132473,0.0227529875676801,0.0647664854559156
VOTUPORANGA,2020-08-10,2020-08-10,2020-08-10,0.95712799360868,1.01342964029154,1.23059313463973
PAULISTÂNIA,2020-09-10,2020-10-02,2020-10-17,3.9021853339375e-07,3.7271762620737e-06,2.19475042245402e-05
ADAMANTINA,2020-08-10,2020-08-10,2020-08-10,0.0339370207211616,0.0359333160577009,0.0436333123557793
JUNQUEIRÓPOLIS,2020-08-10,2020-08-10,2020-10-09,0.0602738592934671,0.0641492501583125,0.0774949619487435
JACI,2020-08-10,2020-08-10,2020-08-10,0.0828622407286201,0.0877364901832447,0.106537166651083
ITARIRI,2020-08-10,2020-08-10,2020-08-10,0.0402811896640358,0.0426506714089792,0.0517901009966177
GAVIÃO PEIXOTO,2020-08-10,2020-08-10,2020-08-10,0.0333995174817826,0.035364194980711,0.0429422367622919
REGINÓPOLIS,2020-08-10,2020-08-10,2020-12-14,0.00915494791377802,0.0102844167098997,0.0156670184519765
PARIQUERA-AÇU,2020-08-10,2020-08-10,2020-08-10,0.0194208464885159,0.0205632492231338,0.0249696597709486
QUADRA,2020-08-10,2020-08-10,2020-08-10,0.00374893667749273,0.00396946236440407,0.00482006144249066
ANGATUBA,2020-08-10,2020-08-10,2020-08-10,0.0866004372500822,0.0916945806177338,0.111343419321534
VINHEDO,2020-08-10,2020-08-10,2020-08-10,0.240510197040937,0.254657855690404,0.309227396195489
ÁGUAS DE SANTA BÁRBARA,2020-09-17,2020-09-27,2020-10-13,0.0163113601212597,0.042165658261525,0.110559053228891
ADOLFO,2020-08-10,2020-08-10,2020-08-10,0.0146327570896538,0.015493507506692,0.0188135448295546
ARAÇATUBA,2020-08-10,2020-08-10,2020-08-10,1.4784634112084,1.56543184716182,1.9008815286965
EMBU DAS ARTES,2020-08-10,2020-08-10,2020-10-01,0.963038443267948,1.03162613902285,1.23819228420163
TABOÃO DA SERRA,2020-08-10,2020-08-10,2020-08-10,1.93257486315338,2.04625573745651,2.48473910976861
SANTA MERCEDES,2020-09-12,2020-09-29,2020-10-14,7.02967865945495e-07,6.97267343162233e-06,3.21791510176077e-05
SÃO JOAQUIM DA BARRA,2020-08-10,2020-08-10,2020-08-10,0.260591867149245,0.275920800510965,0.335046686334742
PLATINA,2020-08-17,2020-08-21,2020-08-24,0.000374392754282953,0.000546545408051275,0.000659239523489143
JUQUIÁ,2020-08-10,2020-09-17,2020-10-15,0.0651063252603499,0.0777841174384029,0.161474648880239
OLÍMPIA,2020-08-10,2020-08-10,2020-08-10,0.354127377023417,0.374958399201265,0.455306627601535
MERIDIANO,2020-08-10,2020-08-20,2020-09-22,0.0327885856536972,0.0371603970741902,0.0616410937121641
URÂNIA,2020-08-10,2020-08-10,2020-08-10,0.109327217125382,0.115758229897463,0.140563564875491
MONTE AZUL PAULISTA,2020-08-10,2020-08-10,2020-08-10,0.0320117481228865,0.0338947921301154,0.0411579618722828
MONÇÕES,2020-08-10,2020-08-10,2020-08-10,0.00476415347105008,0.00504439779287647,0.00612534017706423
NOVA CASTILHO,2020-08-10,2020-08-10,2020-08-10,0.00400331121334263,0.00423880010824496,0.00514711441715487
ITAPEVI,2020-08-10,2020-08-10,2020-08-10,1.48052343274497,1.56761304643587,1.90353012781497
AGUDOS,2020-08-10,2020-08-10,2020-08-10,0.105070936929344,0.111251580278129,0.135091204623442
PEDREIRA,2020-08-10,2020-08-10,2020-11-07,0.155590011321265,0.1763353461641,0.268466678135887
QUINTANA,2020-08-10,2020-08-10,2020-10-18,0.0251771372018032,0.0271026961730676,0.0395887621851518
POÁ,2020-08-10,2020-08-10,2020-10-20,0.520610578336274,0.574942719988826,0.669356457860928
BOITUVA,2020-08-10,2020-08-10,2020-08-10,0.127742885942467,0.135257173350848,0.164240853354601
SANTA ROSA DE VITERBO,2020-08-10,2020-08-10,2020-08-10,0.0687895822903233,0.0728360283074012,0.0884437486589871
JACAREÍ,2020-08-10,2020-08-10,2020-08-10,1.32033602789666,1.39800285306704,1.69757489300999
ITIRAPUÃ,2020-10-17,2020-11-09,2020-12-24,0.00718384945810802,0.0214198959636615,0.0520615694601121
PERUÍBE,2020-08-10,2020-08-10,2020-10-15,0.319580508504288,0.358172672756822,0.484847041645949
BARRA DO CHAPÉU,2020-08-10,2020-08-10,2020-08-10,0.0204317048923354,0.0216335698860022,0.0262693348615741
TAQUARITUBA,2020-08-10,2020-08-10,2020-08-10,0.0262010293828667,0.0277422664053879,0.0336870377779714
CÁSSIA DOS COQUEIROS,2020-08-10,2020-08-10,2020-08-10,0.0228433329869753,0.0241870584567974,0.0293699995546825
DOURADO,2020-08-10,2020-08-10,2020-12-11,0.00877032035521633,0.0094389233203076,0.0129533053302905
GUARAÇAÍ,2020-08-10,2020-08-10,2020-08-10,0.0135111753450312,0.0143059503653271,0.0173715111578972
MOMBUCA,2020-08-10,2020-08-10,2020-08-10,0.0106601577903114,0.0112872258956238,0.0137059171589718
COLÔMBIA,2020-08-10,2020-08-10,2020-08-10,0.0124045523976186,0.0131342319504197,0.0159487102255096
TAPIRATIBA,2020-08-10,2020-08-10,2020-08-10,0.0419242958324977,0.0443904308814682,0.0539026660703541
INDIAPORÃ,2020-09-17,2020-10-05,2020-10-31,0.00855671059138563,0.0172036762116625,0.0382189254255863
VARGEM,2020-08-10,2020-08-10,2020-08-10,0.00558907594814895,0.00591784512156957,0.00718595479047735
TAQUARIVAÍ,2020-08-10,2020-10-19,2020-11-17,0.00809770322338431,0.0227112682313159,0.0526872256175781
REGISTRO,2020-08-10,2020-08-10,2020-08-10,0.271111456740201,0.287059189489622,0.348571872951684
MAIRIPORÃ,2020-08-10,2020-08-10,2020-08-10,0.435781128682933,0.461415312723105,0.560290022592341
EUCLIDES DA CUNHA PAULISTA,2020-08-10,2020-08-10,2020-08-10,0.006235226823462,0.0066020048719011,0.00801672020159394
PITANGUEIRAS,2020-08-10,2020-08-10,2020-08-10,0.123750734861846,0.131030189853719,0.159108087679516
BREJO ALEGRE,2020-08-10,2020-09-14,2020-10-01,0.0133235201319057,0.0201233505665536,0.0460765189649612
ATIBAIA,2020-08-10,2020-08-10,2020-08-10,0.778902868561687,0.824720684359434,1.0014465452936
COSMÓPOLIS,2020-08-10,2020-08-10,2020-08-10,0.208285370274812,0.220537450879213,0.267795476067615
ELISIÁRIO,2020-08-10,2020-08-10,2020-08-10,0.0173551305016822,0.0183760205311929,0.0223137392164485
LAVRINHAS,2020-09-16,2020-09-26,2020-10-14,0.0292393590493523,0.0721242392207513,0.185700491715998
BIRIGUI,2020-08-10,2020-08-10,2020-08-10,0.958077846839515,1.01443536724184,1.23181437450795
PONTALINDA,2020-08-10,2020-08-10,2020-08-10,0.0134417187218912,0.014232408058473,0.0172822097852885
CAPÃO BONITO,2020-08-10,2020-08-10,2020-08-10,0.182768071257279,0.193519134272414,0.234987520187932
ESTRELA DOESTE,2020-08-10,2020-08-10,2020-08-10,0.0357759192884641,0.037880385128962,0.0459976105137399
SANTA CRUZ DO RIO PARDO,2020-08-10,2020-08-10,2020-08-10,0.105464230278664,0.111668008530351,0.13559686750114
TURIÚBA,2020-08-10,2020-08-10,2020-08-17,0.00250206950833909,0.00266699454151853,0.00321694651072169
AGUAÍ,2020-08-10,2020-08-10,2020-08-10,0.0568840665921115,0.0602301881563534,0.0731366570470007
MENDONÇA,2020-08-10,2020-08-10,2020-08-10,0.0521763392857144,0.0552455357142856,0.0670838647959187
TAQUARITINGA,2020-08-10,2020-08-10,2020-08-10,0.0732117423200673,0.0775183153977181,0.0941293829829437
ITUVERAVA,2020-08-10,2020-08-10,2020-08-10,0.062214508683757,0.0658741856651545,0.0799900825934019
SERRA AZUL,2020-08-10,2020-08-10,2020-08-10,0.0703470822667081,0.0744851459294553,0.0904462486286244
SANTA CLARA DOESTE,2020-08-10,2020-08-10,2020-08-10,0.012761125368884,0.0135117798023479,0.0164071611885652
ANALÂNDIA,2020-08-10,2020-08-10,2020-11-02,0.0187319919118863,0.0203447902740749,0.0280852310001747
DOBRADA,2020-08-10,2020-08-10,2020-09-27,0.00570222367668005,0.0061622109753889,0.00704252682901588
SÃO BENTO DO SAPUCAÍ,2020-08-10,2020-08-10,2020-08-10,0.0131833188429321,0.013958808186634,0.0169499813694841
BARRETOS,2020-08-10,2020-08-10,2020-08-10,1.0447030960283,1.10615621932408,1.34318969489352
SILVEIRAS,2020-08-10,2020-08-10,2020-08-10,0.016039704592234,0.0169832166270713,0.0206224773328723
ECHAPORÃ,2020-08-10,2020-08-10,2020-08-10,0.00447593550254277,0.00473922582622177,0.00575477421755499
PEDREGULHO,2020-09-25,2020-10-15,2020-11-13,0.0318816256158607,0.0703187785998249,0.149969519243579
ITABERÁ,2020-08-10,2020-08-10,2020-08-10,0.0358023452700556,0.0379083655800589,0.0460315867757858
NARANDIBA,2020-08-10,2020-08-10,2020-10-04,0.0374113609407727,0.0400106935207375,0.048100321209565
PEREIRAS,2020-09-20,2020-10-03,2020-10-25,0.0177555036448349,0.065923952538002,0.187237404814339
NOVA INDEPENDÊNCIA,2020-08-10,2020-08-10,2020-10-06,0.0185447504735722,0.0204665934843499,0.0296070726795297
MARÍLIA,2020-08-10,2020-08-10,2020-08-10,0.19975207611721,0.211502198241753,0.256824097864985
AREIAS,2020-08-10,2020-08-10,2020-08-10,0.0158199826115185,0.0167505698239608,0.0203399776433809
ITIRAPINA,2020-08-10,2020-08-10,2020-08-10,0.0555689076303469,0.0588376669027202,0.0714457383818745
SANTA CRUZ DAS PALMEIRAS,2020-08-10,2020-08-10,2020-08-10,0.254782408280429,0.269769608767513,0.327577382074836
CÂNDIDO RODRIGUES,2020-08-10,2020-10-08,2020-11-21,0.0040580413740366,0.00563112162623403,0.0110457505320921
BAURU,2020-08-10,2020-08-10,2020-08-10,1.81374643874643,1.92043740573152,2.33195970695971
MONTEIRO LOBATO,2020-08-10,2020-08-10,2020-08-10,0.0325188531458991,0.0344317268603638,0.0418099540447274
QUELUZ,2020-08-10,2020-08-10,2020-08-10,0.13139374446789,0.139122788260119,0.168934814315858
PLANALTO,2020-08-10,2020-08-10,2020-08-10,0.0313072942383288,0.0331488997817599,0.0402522354492798
SAGRES,2020-08-10,2020-10-28,2020-12-04,0.00251771372018032,0.00573050447051597,0.0128516296651804
ORIENTE,2020-08-10,2020-08-10,2020-08-10,0.0144069173988095,0.0152543831281513,0.0185231795127552
SÃO PAULO,2020-08-10,2020-08-10,2020-08-10,63.6601440313152,67.4048583860986,81.848756611691
FERNÃO,2020-08-10,2020-08-10,2020-08-10,0.00293733267354371,0.00311011694845804,0.00377657058027048
SALTO DE PIRAPORA,2020-08-10,2020-08-10,2020-08-10,0.20032041147579,0.212103965092012,0.257554814754586
RIBEIRÃO PRETO,2020-08-10,2020-08-10,2020-08-10,6.78531789883658,7.18445424582694,8.72398015564704
ASSIS,2020-08-10,2020-08-10,2020-08-10,0.109474553919,0.115914233561291,0.140752997895856
FRANCA,2020-09-12,2020-09-25,2020-10-12,1.72139291705921,3.72483221077331,8.49186402213962
ILHA SOLTEIRA,2020-08-10,2020-10-10,2020-11-14,0.0435360094451003,0.0717117296184875,0.167783648531643
SÃO LUIZ DO PARAITINGA,2020-08-10,2020-08-10,2020-12-31,0.00307610773001787,0.00346062119627,0.00412721527849591
JARINU,2020-08-10,2020-08-10,2020-08-10,0.0581039755351682,0.0615218564490014,0.0747051114023591
TORRE DE PEDRA,2020-08-10,2020-10-05,2020-10-30,0.00361574205483572,0.0100101258237495,0.0230843710085296
PAULÍNIA,2020-08-10,2020-08-10,2020-08-10,1.17803562190525,1.2473318349585,1.5146172281639
SÃO CAETANO DO SUL,2020-08-10,2020-08-10,2020-08-10,1.6332421756305,1.72931524478526,2.09988279723922
GUARARAPES,2020-08-10,2020-08-10,2020-08-10,0.108923425929695,0.115330686278501,0.140044404766751
MONTE CASTELO,2020-09-05,2020-09-12,2020-09-22,0.0292396773793173,0.0642503739576855,0.159295378574006
CANANÉIA,2020-08-10,2020-08-10,2020-08-10,0.0280402627696645,0.0296896899914092,0.0360517664181401
CUNHA,2020-08-10,2020-11-05,2020-12-31,0.0279252452398562,0.0390757329901841,0.0740408737257887
VARGEM GRANDE PAULISTA,2020-08-10,2020-08-10,2020-08-10,0.105973025048169,0.112206732403944,0.13625103220479
GUARATINGUETÁ,2020-08-10,2020-09-29,2020-11-06,0.687361529461551,0.834653285774742,1.51954917044363
UCHOA,2020-08-10,2020-08-10,2020-08-10,0.129088224437062,0.136681649403947,0.165970574276223
SANTA BRANCA,2020-08-10,2020-08-10,2020-08-10,0.0795393570190237,0.0842181427260251,0.102264887595887
VALPARAÍSO,2020-08-10,2020-08-10,2020-08-10,0.111976911976912,0.118563789152024,0.143970315398887
REGENTE FEIJÓ,2020-08-10,2020-08-10,2020-08-10,0.0214076120938866,0.022666883393527,0.0275240726921399
ÁLVARES MACHADO,2020-08-10,2020-08-10,2020-08-10,0.0401132925642731,0.0424728980092297,0.0515742332969227
CONCHAL,2020-08-10,2020-08-10,2020-08-10,0.195738641979547,0.20725267974305,0.251663968259418
RIBEIRÃO BRANCO,2020-08-10,2020-08-10,2020-08-10,0.0487361768074055,0.0516030107372529,0.0626607987523786
SARUTAIÁ,2020-08-10,2020-08-10,2020-08-10,0.0132315198383477,0.014009844534721,0.0170119540778755
ASPÁSIA,2020-08-10,2020-08-10,2020-08-10,0.00425370845629468,0.0045039266007826,0.00546905372952173
LORENA,2020-08-10,2020-10-10,2020-11-12,0.252140729709605,0.376103323774776,0.781495338685673
BOA ESPERANÇA DO SUL,2020-08-10,2020-09-21,2020-10-11,0.049147389974443,0.0693711243454875,0.142142654045286
PRESIDENTE ALVES,2020-08-10,2020-08-10,2020-10-18,0.0120678858863438,0.0132495330460483,0.018732372497836
ITAPUÍ,2020-08-10,2020-08-10,2020-08-10,0.0762449955041413,0.0807299952396794,0.0980292799338964
JUQUITIBA,2020-08-10,2020-08-10,2020-09-10,0.111368485217922,0.118468649545461,0.141440491584895
NOVA GUATAPORANGA,2020-09-13,2020-09-27,2020-10-08,8.31229570636084e-07,8.11205839671901e-06,4.44274427182148e-05
SÃO MIGUEL ARCANJO,2020-08-10,2020-09-29,2020-11-27,0.0940073842658329,0.106541702167945,0.175628099946845
TAGUAÍ,2020-08-10,2020-08-10,2020-08-10,0.0231879110038369,0.0245519057687684,0.0298130284335045
NOVAIS,2020-08-10,2020-09-27,2020-10-15,0.0163342404721716,0.0347679492964021,0.084249541043107
SÃO JOÃO DA BOA VISTA,2020-08-10,2020-10-31,2020-12-20,0.110281117397454,0.170067842073268,0.367475788529163
PIRAPORA DO BOM JESUS,2020-08-10,2020-08-10,2020-08-10,0.131072821290357,0.138782987248613,0.168522198801888
TEODORO SAMPAIO,2020-08-10,2020-08-10,2020-08-10,0.101842038116548,0.107832746241051,0.130939763292704
SANTA ALBERTINA,2020-08-10,2020-08-10,2020-08-10,0.0258625474142716,0.0273838737327581,0.033251846675492
NANTES,2020-08-10,2020-08-10,2020-11-18,0.00660200487190107,0.00701463017639488,0.00984629681955851
RIVERSUL,2020-08-10,2020-08-10,2020-08-10,0.00281170250811957,0.00297709677330316,0.00361504608186802
MARTINÓPOLIS,2020-08-10,2020-08-10,2020-08-10,0.163157894736843,0.172755417956656,0.209774436090225
ELDORADO,2020-08-10,2020-08-10,2020-08-10,0.100062460543524,0.105948487634319,0.128651734984531
ANDRADINA,2020-08-10,2020-08-10,2020-08-10,0.0335592769803297,0.0355333520968193,0.0431476418318528
MATÃO,2020-08-10,2020-08-10,2020-12-11,0.122770884613453,0.139140335895246,0.191583530479043
ALFREDO MARCONDES,2020-08-10,2020-08-10,2020-08-10,0.0153802261645399,0.0162849453506893,0.0197745764972657
RINCÃO,2020-08-10,2020-08-10,2020-08-10,0.0284563888944787,0.0301302941235657,0.0365867857214726
MARACAÍ,2020-08-10,2020-08-10,2020-08-10,0.0234986613883497,0.0248809355876644,0.0302125646421638
TERRA ROXA,2020-08-10,2020-09-22,2020-10-16,0.0371386296581928,0.049288298942495,0.117688499611581
ÁGUAS DA PRATA,2020-08-10,2020-10-29,2020-11-30,0.00975155427293339,0.0259898825440935,0.0700195722577677
SÃO JOSÉ DO RIO PRETO,2020-08-10,2020-08-10,2020-08-10,5.33147761508917,5.64509394538857,6.85475693368608
PRESIDENTE VENCESLAU,2020-08-10,2020-08-10,2020-08-10,0.0563402022073003,0.0596543317489076,0.0724374028379593
SANTO ANTÔNIO DO PINHAL,2020-08-10,2020-08-10,2020-08-10,0.0199947002451135,0.0211708590830617,0.0257074717437176
PAULICÉIA,2020-08-10,2020-08-10,2020-11-30,0.0134240765728655,0.014503352615717,0.0217143757691876
CARDOSO,2020-08-10,2020-08-10,2020-08-10,0.0316475909148322,0.0335092139098223,0.0406897597476417
CONCHAS,2020-08-10,2020-08-10,2020-08-10,0.0238391376451075,0.025241439859526,0.0306503198294248
ELIAS FAUSTO,2020-08-10,2020-08-10,2020-08-10,0.129736388426768,0.137367940687167,0.166803927977274
SÃO PEDRO,2020-08-10,2020-08-10,2020-08-10,0.0682459108855049,0.0722603762317107,0.0877447425670779
MOGI MIRIM,2020-08-10,2020-08-10,2020-08-10,0.980174559851235,1.03783188690131,1.26022443409444
IPEÚNA,2020-08-10,2020-08-10,2020-08-10,0.0669095010242949,0.070845354025724,0.0860265013169506
NUPORANGA,2020-08-10,2020-10-02,2020-10-22,0.0205517590483422,0.0404255239255051,0.0909002213660002
CAPIVARI,2020-08-10,2020-08-10,2020-08-10,0.0950341726412867,0.100624418090774,0.12218679339594
LUCÉLIA,2020-08-10,2020-08-10,2020-08-10,0.00909174398953994,0.00962655245951272,0.0116893851294089
RIO CLARO,2020-08-10,2020-08-10,2020-08-10,1.51834801416126,1.60766260322957,1.95216173249305
SANTA RITA DO PASSA QUATRO,2020-08-10,2020-08-10,2020-11-09,0.100596174945316,0.106992693760447,0.145388062011095
PINHALZINHO,2020-08-10,2020-08-10,2020-08-10,0.0670689113777876,0.0710141414588339,0.0862314574857268
DUMONT,2020-08-10,2020-08-10,2020-08-10,0.127195831404749,0.13467793913444,0.163537497520391
JAÚ,2020-08-10,2020-08-10,2020-08-10,0.569779376996621,0.603295810937603,0.732573484709945
BOM SUCESSO DE ITARARÉ,2020-09-05,2020-09-18,2020-11-27,7.03895943715689e-08,7.21663350912931e-07,2.38548812791577e-06
ITATIBA,2020-08-10,2020-09-23,2020-10-16,0.266983609334632,0.368831589131409,0.734382154934131
PEREIRA BARRETO,2020-08-10,2020-08-10,2020-08-10,0.0941043083900226,0.0996398559423772,0.120991253644315
JOÃO RAMALHO,2020-09-10,2020-09-21,2020-10-06,0.0196817646350445,0.0456631519163202,0.119626431204601
SANTO ANDRÉ,2020-08-10,2020-08-10,2020-08-10,3.7364460304301,3.95623697339659,4.80400203912444
COTIA,2020-08-10,2020-08-10,2020-08-10,1.53306992435552,1.62325050814113,1.97108990274282
ESTIVA GERBI,2020-08-10,2020-08-10,2020-08-10,0.0325051809097783,0.0344172503750588,0.0417923754554286
LOUVEIRA,2020-08-10,2020-08-10,2020-08-10,0.130385487528343,0.138055222088834,0.167638483965014
CACONDE,2020-08-10,2020-08-10,2020-08-10,0.0275185906565734,0.0291373312834306,0.0353810451298801
PRACINHA,2020-09-10,2020-10-03,2020-11-15,5.36430833090151e-08,5.3507131072265e-07,2.4510989528293e-06
SANTA BÁRBARA DOESTE,2020-08-10,2020-08-10,2020-08-10,1.5213752194316,1.61086787939817,1.95605385355492
SÃO SEBASTIÃO DA GRAMA,2020-08-10,2020-08-10,2020-08-10,0.0448793122788413,0.0475192718246555,0.0577019729299386
NATIVIDADE DA SERRA,2020-08-10,2020-11-03,2020-12-16,0.00632799304460741,0.0179565650507225,0.0410119593069886
SANTA LÚCIA,2020-09-20,2020-10-03,2020-10-22,0.0184051422087723,0.0472076711543548,0.121920048107378
PATROCÍNIO PAULISTA,2020-10-01,2020-10-24,2020-11-26,0.0179195351989729,0.0485188579013596,0.108402204242625
ILHABELA,2020-08-10,2020-08-10,2020-08-10,0.171329529418983,0.181407737031865,0.220280823538692
MOTUCA,2020-08-10,2020-08-10,2020-08-10,0.00601191314672089,0.00636555509652803,0.00772960261721256
SERTÃOZINHO,2020-08-10,2020-08-10,2020-08-10,0.901312772299931,0.954331170670514,1.15883070724277
MAIRINQUE,2020-08-10,2020-08-10,2020-08-10,0.0638263071058773,0.067580795759163,0.0820623948504125
RIBEIRÃO GRANDE,2020-08-10,2020-08-10,2020-08-10,0.0238057479020788,0.0252060860139658,0.0306073901598156
ARIRANHA,2020-08-10,2020-08-10,2020-08-10,0.0144626087514017,0.0153133504426606,0.0185947826803736
PALESTINA,2020-08-10,2020-08-10,2020-08-10,0.046280348004486,0.0490027214165147,0.0595033045771962
VARGEM GRANDE DO SUL,2020-08-10,2020-08-10,2020-08-10,0.0760916734933438,0.0805676542870699,0.0978321516342992
TANABI,2020-08-10,2020-08-10,2020-08-10,0.391409395973156,0.414433478089222,0.503240651965484
SUZANÁPOLIS,2020-08-10,2020-08-10,2020-08-10,0.0196829467989343,0.0208407671988716,0.025306645884344
MIRASSOL,2020-08-10,2020-08-10,2020-08-10,0.399872807826338,0.423394737698477,0.514122181491004
LAVÍNIA,2020-08-10,2020-08-10,2020-10-26,0.0390830404012308,0.0435360094451004,0.0525369704759586
RINÓPOLIS,2020-08-10,2020-08-10,2020-08-10,0.0152461553055364,0.0161429879705679,0.0196021996785468
VITÓRIA BRASIL,2020-08-10,2020-08-10,2020-08-10,0.0156536471191644,0.0165744498908799,0.0201261177246399
TRÊS FRONTEIRAS,2020-08-10,2020-08-10,2020-08-10,0.101068112921562,0.107013296034594,0.129944716613435
COSMORAMA,2020-08-10,2020-08-10,2020-08-10,0.207228168140221,0.219418060383763,0.266436216180283
TIETÊ,2020-08-10,2020-08-10,2020-08-10,0.205192378282778,0.217262518181765,0.263818772077857
CANAS,2020-08-10,2020-08-10,2020-08-10,0.015600260630803,0.0165179230208503,0.0200574779538896
GÁLIA,2020-08-10,2020-08-10,2020-11-06,0.0131480605387194,0.0147915681060594,0.0170073383021784
IEPÊ,2020-08-10,2020-10-10,2020-11-18,0.0208100695233049,0.0282241056358949,0.052223600979902
NIPOÃ,2020-08-10,2020-08-10,2020-08-10,0.0166745371486751,0.0176553922750677,0.0214386906197251
SARAPUÍ,2020-08-10,2020-08-10,2020-08-10,0.00112468100324781,0.00119083870932124,0.00144601843274716
TAPIRAÍ,2020-08-10,2020-08-10,2020-08-10,0.0168702150487173,0.0178625806398183,0.021690276491208
SERRA NEGRA,2020-08-10,2020-08-10,2020-08-10,0.0549592468234648,0.0581921436954334,0.0706618887730262
BRAGANÇA PAULISTA,2020-08-10,2020-09-22,2020-10-22,0.545913935051885,0.711709326892631,1.39212044149237
JARDINÓPOLIS,2020-08-10,2020-08-10,2020-08-10,0.579251248972366,0.613324851853093,0.744751605821612
ENGENHEIRO COELHO,2020-08-10,2020-08-10,2020-08-10,0.258396888278043,0.273596705235574,0.332224570643199
PONGAÍ,2020-08-10,2020-08-10,2020-08-10,0.0187337360087496,0.0198357204798525,0.0240862320112494
AREALVA,2020-08-10,2020-08-10,2020-08-10,0.0246289676198945,0.0260777304210648,0.031665815511293
SALES OLIVEIRA,2020-08-10,2020-08-10,2020-08-10,0.085981849079799,0.0910396049080224,0.110548091674027
BOTUCATU,2020-08-10,2020-08-10,2020-08-10,0.295730746331383,0.313126672586172,0.380225245283206
BARIRI,2020-08-10,2020-08-10,2020-08-10,0.220987991542485,0.23398728516263,0.28412741769748
FARTURA,2020-08-10,2020-08-10,2020-08-10,0.00903935513708887,0.00957108190985889,0.0116220280334001
FLORA RICA,2020-09-10,2020-09-20,2020-10-11,0.006366443552553,0.0146918119478462,0.0347065673582986
PARANAPANEMA,2020-08-10,2020-10-11,2020-11-13,0.0300656812168394,0.0444848038667984,0.0987093339794782
MARIÁPOLIS,2020-08-10,2020-08-10,2020-08-10,0.00657403026935972,0.00696073793226323,0.00845232463203393
GUAIMBÊ,2020-08-10,2020-08-10,2020-08-10,0.00769301414499557,0.00814554438881876,0.00989101818642268
PRESIDENTE EPITÁCIO,2020-08-10,2020-08-10,2020-08-10,0.180140398550725,0.19073689258312,0.231609083850932
ITAPEVA,2020-08-10,2020-08-10,2020-08-10,0.121148459383754,0.128274839347504,0.155762304921969
CERQUEIRA CÉSAR,2020-08-10,2020-08-10,2020-08-10,0.0319652558470973,0.0338455650145733,0.0410981860891249
LUÍS ANTÔNIO,2020-08-10,2020-08-10,2020-08-10,0.0829248366013076,0.0878027681660907,0.106617647058824
DRACENA,2020-08-10,2020-08-10,2020-08-10,0.163378545006164,0.172989047653587,0.210058129293641
ITAPETININGA,2020-08-10,2020-08-10,2020-08-10,0.230541834444608,0.244103118823702,0.29641093000021
SUD MENNUCCI,2020-08-10,2020-08-10,2020-08-10,0.0525434596751211,0.0556342514207165,0.0675558767251557
AMERICANA,2020-08-10,2020-08-10,2020-08-10,1.60986151264413,1.70455924868203,2.06982194482818
PIQUEROBI,2020-09-22,2020-10-09,2020-11-05,0.00806500035818286,0.0228083371655124,0.0539956741995915
MACAUBAL,2020-08-10,2020-08-10,2020-11-08,0.0183760205311931,0.0194569629153807,0.0236263121115337
MIRANDÓPOLIS,2020-08-10,2020-08-10,2020-08-10,0.00478784877001814,0.00506948693296039,0.0061558055614519
POPULINA,2020-08-10,2020-08-10,2020-08-10,0.00850741691258916,0.00900785320156494,0.0109381074590433
POTIM,2020-08-10,2020-08-10,2020-08-10,0.0424063422780983,0.0449008330003393,0.0545224400718405
JANDIRA,2020-08-10,2020-08-10,2020-08-10,0.642225689027562,0.680003670735061,0.825718743035438
PILAR DO SUL,2020-08-10,2020-10-15,2020-12-19,0.028381655905489,0.037349890063703,0.0756570424126188
SANTA FÉ DO SUL,2020-08-10,2020-08-10,2020-08-10,0.495871477293125,0.525040387722132,0.637549042234017
IPUÃ,2020-08-10,2020-08-10,2020-08-10,0.15756504098473,0.166833572807361,0.202583624123225
OURINHOS,2020-08-10,2020-08-10,2020-08-10,0.217890343388351,0.230707422411195,0.280144727213594
JALES,2020-08-10,2020-08-10,2020-10-01,0.0379972565157747,0.0427469135802472,0.0615009368561879
LENÇÓIS PAULISTA,2020-08-10,2020-08-10,2020-08-10,0.202385133891987,0.214290141767982,0.260209457861123
NOVA ODESSA,2020-08-10,2020-08-10,2020-08-10,0.478937363368502,0.507110149449002,0.615776610045216
GUAPIAÇU,2020-08-10,2020-08-10,2020-08-10,0.295146878951842,0.312508460066656,0.379474558652369
SÃO BERNARDO DO CAMPO,2020-08-10,2020-08-10,2020-08-10,5.89055883300273,6.23706229376762,7.57357564243216
IBIRÁ,2020-08-10,2020-08-10,2020-08-10,0.0513847981520392,0.0544074333374534,0.0660661690526219
BRAÚNA,2020-08-10,2020-08-10,2020-08-10,0.0208505792361589,0.0220770838971101,0.0268078875893476
ITAOCA,2020-08-10,2020-08-10,2020-08-10,0.0106844695308543,0.0113129677385516,0.0137371751110984
PIRAPOZINHO,2020-08-10,2020-09-26,2020-11-10,0.0809235843870262,0.0951242018390497,0.16920909273337
GASTÃO VIDIGAL,2020-08-10,2020-08-10,2020-08-10,0.00569800569800627,0.00603318250377072,0.0073260073260073
AREIÓPOLIS,2020-08-10,2020-08-10,2020-08-10,0.00812231910868855,0.00860010258567012,0.0104429817111709
MACEDÔNIA,2020-08-10,2020-08-10,2020-09-21,0.0316475909148323,0.0335092139098224,0.0406897597476416
EMBAÚBA,2020-08-10,2020-08-10,2020-10-18,0.00900785320156516,0.00973306601205448,0.0144920042908028
TURMALINA,2020-08-10,2020-09-11,2020-10-06,0.00936816732962777,0.0107872988753076,0.0205153909691327
NOVO HORIZONTE,2020-08-10,2020-08-10,2020-08-10,0.113488941613942,0.120164761708879,0.145914353503639
PRESIDENTE PRUDENTE,2020-08-10,2020-08-10,2020-08-10,0.985570860116312,1.04354561659375,1.26716253443526
NOVA GRANADA,2020-08-10,2020-08-10,2020-08-10,0.158089033659066,0.167388388580187,0.203257328990228
PINDAMONHANGABA,2020-08-10,2020-08-10,2020-08-10,0.384232552878633,0.406834467753846,0.49401328227253
BRODOWSKI,2020-08-10,2020-08-10,2020-08-10,0.255613126079448,0.270649192319414,0.328645447816433
SUMARÉ,2020-08-10,2020-08-10,2020-08-10,1.88171257936963,1.99240155462667,2.41934474490382
IRAPURU,2020-08-10,2020-08-10,2020-08-10,0.00665090861169304,0.00704213853002789,0.00855116821503388
ILHA COMPRIDA,2020-08-10,2020-08-10,2020-08-10,0.0737327188940089,0.0780699376524803,0.0947992100065829
CRUZÁLIA,2020-08-10,2020-08-10,2020-08-10,0.00167847581345355,0.00177720968483317,0.00215804033158313
SÃO JOÃO DO PAU DALHO,2020-09-13,2020-09-25,2020-10-06,5.38374538001254e-07,5.25259234749782e-06,3.00346441860794e-05
PIRATININGA,2020-08-10,2020-08-10,2020-08-10,0.141481481481481,0.149803921568627,0.181904761904762
ITU,2020-08-10,2020-08-10,2020-08-10,0.694908512330947,0.735785483644534,0.893453801568363
ITANHAÉM,2020-08-10,2020-08-10,2020-08-10,0.36418858731232,0.385611445389515,0.468242469401552
IARAS,2020-08-10,2020-09-23,2020-10-10,0.0275110808520098,0.0481107230398581,0.116260775456503
IGARAPAVA,2020-08-10,2020-09-20,2020-10-15,0.123791657893225,0.166115036262919,0.330380435262732
BALBINOS,2020-08-10,2020-08-10,2020-08-10,0.0288211323211532,0.0305164930459269,0.0370557415557684
DIVINOLÂNDIA,2020-08-10,2020-08-10,2020-08-10,0.032135803853985,0.0340261452571604,0.0413174620979806
SANTA CRUZ DA CONCEIÇÃO,2020-08-10,2020-08-10,2020-08-10,0.0238152461272914,0.0252161429583085,0.0306196021636604
POMPÉIA,2020-08-10,2020-08-10,2020-08-10,0.0212606936370783,0.0225113226745535,0.0273351775333861
FLORÍNEA,2020-09-24,2020-10-11,2020-11-16,0.00609745305619996,0.0194098649103225,0.0483971175472056
GUARÁ,2020-08-10,2020-09-13,2020-10-08,0.113614466287654,0.134073468460691,0.244749972989011
PEDRO DE TOLEDO,2020-08-10,2020-08-10,2020-08-10,0.0213504538855314,0.0226063629376214,0.0274505835671117
ITAÍ,2020-08-10,2020-08-10,2020-12-16,0.0221398698285222,0.0249073535570875,0.0284655469223857
CAJOBI,2020-08-10,2020-09-15,2020-10-12,0.0565619343671298,0.06789909111485,0.126334493874573
RIFAINA,2020-08-10,2020-09-10,2020-09-24,0.0226266376275981,0.0345075846530294,0.08190430745876
IBITINGA,2020-08-10,2020-08-10,2020-08-10,0.482249360976994,0.510616970446229,0.620034892684707
SÃO SIMÃO,2020-08-10,2020-08-10,2020-08-10,0.0467249992915404,0.0494735286616308,0.0600749990891232
BOFETE,2020-08-10,2020-09-29,2020-10-20,0.0218516585053106,0.0510868598874872,0.12655010084175
MINEIROS DO TIETÊ,2020-08-10,2020-08-10,2020-08-10,0.0727078565374546,0.0769847892749516,0.0934815298338698
JOANÓPOLIS,2020-08-10,2020-08-10,2020-08-10,0.0381920189790179,0.0404386083307249,0.0491040244015945
BARRA BONITA,2020-08-10,2020-08-10,2020-08-10,0.114948979591837,0.12171068427371,0.147791545189504
ANHEMBI,2020-08-10,2020-10-23,2020-12-10,0.00751642030420983,0.010698805963349,0.018862135622159
ÓLEO,2020-09-18,2020-10-07,2020-10-25,3.4308231539341e-07,3.40305820605012e-06,2.36582028862813e-05
BEBEDOURO,2020-08-10,2020-08-10,2020-08-10,0.389907018964205,0.412842725962101,0.50130902438255
RESTINGA,2020-09-22,2020-10-08,2020-10-30,0.017236728224546,0.0432065614630258,0.102292412775162
ALUMÍNIO,2020-08-10,2020-08-10,2020-08-10,0.0280461621041335,0.0296959363455525,0.0360593512767426
CAFELÂNDIA,2020-08-10,2020-08-10,2020-08-10,0.0489959249459604,0.0518780381780757,0.062994760644806
ROSEIRA,2020-08-10,2020-08-10,2020-08-10,0.0485585577381333,0.0514149434874351,0.0624324313775997
FLOREAL,2020-08-10,2020-08-10,2020-08-10,0.00272237341202852,0.00288251302450093,0.00350019438689397
MARABÁ PAULISTA,2020-08-10,2020-08-10,2020-08-10,0.00187056804703856,0.00198060146157042,0.00240501606047827
CANITAR,2020-08-10,2020-08-10,2020-08-10,0.0149664093366275,0.0158467863564291,0.0192425262899496
BURI,2020-08-10,2020-08-10,2020-08-10,0.0791025638950966,0.0837556558889263,0.101703296436553
GETULINA,2020-08-10,2020-08-10,2020-08-10,0.0782100727078565,0.0828106652200833,0.100555807767244
IBIÚNA,2020-08-10,2020-08-10,2020-08-10,0.0988446726572523,0.104659065166503,0.127086007702182
MIRACATU,2020-08-10,2020-08-10,2020-10-26,0.218068535825545,0.245327102803739,0.280373831775702
ANHUMAS,2020-08-10,2020-08-10,2020-08-10,0.00810579487050075,0.00858260633347139,0.0104217362620724
JERIQUARA,2020-08-10,2020-08-10,2020-08-10,0.006291354810717,0.00666143450546506,0.00808888475663614
LOURDES,2020-08-10,2020-08-10,2020-08-10,0.00333609267778545,0.00353233342353754,0.00428926201429558
ONDA VERDE,2020-08-10,2020-08-10,2020-08-10,0.0227998773257394,0.0241410465801946,0.0293141279902363
MAGDA,2020-08-10,2020-08-10,2020-09-28,0.0165043888104233,0.0174752352110366,0.0212199284705443
PROMISSÃO,2020-08-10,2020-08-10,2020-08-10,0.123979269371761,0.131272167570099,0.159401917763693
GLICÉRIO,2020-08-10,2020-08-10,2020-10-20,0.0183681338023953,0.019516142165045,0.0260857322279382
BOREBI,2020-08-10,2020-08-10,2020-10-20,0.00419216470125861,0.00458221855744256,0.00538992604447541
MOGI GUAÇU,2020-08-10,2020-08-10,2020-08-10,0.799860349643119,0.846910958445655,1.02839187811258
IBIRAREMA,2020-08-10,2020-08-10,2020-08-10,0.0328701513467986,0.0348036896613162,0.0422616231601696
ARAÇOIABA DA SERRA,2020-08-10,2020-08-10,2020-08-10,0.189816124469591,0.200981778850155,0.244049302889472
UNIÃO PAULISTA,2020-08-10,2020-08-10,2020-09-16,0.0222894323109841,0.0250756113498571,0.0294366784274811
SANTA ISABEL,2020-08-10,2020-08-10,2020-10-11,0.662420080683916,0.710713505795145,1.05254262887506
NAZARÉ PAULISTA,2020-08-10,2020-08-10,2020-08-10,0.0845347737157529,0.0895074074637385,0.108687566205968
MIRASSOLÂNDIA,2020-08-10,2020-08-10,2020-08-10,0.0507042047990325,0.0536868050813286,0.0651911204558986
INDIANA,2020-08-10,2020-08-10,2020-08-10,0.0268114753408871,0.0283886209491746,0.0344718968668549
BERNARDINO DE CAMPOS,2020-08-10,2020-10-03,2020-10-30,0.0209158090152077,0.036671765919057,0.0782676116852974
GUAPIARA,2020-08-10,2020-08-10,2020-08-10,0.0549645390070923,0.0581977471839803,0.0706686930091189
PEDERNEIRAS,2020-08-10,2020-08-10,2020-08-10,0.124838356709439,0.132181789457054,0.160506458626422
MONGAGUÁ,2020-09-12,2020-09-24,2020-10-11,0.367569478550561,0.894686133360747,2.27332632728267
CACHOEIRA PAULISTA,2020-08-10,2020-08-10,2020-10-25,0.264118951349941,0.280626385809312,0.403464194132891
CATIGUÁ,2020-08-10,2020-08-10,2020-08-10,0.0214386906197253,0.0226997900679442,0.0275640307967895
CLEMENTINA,2020-08-10,2020-08-10,2020-08-10,0.0223518209411626,0.0236666339377016,0.0287380554957805
IGARAÇU DO TIETÊ,2020-08-10,2020-08-10,2020-10-26,0.0642689066510078,0.0694163522212321,0.0888832383701637
ORLÂNDIA,2020-08-10,2020-08-10,2020-08-10,0.154484673352599,0.163572007079221,0.19862315145334
ITAPIRAPUÃ PAULISTA,2020-08-10,2020-08-10,2020-08-10,0.0149957467099708,0.0158778494576164,0.0192802457699626
PEDRINHAS PAULISTA,2020-08-10,2020-08-10,2020-08-10,0.00181834879790799,0.00192531049190259,0.00233787702588173
IRAPUÃ,2020-08-10,2020-08-10,2020-08-10,0.0256923990760198,0.0272037166687268,0.0330330845263111
MOCOCA,2020-08-10,2020-08-10,2020-08-10,0.0734107776702171,0.0777290587096413,0.0943852855759921
ITUPEVA,2020-08-10,2020-08-10,2020-08-10,0.341699271558991,0.361799228709518,0.439327634861559
SOCORRO,2020-08-10,2020-08-10,2020-08-10,0.0290271132376398,0.0307345904869125,0.0373205741626794
AVARÉ,2020-08-10,2020-08-10,2020-08-10,0.0808448744703725,0.0856004553215701,0.103943410033336
GUARANTÃ,2020-08-10,2020-08-10,2020-08-10,0.00853225205172215,0.00903414923123536,0.0109700383522142
PONTAL,2020-08-10,2020-08-10,2020-08-10,0.345352468472768,0.365667319559403,0.444024602322131
GUARUJÁ,2020-08-10,2020-09-12,2020-10-09,2.9938366889138,3.57726276442898,6.89606048677115
BURITAMA,2020-08-10,2020-08-10,2020-08-10,0.109408718170047,0.115844525121227,0.140668351932918
SANTO EXPEDITO,2020-08-10,2020-10-19,2020-11-20,0.00573640867758514,0.0112149352505456,0.028314623490368
SALES,2020-08-10,2020-08-10,2020-08-10,0.0199073555754592,0.0210783764916624,0.0255951714541616
ITAPORANGA,2020-08-10,2020-08-10,2020-08-10,0.0429696881879011,0.0454973169048365,0.0552467419558729
CAMPOS NOVOS PAULISTA,2020-08-10,2020-08-10,2020-08-10,0.0141271714299007,0.0149581815140125,0.018163506124158
JAMBEIRO,2020-08-10,2020-08-10,2020-08-10,0.0123044309200699,0.0130282209741917,0.0158199826115186
CAMPINAS,2020-08-10,2020-08-10,2020-08-10,11.4381056367808,12.1109353801209,14.7061358187182
RIOLÂNDIA,2020-08-10,2020-08-10,2020-08-10,0.118763540099747,0.12574963069385,0.152695980128246
TIMBURI,2020-08-10,2020-08-10,2020-08-10,0.0011189838756357,0.00118480645655545,0.00143869355438875
DOLCINÓPOLIS,2020-08-10,2020-08-10,2020-08-10,0.00986860361860353,0.0104491097138157,0.0126882046524903
MIRANTE DO PARANAPANEMA,2020-10-09,2020-11-04,2020-12-12,0.0202979572087427,0.0601522346970969,0.153043923887353
SÃO VICENTE,2020-08-10,2020-08-10,2020-08-10,3.55406797116376,3.76313079299689,4.56951596292481
TREMEMBÉ,2020-08-10,2020-10-21,2020-11-30,0.073661794034883,0.126819105361934,0.350593649911566
ALTINÓPOLIS,2020-08-10,2020-08-10,2020-08-10,0.0855520797126639,0.0905845549898787,0.109995531059139
INDAIATUBA,2020-08-10,2020-09-17,2020-10-07,2.9002782211581,4.00134983471794,8.24115579229908
MOGI DAS CRUZES,2020-08-10,2020-08-10,2020-10-18,2.70189967938342,3.03963713930636,3.47387101635013
IRACEMÁPOLIS,2020-08-10,2020-08-10,2020-08-10,0.156049111903238,0.165228471426959,0.20063457244702
TORRINHA,2020-08-10,2020-08-10,2020-08-10,0.00248909779137207,0.00263551530851203,0.00320026858890721
PARAPUÃ,2020-08-10,2020-08-10,2020-08-10,0.0153860282899907,0.0162910887776375,0.0197820363728454
UBIRAJARA,2020-08-10,2020-08-10,2020-08-10,0.00237784073572578,0.00251771372018039,0.00305722380307616
COROADOS,2020-08-10,2020-08-10,2020-10-15,0.0263575052817657,0.0296495236738181,0.0372704647422353
BÁLSAMO,2020-08-10,2020-08-10,2020-08-10,0.228443958845489,0.241881838777577,0.29371366137277
MESÓPOLIS,2020-08-10,2020-08-10,2020-08-10,0.00153133504426608,0.00162141357628173,0.00196885934262782
JUNDIAÍ,2020-08-10,2020-08-10,2020-08-10,2.94223694869788,3.11530971038599,3.78287607689725
ARAÇARIGUAMA,2020-08-10,2020-08-10,2020-09-19,0.117351598173516,0.125992850183819,0.150880626223092
PIRASSUNUNGA,2020-08-10,2020-08-10,2020-08-10,0.233439713333894,0.247171461177064,0.300136774286434
ORINDIÚVA,2020-08-10,2020-08-10,2020-08-10,0.0697608186832324,0.0738643962528345,0.089692481164156
FERNANDÓPOLIS,2020-08-10,2020-08-10,2020-09-26,0.280168254592809,0.315189286416906,0.36021632733361
ITÁPOLIS,2020-08-10,2020-08-10,2020-08-10,0.113424761368134,0.120096806154494,0.145831836044743
PARDINHO,2020-08-10,2020-08-10,2020-08-10,0.0138865455729194,0.0147034011948557,0.0178541300223247
IPORANGA,2020-08-10,2020-09-14,2020-10-08,0.0179343812638464,0.0217774629632421,0.0440607289714945
DOIS CÓRREGOS,2020-08-10,2020-10-03,2020-10-25,0.0556509864092085,0.101857969126145,0.230123471639608
CASA BRANCA,2020-08-10,2020-08-10,2020-08-10,0.110074362626293,0.116549325133723,0.141524180519521
ITAQUAQUECETUBA,2020-08-10,2020-08-10,2020-08-10,1.74734171313813,1.85012651979332,2.24658220260616
BURITIZAL,2020-08-10,2020-08-10,2020-08-10,0.0204469031348302,0.0216496621427614,0.0262888754590675
PIACATU,2020-09-27,2020-10-16,2020-11-12,0.0119229941710017,0.0347069671383333,0.0941624862398696
SANTA CRUZ DA ESPERANÇA,2020-08-10,2020-08-10,2020-08-10,0.00181708330578201,0.00192397055906346,0.00233624996457693
ESPÍRITO SANTO DO PINHAL,2020-08-10,2020-08-10,2020-08-10,0.187161246612466,0.198170731707317,0.240635888501742
ITAPURA,2020-08-10,2020-08-10,2020-08-10,0.0130107614433632,0.0137761003517964,0.0167281218557529
SALESÓPOLIS,2020-08-10,2020-08-10,2020-08-10,0.0593422554206864,0.062832976327786,0.0762971855408834
PINDORAMA,2020-08-10,2020-09-12,2020-10-09,0.0977198697068404,0.110749185667752,0.18075621596007
JABORANDI,2020-08-10,2020-08-10,2020-08-10,0.00360132166382487,0.00381316411463795,0.00463027071063182
MURUTINGA DO SUL,2020-08-10,2020-08-10,2020-08-10,0.00283567877611765,0.00300248341000692,0.00364587271215126
CARAPICUÍBA,2020-08-10,2020-09-17,2020-10-17,2.65390600684719,3.08289224485503,6.00851837757966
VISTA ALEGRE DO ALTO,2020-08-10,2020-08-25,2020-10-13,0.0463934967280952,0.0524394645263921,0.0835285707362177
UBARANA,2020-08-10,2020-08-10,2020-08-10,0.0974949978182737,0.103229997689937,0.125350711480638
FRANCISCO MORATO,2020-08-10,2020-08-10,2020-08-10,0.381888053466994,0.404352056612112,0.490998925886146
MANDURI,2020-08-10,2020-08-10,2020-08-10,0.00209608235062933,0.00221938131243106,0.00269496302223771
LUIZIÂNIA,2020-08-10,2020-08-10,2020-08-10,0.00633857608779254,0.00671143350472114,0.00814959782716151
CAPELA DO ALTO,2020-08-10,2020-08-10,2020-08-10,0.0582959653350121,0.0617251397664833,0.0749519554307299
ALTO ALEGRE,2020-08-10,2020-08-10,2020-08-10,0.0193493375311558,0.0204875338565178,0.0248777196829144
CAMPINA DO MONTE ALEGRE,2020-08-10,2020-08-10,2020-08-10,0.00768532018886007,0.00813739784702831,0.00988112595710581
NOVA CANAÃ PAULISTA,2020-08-10,2020-08-10,2020-08-10,0.00612534017706431,0.00648565430512692,0.00787543737051126
MONTE ALEGRE DO SUL,2020-08-10,2020-10-05,2020-11-27,0.0160274972042507,0.0194619608908759,0.0337466599602505
PRATÂNIA,2020-08-10,2020-09-15,2020-10-10,0.0181401257380266,0.0230351934852369,0.0456901116957615
CAMPO LIMPO PAULISTA,2020-08-10,2020-08-10,2020-08-10,0.682743939249512,0.722905347440666,0.877813636177947
FERRAZ DE VASCONCELOS,2020-08-10,2020-08-10,2020-10-24,0.591033094391449,0.65901220390991,0.759899692789006
NOVA LUZITÂNIA,2020-08-10,2020-08-10,2020-08-10,0.0296912248322907,0.0314377674694843,0.038174431927231
SANTOS,2020-08-10,2020-08-10,2020-08-10,3.48894531047512,3.69417738756187,4.48578682775371
SANTO ANTÔNIO DO ARACANGUÁ,2020-08-10,2020-08-10,2020-08-10,0.0175185985121189,0.0185491043069499,0.0225239123727246
MONTE MOR,2020-08-10,2020-08-10,2020-08-10,0.21346794992766,0.226024888158698,0.274458792764133
LUTÉCIA,2020-08-10,2020-10-21,2020-11-29,0.00303089976208795,0.00546350656046968,0.0113062267367982
SANTA MARIA DA SERRA,2020-08-10,2020-08-10,2020-08-10,0.0269906122775969,0.0285782953527496,0.0347022157854817
RIO DAS PEDRAS,2020-08-10,2020-08-10,2020-08-10,0.286430645100477,0.303279506576978,0.368267972272044
CORONEL MACEDO,2020-09-03,2020-09-12,2020-09-19,1.83133313402806e-07,1.69476419364933e-06,5.56013430030866e-06
SÃO JOÃO DE IRACEMA,2020-08-10,2020-08-10,2020-08-10,0.0102089002951072,0.0108094238418782,0.0131257289508521
FLÓRIDA PAULISTA,2020-08-10,2020-08-10,2020-08-10,0.00433606251808838,0.00459112501915238,0.00557493752325633
IBATÉ,2020-08-10,2020-08-10,2020-08-10,0.0395450286984307,0.0418712068571621,0.0508436083265536
PIEDADE,2020-08-10,2020-08-10,2020-08-10,0.154823428079244,0.16393068855449,0.199058693244741
ITOBI,2020-08-10,2020-08-10,2020-08-10,0.103794952677814,0.10990053812945,0.133450653442903
OUROESTE,2020-08-10,2020-08-10,2020-08-10,0.0369221894006375,0.0390940828947928,0.0474713863722487
NHANDEARA,2020-08-10,2020-08-10,2020-08-10,0.0430475295777022,0.0455797371999198,0.0553468237427595
QUEIROZ,2020-08-10,2020-08-10,2020-08-10,0.002377840735726,0.00251771372018039,0.00305722380307616
CRAVINHOS,2020-08-10,2020-08-10,2020-11-14,0.298908928416271,0.317590736442288,0.391254470386421
SÃO MANUEL,2020-08-10,2020-08-10,2020-08-10,0.0595976687347246,0.0631034139544147,0.0766255740875028
SALTO GRANDE,2020-08-10,2020-10-21,2020-11-25,0.0114870688483226,0.0202960446950035,0.0471778845447672
VIRADOURO,2020-08-10,2020-08-10,2020-08-10,0.0815507542369849,0.0863478574273957,0.104850969733266
DIADEMA,2020-08-10,2020-08-10,2020-08-10,1.72670171398369,1.82827240304158,2.22004506083618
EMILIANÓPOLIS,2020-08-10,2020-08-10,2020-08-10,0.00810579487050056,0.00858260633347152,0.0104217362620722
TAQUARAL,2020-08-10,2020-08-10,2020-09-17,0.0348127760836394,0.0391643730940943,0.0447592835361077
VERA CRUZ,2020-08-10,2020-08-10,2020-08-10,0.00489555445590617,0.00518352824742996,0.00629428430045076
SANTA RITA DOESTE,2020-08-10,2020-09-23,2020-10-20,0.00899659338506321,0.0120076349965774,0.0245658747667614
SOROCABA,2020-08-10,2020-08-10,2020-08-10,3.49728494757653,3.70300759155163,4.49650921831272
POLONI,2020-08-10,2020-08-10,2020-08-10,0.0262028440907751,0.0277441878608207,0.0336893709738537
IPERÓ,2020-08-10,2020-08-10,2020-08-10,0.056796390664015,0.0601373548207216,0.0730239308537335
NOVA EUROPA,2020-08-10,2020-08-10,2020-08-10,0.00734789384599215,0.00778012289575639,0.00944729208770419
ALAMBARI,2020-08-10,2020-08-10,2020-12-14,0.00714503225592731,0.00766204999126201,0.0138302578325209
PRADÓPOLIS,2020-08-10,2020-08-10,2020-08-10,0.0958593306863307,0.10149811484435,0.123247710882424
GUARACI,2020-08-10,2020-09-19,2020-10-12,0.047492429441689,0.0721228343735694,0.14147616316422
DUARTINA,2020-08-10,2020-08-10,2020-08-10,0.0419216470125865,0.0443876262486209,0.0538992604447539
BARRINHA,2020-08-10,2020-08-10,2020-08-10,0.270899470899471,0.286834733893558,0.348299319727891
GENERAL SALGADO,2020-08-10,2020-08-10,2020-08-10,0.0411758978569323,0.0435980094955752,0.0529404401017701
REDENÇÃO DA SERRA,2020-08-10,2020-08-10,2020-08-10,0.00351555169144856,0.00372234884976906,0.00451999503186243
AMPARO,2020-08-10,2020-08-10,2020-08-10,0.286744757707929,0.303612096396634,0.368671831338769
TATUÍ,2020-08-10,2020-08-10,2020-08-10,0.429957018436831,0.455248607756644,0.552801880847348
GUARULHOS,2020-08-10,2020-08-10,2020-08-10,8.00470444259508,8.47556940980667,10.2917628547652
ESPÍRITO SANTO DO TURVO,2020-09-14,2020-09-24,2020-10-09,0.0169844452299922,0.0454438159802835,0.12014644712095
SÃO ROQUE,2020-08-10,2020-08-10,2020-08-10,0.165181565583982,0.17489812826539,0.212376298607975
CAIABU,2020-08-10,2020-09-27,2020-11-02,0.013450187318202,0.0160334404031883,0.0318081887707211
VALENTIM GENTIL,2020-08-10,2020-08-10,2020-09-12,0.185801985370951,0.20902723354232,0.238888266905508
IGARATÁ,2020-08-10,2020-08-10,2020-08-10,0.117621145374449,0.124540036278828,0.151227186910006
RIBEIRÃO BONITO,2020-08-10,2020-08-10,2020-10-15,0.0362050769502522,0.0395720661902401,0.0465493846503244
CHARQUEADA,2020-08-10,2020-08-10,2020-08-10,0.0681174805378628,0.0721243911577369,0.0875796178343951
BORACÉIA,2020-08-10,2020-08-10,2020-10-04,0.0217776791282296,0.0242429972056454,0.0400573003149471
TAIÚVA,2020-08-10,2020-08-10,2020-08-10,0.0102037447141701,0.0108039649914742,0.0131191003467901
DIRCE REIS,2020-08-10,2020-08-10,2020-08-10,0.0037432634415393,0.00396345540868867,0.0048127672819791
SANTO ANTÔNIO DA ALEGRIA,2020-08-10,2020-10-18,2020-11-17,0.0159125759650003,0.0375541228638066,0.0835884729880849
MARAPOAMA,2020-08-10,2020-08-10,2020-10-03,0.0144626087514018,0.0162704348453271,0.0185947826803738
PARISI,2020-08-10,2020-08-10,2020-08-10,0.0238207673552501,0.0252219889643825,0.0306267008853216
SANTO ANASTÁCIO,2020-08-10,2020-10-07,2020-11-05,0.101240496198479,0.157562851629057,0.329650709578356
ARANDU,2020-08-10,2020-10-15,2020-11-20,0.00943237057783186,0.0143108377451326,0.0297999811646754
PARAIBUNA,2020-08-10,2020-08-10,2020-11-04,0.0599107349125543,0.067234926098954,0.0812867408346261
BATATAIS,2020-08-10,2020-08-10,2020-12-07,0.515731874145008,0.584496124031007,0.952439229268393
PEDRA BELA,2020-08-10,2020-08-10,2020-08-10,0.0610140791006262,0.0646031425771336,0.0784466731293766
BIRITIBA-MIRIM,2020-08-10,2020-08-10,2020-08-10,0.329334984264563,0.348707630397771,0.423430694054437
SÃO JOSÉ DA BELA VISTA,2020-08-10,2020-08-10,2020-08-10,0.0230683009726289,0.0244252598533721,0.0296592441076657
LUPÉRCIO,2020-08-10,2020-10-22,2020-12-27,0.00414682259794405,0.0051026029772302,0.00945343076174055
GARÇA,2020-08-10,2020-09-19,2020-10-18,0.143657782857348,0.173160393551364,0.334529764444167
RUBINÉIA,2020-08-10,2020-08-10,2020-08-10,0.0122506803541287,0.0129713086102539,0.0157508747410224
SÃO CARLOS,2020-08-10,2020-08-10,2020-08-10,0.351638857389709,0.372323496059689,0.452107102358195
CAIUÁ,2020-08-10,2020-08-10,2020-08-10,0.0444779513406964,0.0470943014195609,0.0571859374380383
RIBEIRÃO DOS ÍNDIOS,2020-08-10,2020-08-10,2020-08-10,0.0145488625880783,0.0154046780344359,0.0187056804703865
CAMPOS DO JORDÃO,2020-08-10,2020-08-10,2020-10-22,0.14578024862945,0.164002779708131,0.189805852599688
SALMOURÃO,2020-08-10,2020-08-10,2020-08-10,0.0029373326735437,0.00311011694845804,0.00377657058027048
ITARARÉ,2020-08-10,2020-08-10,2020-12-02,0.0863358064257884,0.0917317943274005,0.134954596667802
IGUAPE,2020-08-10,2020-08-10,2020-10-19,0.197340908194263,0.222008521718546,0.253724024821196
PONTES GESTAL,2020-08-10,2020-08-10,2020-08-10,0.0180357238546893,0.0190966487873183,0.0231887878131722
JACUPIRANGA,2020-08-10,2020-08-10,2020-08-10,0.0661502849002851,0.0700414781297134,0.0850503663003659
BADY BASSITT,2020-08-10,2020-08-10,2020-08-10,0.261157669070357,0.276519884898026,0.335774145947601
SANTA ADÉLIA,2020-08-10,2020-08-10,2020-08-10,0.0673787419477074,0.0713421973563961,0.0866298110756238
BORBOREMA,2020-08-10,2020-10-07,2020-11-16,0.0222440786428673,0.030053711912267,0.0583792965019754
PALMEIRA DOESTE,2020-08-10,2020-08-10,2020-08-10,0.0216088389579769,0.0228799471319756,0.0277827929459702
ÁLVARES FLORENCE,2020-08-10,2020-08-10,2020-08-10,0.012761125368884,0.0135117798023476,0.0164071611885652
PENÁPOLIS,2020-08-10,2020-08-10,2020-08-10,0.196095935249657,0.207630990264343,0.252123345320989
HERCULÂNDIA,2020-08-10,2020-08-10,2020-12-24,0.0114037621443464,0.0121164972783676,0.015654523986087
ALTAIR,2020-08-10,2020-08-10,2020-10-23,0.0178065348933558,0.0200323517550252,0.0228941162914573
EMBU-GUAÇU,2020-08-10,2020-08-10,2020-10-12,0.380703367429032,0.426245440939695,0.489475758123039
CUBATÃO,2020-08-10,2020-08-10,2020-08-10,1.33766284421563,1.41634889387535,1.71985222827723
CHAVANTES,2020-08-10,2020-08-10,2020-08-10,0.0201417097614425,0.0213265162179981,0.0258964839789975
PALMITAL,2020-08-10,2020-08-10,2020-11-02,0.0507985768248147,0.0550271027375648,0.073593922414787
PORTO FELIZ,2020-08-10,2020-08-10,2020-08-10,0.150947469546585,0.15982673246109,0.194075317988467
CARAGUATATUBA,2020-08-10,2020-09-15,2020-10-04,0.937132549585769,1.21099711823742,2.47923172099567
SETE BARRAS,2020-08-10,2020-08-10,2020-09-23,0.188753132832081,0.21234727443609,0.242682599355532
PARAGUAÇU PAULISTA,2020-08-10,2020-08-10,2020-08-10,0.0833642987348595,0.0882680810133802,0.107182669801962
