0.988085504029903,0,0,0.000696787443156814,0,0,0,0,0,0,0,2.93934178339664e-05,0,0,0,0,0,4.46501460134192e-07,0,0,0,0,0.00010771219302025,0,7.51772303204805e-06,0,0,0,0,0,0,0,0,0.000238625517021954,0.00010972130787799,0,0,0,0,0,0,0,0,0,0,0,7.61376873938831e-06,0,0,0,0,0,0,0,0,0,0,0,0,0,0,0,0,0,0,9.962739354813e-06,0,0,0,0,4.58820830465703e-05,0,0,0,0,0,0,0,0,0,0,0,0,0,0,0,9.03240374844756e-05,0,0,0,0,0,0,0,0
0.000116808784020558,0.991861428211315,0,7.33460466480857e-05,0,0,0,0,0,1.95730721502586e-06,0,1.95956118893109e-05,1.09885279767922e-05,0,0,0,0,1.04183674031311e-06,1.08743404712504e-06,0,0,0,0,0.0049729814394236,0,0,1.90897984117288e-05,0,0,0,0,0,0,0,0,0,0,0,0,0,0,0,0,0,2.43567385352832e-06,0,0,0,0,0,0,0,0,5.42264060907099e-06,0,0,6.65251897631038e-06,0,3.41565051063975e-05,0,0.000514960971379011,0,0.000428510212826739,2.2488081316902e-05,0,3.9850957419252e-05,0,0,0,0,0,0,0,0,0,0,0,0,0,4.08045015526113e-06,0,2.11682324102573e-06,0,0,3.92038994812017e-05,0,0.000112905046855594,0,0,0,1.21488968801633e-05,0,9.5831336847149e-08,0,0
0,0,0.990826511158461,0,0,0,0,5.30947608744707e-05,2.91468710833892e-05,3.91461443005171e-06,0.00268882175226586,0,3.66284265893074e-06,0,0,0.000527272388916114,0.000635817732250088,1.04183674031311e-05,8.69947237700033e-06,0,1.94801146989153e-05,0,0,0,7.51772303204805e-06,3.39345402718157e-05,0,0,0,0,5.24573652763716e-06,0,0,0,0,0,0,9.05305087814593e-05,0,0.000112223182815721,0,0,0,9.18526683200147e-05,3.65351078029248e-06,0,0,0.000185409998896369,0,0,0,0,0,0,0.000548163651766582,0,0,0,0,0.000230650103792547,0,0,0,0,0,0,0,2.21230984505535e-05,0,0,0,0,0,9.73550577899623e-05,0.000287147287415292,0,0,0.000118098612341305,0,4.08045015526113e-06,0,4.23364648205146e-06,0,2.3693875133278e-05,0,0,0,0,5.91077100096937e-06,0,0,0,0,0,0
0.00724214460927462,0.000252079657171666,0,0.993276612390592,0,0,0,0,0,3.91461443005171e-06,0,0.000244945148616386,2.93027412714459e-05,0,0.00010584810796507,6.2032045754837e-06,0,3.86967932116299e-06,1.30492085655005e-05,0,0,0,0.000430848772081,0.000117472002506069,0,0,0,0,0,0,5.24573652763716e-06,0,0,0.00214762965319758,0.00054860653938995,0,0,0,0,0,4.9573666468372e-05,0,0,0,2.43567385352832e-06,0,1.52275374787766e-05,0,0,0,0,0,4.90713251711362e-06,1.6267921827213e-05,1.66110197505025e-05,0,6.65251897631038e-06,0,3.41565051063975e-05,0,0.000406548135299219,5.6784949716927e-06,0,0,0,5.9776436128878e-05,0,0,3.28597872876436e-05,0,0.000229410415232852,5.37230041903943e-05,6.15441425362341e-06,1.94710115579925e-06,0,0,0,0,0,8.16090031052226e-06,0,2.11682324102573e-06,0,0,1.30679664937339e-05,6.28831944662789e-05,0.00424522976177035,0,0,0,1.21488968801633e-05,0,1.14997604216579e-06,0,0
0,0,0,1.22243411080143e-05,0.995762612114221,0.000688645949901007,0.000386971944534021,0,0,0,0,0,0,0,5.29240539825351e-05,0,0,1.48833820044731e-07,1.08743404712504e-06,0.000357206644043579,0,0,0.00010771219302025,0,0,0,0,6.57591898467811e-05,0.000164690382081686,0,1.57372095829115e-05,0,0.00128799587841319,0,0,2.69570843217598e-05,2.58605084175955e-05,0,0,0,4.9573666468372e-05,0,3.64351818115572e-05,0,0,0,7.61376873938831e-06,0,0,0.000106871860639094,0,0.00306148482013777,0,0,0,0,0,0,0,0,0,0,0,0,0,0,0,0,1.09532624292145e-05,0,4.58820830465703e-05,0,0,1.94710115579925e-06,0,0,0,0,0.000278901129549575,0,0,0,0,0,0,0,0,0,7.88102800129249e-06,0.000407885791978246,0,1.65242824330353e-05,1.34163871586009e-06,0,0
0,0,0,0,0.000564985051437181,0.992338813807351,0.00090293453724605,0,0,0,0,0,0,0,5.29240539825351e-05,0,0,0,0,0.000357206644043579,3.89602293978307e-06,0,0,0,0,1.69672701359078e-05,0,0,3.87506781368674e-05,0,2.09829461105487e-05,0,0.000183999411201884,0,0,0,0.000206884067340764,0,0,0,0.000198294665873488,0,0,0,0,0,0,4.41452378324688e-06,0,0.0017099497702255,0,0.0105451143804745,0,0,0,4.30514895815395e-05,0,2.76992964378705e-05,0,0,2.7103209019948e-05,0,0,0,0,0,0,0,1.09532624292145e-05,0,0,0,0,0,0,0,0,0,0,0,0,0,0,0,0,0,0,4.56079540271823e-05,7.88102800129249e-06,0,0,0,4.79156684235745e-08,0,0
0,0,0,0,0.000117705219049413,0.000602565206163381,0.995033860045147,0,0,0,0,0,0,0,0,0,0,0,0,0,0,0,0,0,0,0,0,0.000460314328927468,0.000174378051615903,0,0,0,0,0,0,5.39141686435195e-05,0.000336186609428741,0,0,0,0,0,0,0,0,0,0,0,0,0,0,0.000765371205034442,0,0,0,0,0,0,0,0,0,0,0,0,0,0,0,0,0,0,0,0,0,0,0,0,0,0,0.000557802259099149,0,0,0,0,0,0,0,0,0,9.85128500161561e-06,0,0,0,0,0,0
0,0,2.24290680722216e-05,0,0,0,0,0.97848998500073,0.000116587484333557,5.87192164507757e-06,0.00013595166163142,1.30637412595406e-05,0,0,0,1.24064091509674e-05,0.00024726245143059,7.88819246237072e-06,7.61203832987529e-06,0,0.00772581348958983,0,0,0,7.51772303204805e-06,1.69672701359078e-05,0,0,6.78136867395179e-05,0,2.62286826381858e-05,0,0,0,0,0,0,0.0125837407206228,0,8.7284697745561e-05,0,0,0,0.000780747680720125,7.30702156058495e-06,0,0,0.00180995475113122,0.000490767437580517,0,0.000121457489878543,0,4.90713251711362e-06,5.42264060907099e-06,0.00026577631600804,0.000215257447907698,6.65251897631038e-06,5.5398592875741e-05,3.41565051063975e-05,0.00019770008896504,0,0,0,0,0,0,0,1.4748732300369e-05,1.09532624292145e-05,8.70170553428472e-05,0,0,0,3.31007196485872e-05,0.000536008269841878,0,0,0.000738116327133156,0,2.04022507763056e-05,9.61168781237985e-05,6.35046972307718e-06,0.00012801638609742,4.73877502665561e-05,0,0,0,4.56079540271823e-05,8.47210510138943e-05,0,0,1.65242824330353e-05,4.79156684235745e-08,0,0
0.000116808784020558,0,3.36436021083324e-05,0,0,0,0,6.63684510930884e-05,0.983940074033053,0,6.04229607250755e-05,0,0,0,0,6.20320457548369e-05,3.53232073472271e-05,6.99518954210233e-06,8.69947237700033e-06,0,2.33761376386984e-05,0,0,0,0,1.69672701359078e-05,0,0,9.68766953421685e-06,0,0,0,0,0,0,0,0,0.000384754662321202,0,0.00087700339163397,0,0,0,0.000367410673280059,4.87134770705663e-06,0,0,3.97307140492219e-05,0,0,0,0,4.90713251711362e-06,5.42264060907099e-06,0.00189365625155728,4.30514895815395e-05,6.65251897631038e-06,2.76992964378705e-05,3.41565051063975e-05,0,0,0,0,0,0,0,7.95038956908888e-05,3.96372180572417e-05,1.09532624292145e-05,0,0,0,6.15441425362341e-06,7.39898439203714e-05,3.82863049887055e-05,0,0,8.85739592559787e-05,0,2.04022507763056e-05,9.61168781237985e-05,0,0,0,0,0.000188649583398837,0,0,4.72861680077549e-05,0,0,0,0,0,0
0.000116808784020558,0,1.12145340361108e-05,2.44486822160286e-05,0,0,0,6.63684510930884e-06,2.91468710833892e-05,0.981660031395208,0,3.59252884637367e-05,1.4651370635723e-05,0,0,2.48128183019348e-05,3.53232073472271e-05,0.000493979448728461,0.00228796123515109,0,7.79204587956614e-06,0,0,3.91573341686898e-05,0.000105248122448673,0,0.00015271838729383,0,0,0,1.04914730552743e-05,0,0,0,0,0,0,2.26326271953648e-05,0,5.40333843186806e-05,0,0,0,9.18526683200147e-05,0.00272551904209819,0,3.80688436969415e-05,3.09016664827282e-05,0,0,4.04858299595142e-05,0,0,0,1.66110197505025e-05,0,0.000472328847318037,0,0.000170782525531988,6.59000296550133e-05,0,0.00124926889377239,7.14183688044565e-05,0.000134928487901412,5.08052634252909e-05,0,0,1.75141196066882e-05,1.09532624292145e-05,0,0,0,0.000910853309536265,7.78840462319698e-05,9.57157624717639e-06,9.56809614023002e-05,0,2.95246530853262e-05,0,0.000146896205589401,0,0.00312019745727192,0,0,1.30679664937339e-05,3.14415972331394e-05,0,0,1.97025700032312e-06,0,0.000182233453202449,1.65242824330353e-05,4.79156684235745e-08,0,0
0,0,0.00396994504878322,0,2.35410438098825e-05,0,0,0.000119463211967559,0.000233174968667114,3.91461443005171e-06,0.989025679758308,3.26593531488515e-06,0,0,0,0.000155080114387092,0.00996114447191805,9.52536448286275e-06,5.43717023562521e-06,0,4.28562523376138e-05,0,0,0,0,0,0,0,9.68766953421685e-06,0,1.57372095829115e-05,0,0,0,0,0,0,0.000384754662321202,0,0.000133005253707521,0,0,0,0.00087260034904014,2.43567385352832e-06,0,7.61376873938831e-06,0.000737225471802229,0,0,0,0,0,0,0.000797328948024119,0,0,0,3.41565051063975e-05,0.00174635078585785,0,0,0,0,0,0,0,2.39666899880996e-05,1.64298936438218e-05,0,0,0,1.84632427608702e-05,6.62014392971744e-05,0.00219189096060339,0,0,0.000354295837023915,0,0,0,2.11682324102573e-06,0,0,0,0,0,0,3.94051400064624e-06,0,0,3.30485648660707e-05,4.79156684235745e-08,0,0
0.000467235136082233,0.000216068277575714,0,0.0007701334898049,0,0,0,6.63684510930884e-06,5.82937421667784e-05,2.15303793652844e-05,0,0.996087409492768,7.32568531786149e-06,0,0,1.24064091509674e-05,0,4.76268224143138e-05,0.000272945945828386,0,3.89602293978307e-06,0,0,0.000195786670843449,7.51772303204805e-06,1.69672701359078e-05,1.90897984117288e-05,0,0,0,4.19658922210973e-05,0,0,0.00787464206172447,0.00032916392363397,0,0,2.26326271953648e-05,0,6.23462126754007e-05,0,0,0,0,2.92280862423398e-05,0,7.61376873938831e-06,2.64871426994813e-05,0,0,0,0,9.81426503422725e-06,0,3.3222039501005e-05,0,1.99575569289311e-05,0,0,3.29500148275067e-05,2.7103209019948e-05,5.6784949716927e-06,0,4.49761626338041e-05,0,0,3.97519478454444e-05,8.29616191895756e-06,0.000273831560730364,0,0.00233998623537509,0,6.15441425362341e-06,2.72594161811894e-05,1.91431524943528e-05,1.913619228046e-05,6.992029086841e-05,0,0,0.000420286365991896,0,2.11682324102573e-05,0,0,1.30679664937339e-05,0,0.000270972112453427,0,1.97025700032312e-06,0,2.42977937603266e-05,6.60971297321414e-05,5.74988021082894e-07,0,0
0,7.20227591919046e-05,0,0.000158916434404186,2.35410438098825e-05,0,0,0,2.91468710833892e-05,9.78653607512928e-06,0,6.53187062977031e-06,0.97831597145913,0.00232068649144584,0,6.2032045754837e-06,0,2.21762391866648e-05,1.73989447540007e-05,0,3.89602293978307e-06,0,0.0002154243860405,0.000156629336674759,0.00023304941399349,0,1.90897984117288e-05,0,0,0,0,0.000115834588208039,0,0,0,0,0,0,0,1.24692425350801e-05,0,0,0,0,4.50599662902739e-05,0,0.0021470827845075,4.41452378324688e-06,0,0,0,0,8.34212527909316e-05,0.0205138494241156,0,0,3.99151138578623e-05,0,0.00498684974553404,0,0.000677580225498699,0,0.00021425510641337,0.000179904650535216,0.0033531473860692,0.0067447745432084,0.0126411194148513,3.68718307509225e-06,1.64298936438218e-05,0,0,0.00037606102933276,6.15441425362341e-06,1.36297080905947e-05,0,0.00011481715368276,0.00153824639910502,0,0,4.08045015526113e-06,0,1.05841162051286e-05,0,0,0.000509650693255622,0.00157207986165697,0.000112905046855594,0,0,0,0.000218680143842939,1.65242824330353e-05,3.83325347388596e-07,0,0
0,0,0,2.44486822160286e-05,0,0,0,0,0,0,0,0,0.000142850863698299,0.990447406767769,0,0,0,4.46501460134192e-07,1.08743404712504e-06,0,0,0,0,0,0,0,0,0,0,0,0,6.95007529248234e-05,0,0,0,0,0,0,0,0,0,0,0,0,0,0,1.52275374787766e-05,0,0,0,0,0,0.000171749638098977,0.00027113203045355,0,0,0,0,0.000717286607234348,0,0,0,0,2.2488081316902e-05,0.000101610526850582,4.9813696774065e-05,0.000238511687072667,0,0,0,0,0,0,0,0,0,0,0,0,0,0,2.11682324102573e-06,0,0,0,0,0,0,0,0,1.21488968801633e-05,0,0,0,0
0,0,0,1.22243411080143e-05,0,4.30403718688129e-05,0,0,0,0,0,6.53187062977031e-06,0,0,0.995554379465467,0,0,7.44169100223653e-07,1.08743404712504e-06,0,7.79204587956614e-06,0,0,0,0,0,0,0,0,0,3.1474419165823e-05,0,0,0,0.000384024577572965,0,2.58605084175955e-05,0,0,0,0.000347015665278604,0,7.28703636231145e-05,0,0,0,0,0,0,0,0,0,0,0,0,0,0,0,0,0,0,0,0,0,0,0,0,0,0,0.000348068221371389,0,0,0,0,0,0,0,0,0,0,0,0,0.000256032772194841,0,0,3.14415972331394e-05,0,0.000182431816108729,0,0,0,1.65242824330353e-05,9.10397700047916e-07,0,0
0,0,0.00112145340361108,1.22243411080143e-05,0,0,0,1.32736902186177e-05,0.000262321839750503,7.82922886010342e-06,0.000226586102719033,3.26593531488515e-06,0,0,0,0.982147177231758,0.000105969622041681,7.24820703617838e-05,1.95738128482508e-05,0,1.16880688193492e-05,0,0,0,1.50354460640961e-05,3.39345402718157e-05,9.54489920586439e-06,0,0,0,1.57372095829115e-05,0,0,0,0,0,0,2.26326271953648e-05,0,0.000694121167786128,0,0,0,4.59263341600074e-05,1.21783692676416e-05,0,0,2.20726189162344e-05,0,0,0,0,0,0,0.000166110197505025,0,0,0,0,0.000131800059310027,0,5.6784949716927e-06,0,0,0,0,0,0.000781682811919557,2.19065248584291e-05,0,0,0,1.84632427608702e-05,0.00273373002274214,9.57157624717639e-05,0,0,2.95246530853262e-05,0,8.16090031052226e-06,0,2.54018788923087e-05,0,0,0,0,0,0,1.97025700032312e-06,0,2.42977937603266e-05,1.65242824330353e-05,0,0,0
0,0,0.000100930806324997,0,0,0,0,2.65473804372354e-05,0,0,0.00222054380664653,0,0,0,0,0,0.977922995407983,1.48833820044731e-06,0,0,1.16880688193492e-05,0,0,0,0,0,0,0,0,0,0,0,0,0,0,0,0,9.05305087814593e-05,0,3.32513134268804e-05,0,0,0,0,0,0,0,0.000397307140492219,0,0,0,0,0,0,0.000149499177754522,0,0,0,0,0.000164750074137533,0,0,0,0,0,0,0,1.84359153754612e-06,0,0,0,0,0,5.84130346739774e-06,0.00153145219954822,0,0,0.00023619722468261,0,0,0,0,0,0,0,0,0,0,1.97025700032312e-06,0,0,0,0,0,0
0.00116808784020558,0.000252079657171666,0.00102052259728608,0.000464524962104543,2.35410438098825e-05,4.30403718688129e-05,0,0.000471216002760928,0.00145734355416946,0.00600697584291435,0.000732628398791541,0.00107449271859722,0.000435878276412758,5.39694532894382e-05,0.00010584810796507,0.00320085356094959,0.000529848110208407,0.993167336989387,0.00965097716823475,0,0.000315577858122429,0,0.0002154243860405,0.000743989349205106,0.00903630308452176,0.0008653307769313,0.00297800855222969,0,1.93753390684337e-05,0,0.000246549616798947,0.00020850225877447,0,0.000477251034043907,0.00021944261575598,5.39141686435195e-05,0,0.000995835596596053,0,0.00258528961893995,4.9573666468372e-05,5.3058842256062e-05,3.64351818115572e-05,0.00165334802976026,0.00847370933642502,0,0.000890810942508432,0.000516499282639885,0.000306729648487823,0.000106871860639094,4.04858299595142e-05,0,0.00056922737198518,0.000357894280198686,0.00162787993554924,8.6102979163079e-05,0.005894131813011,0.000304692260816575,0.00396215459234211,0.000659000296550133,0.000406548135299219,0.00691072838055002,0.000499928581631196,0.00584690114239453,0.000203221053701163,0.000189292047741447,0.00111305453967244,0.002887986143566,0.000624335958465229,0,0.000321174581325992,0.000322338025142366,0.0183401544757978,0.0102845883049316,0.000679581913549523,0.00168398492068048,0.00055936232694728,0.0011219368172424,0,0.00237890244051724,0,0.0127665609666262,0,0,0.000313631195849614,0.00128910548655872,0.000248391103082308,0,0.000200966214032958,0,0.0071799980561765,0.0016359039608705,1.00622903689506e-06,0,0
0.000584043920102792,3.60113795959523e-05,8.97162722888864e-05,0.0001711407755122,2.35410438098825e-05,0,0,5.30947608744707e-05,0.000262321839750503,0.00401835171244808,7.55287009063444e-05,0.000819749764036173,6.59311678607534e-05,5.39694532894382e-05,0,0.00011786088693419,3.53232073472271e-05,0.00135379242712687,0.982425978364412,0,5.8440344096746e-05,0,0.00010771219302025,0.000117472002506069,0.000428510212826739,0.000220574511766802,0.000181353084911423,0,2.90630086026505e-05,0,7.34403113869203e-05,0,0,0.000159083678014636,0.00032916392363397,2.69570843217598e-05,0,9.05305087814593e-05,0,0.000311731063377003,4.9573666468372e-05,0,0,0.000183705336640029,0.000768455100788184,0,0.000197957987224096,0.000105948570797925,0,0,0,0,4.90713251711362e-06,7.04943279179229e-05,0.000166110197505025,0,0.000399151138578623,0,0.00068313010212795,9.885004448252e-05,0,0.000414530132933567,0,0.000202392731852118,0.000101610526850582,6.9739175483691e-05,0.000278263634918111,0.000106006513408902,0.000262878298301149,0,4.58820830465703e-05,5.37230041903943e-05,0.000676985567898575,0.000406944141562042,0.000114858914966117,0.00017222573052414,0,5.90493061706525e-05,0,0.00390907124874016,0,0.00463160925136429,6.40081930487102e-05,0,0,0.000314415972331394,0.000112905046855594,9.12159080543647e-05,3.34943690054931e-05,0,0.000534551462727184,0.00095840838111605,1.91662673694298e-07,0,0
0,0,0,1.22243411080143e-05,0,0,6.44953240890035e-05,0,0,0,0,3.26593531488515e-06,0,0,0,0,0,1.48833820044731e-07,1.08743404712504e-06,0.98106804786569,0,0,0,0,0,0,0,0,0,0,2.62286826381858e-05,0,0,0,0,0,0.000103442033670382,0,0,0,0.00193337299226651,0,7.28703636231145e-05,0,0,0.000188217579521927,0,0,6.13459296975646e-05,0.00085497488511275,0,8.50412450038269e-05,0,0,0,4.30514895815395e-05,0,0,0,0,0,0,0,0,0,0,0,0,5.47663121460727e-06,8.70170553428472e-05,0,0,0,0,0,0,0,0,0,0,0.000288350634371396,0,6.40081930487102e-05,0,0,0,0,0.000547295448326188,0,0,0,0,0,0,0
0,0,4.48581361444432e-05,0,2.35410438098825e-05,0,0,0.0124772688055006,0.000320615581917281,7.82922886010342e-06,5.28700906344411e-05,0,0,0,5.29240539825351e-05,0,0.000141292829388909,1.57763849247414e-05,8.69947237700033e-06,0,0.987895056726094,0,0,0,0,0,0,0.000131518379693562,4.84383476710842e-05,0,1.04914730552743e-05,0,0,0,0,8.08712529652793e-05,5.1721016835191e-05,0.00267065000905305,0.000233954612805116,0.000120536011172441,0,0,0,0.00105630568568017,2.43567385352832e-06,0.000564652738565782,1.52275374787766e-05,0.000516499282639885,0.00803631679038096,0,0.00251012145748988,0,0,5.42264060907099e-06,0.000448497533263567,0.00344411916652316,6.65251897631038e-06,0.000387790150130187,0,3.29500148275067e-05,2.7103209019948e-05,0,0,0,0,9.962739354813e-06,0,1.75141196066882e-05,0,0,0,0,6.15441425362341e-06,4.47833265833827e-05,0.000201003101190704,0,0,0.000147623265426631,0,4.08045015526113e-06,0.00067281814686659,4.23364648205146e-06,0,2.3693875133278e-05,0,3.14415972331394e-05,0,0.000136823862081547,0.000535909904087889,0,1.21488968801633e-05,0,4.79156684235745e-08,0,0
0,0,0,0,0,0,0,0,0,0,0,0,0,0,0,0,0,0,0,0,0,0.996082783834955,0,0,0,0,0,6.57591898467811e-05,0.000416569789971325,0.000545454545454545,0,0,7.35997644807537e-05,0,0,2.69570843217598e-05,0,0,0,0,0,0.000636706107072744,0,0,0,0,0,0,0,0,0,0,0,0,0,0,0,0,0,0,0,0,0,0,0,0,0,0,0,0,0,0,0,0,0,0,0,0,0,0,0,0,0,0,0,0,0,0,0,0.000135961930659415,0,0,0,0,0
0,7.20227591919046e-05,0,0,0,0,0,0,0,0,0,0,1.4651370635723e-05,0,0,0,0,1.48833820044731e-07,0,0,0,0,0.991598448944421,3.91573341686898e-05,7.51772303204805e-06,0,0,0,0,0,0,0,0,0,0,0,0,0,0,0,0,0,0,0,0,0,7.61376873938831e-06,0,0,0,0,0,0,0,0,0,6.65251897631038e-06,0,0,0,0.000108412836079792,0,0,0,5.08052634252909e-05,4.9813696774065e-05,0,0,0,0,0,0,0,0,0,0,6.992029086841e-05,0,0,0,0,0,0,0,0.00060112645871176,0,0.00020322908434007,0,0,0,0,0,1.43747005270724e-07,0,0
0,0.0053656955597969,0,6.11217055400714e-05,0,0,0,0,0,3.91461443005171e-06,0,1.30637412595406e-05,1.4651370635723e-05,0,0,0,0,2.08367348062623e-06,6.52460428275025e-06,0,0,0,0,0.990680554467852,7.51772303204805e-06,0,0.000200442883323152,0,0,0,0,0,0,0,0,0,0,0,0,0,0,0,0,0,8.52485848734911e-06,0,0,0,0,0,0,0,0,0,0,0,6.65251897631038e-06,0,6.8313010212795e-05,0,0.000487857762359063,5.6784949716927e-06,0.000428510212826739,0,0,6.9739175483691e-05,0,9.21795768773062e-07,5.47663121460727e-06,0,0,0.000107446008380789,0,3.89420231159849e-06,0,5.74085768413801e-05,0,0,0,0,0,2.11682324102573e-06,0,0,7.84077989624035e-05,0,9.03240374844756e-05,0,0,0,1.21488968801633e-05,0,0,0,0
0,3.60113795959523e-05,1.12145340361108e-05,1.22243411080143e-05,0,0,0,0,5.82937421667784e-05,2.7402301010362e-05,1.51057401812689e-05,9.79780594465546e-06,6.95940105196841e-05,5.39694532894382e-05,0,0,0,0.000185744607415824,4.13224937907516e-05,0,3.89602293978307e-06,0,0,0,0.982949804163315,0,6.68142944410507e-05,0,0,0,5.24573652763716e-06,0.000139001505849647,0,0,0,0,0,2.26326271953648e-05,0,2.07820708918002e-05,0,0,0,0,0.000110823160335538,0,1.52275374787766e-05,0,0,0,0,0,0.000171749638098977,5.96490466997809e-05,0,0,3.32625948815519e-05,0,0.000170782525531988,3.29500148275067e-05,0,2.83924748584635e-05,0,0.00708374561482414,0,6.9739175483691e-05,0.000119255843536333,6.45257038141144e-06,1.09532624292145e-05,0,0,0,1.84632427608702e-05,1.5576809246394e-05,0,0.000344451461048281,0,0,0,1.63218006210445e-05,0,2.75187021333345e-05,0,0,0,3.14415972331394e-05,2.25810093711189e-05,0,1.97025700032312e-06,0,0.00405773155797454,4.9572847299106e-05,0,0,0
0,0,2.24290680722216e-05,2.44486822160286e-05,0,4.30403718688129e-05,0,6.63684510930884e-06,0.000145734355416946,1.95730721502586e-06,0,0,0,0,0,2.48128183019348e-05,7.06464146944543e-05,8.63236156259437e-06,6.52460428275025e-06,0,3.89602293978307e-06,0,0,0,0,0.993637273699035,9.54489920586439e-06,0,0,0,0.000393430239572787,0,0,0,0,0,2.58605084175955e-05,0,0,0.000710746824499568,4.9573666468372e-05,0,3.64351818115572e-05,0,2.43567385352832e-06,0,7.61376873938831e-06,0,0,0.000106871860639094,0,8.50412450038269e-05,0,0,9.96661185030149e-05,0,0,0,0,0,0,0,0,2.2488081316902e-05,0,0,0,2.48884857568727e-05,1.64298936438218e-05,0,0,0,0,3.89420231159849e-05,0,0,0,2.95246530853262e-05,0,1.63218006210445e-05,0,6.35046972307718e-06,6.40081930487102e-05,0,0,3.14415972331394e-05,2.25810093711189e-05,0.000136823862081547,1.97025700032312e-06,0,0,0.000743592709486591,0,0,0
0,0.000180056897979762,0,0,0,0,0,6.63684510930884e-06,0,2.7402301010362e-05,0,3.26593531488515e-06,7.32568531786149e-06,0,0,6.2032045754837e-06,0,4.47989798334639e-05,2.06612468953758e-05,0,0,0,0,0.000430730675855588,3.00708921281922e-05,0,0.988803833231521,0,0,0,0,0,0,0,0,0,0,0,0,4.15641417836005e-06,0,0,0,0,0.000323944622519266,0,7.61376873938831e-06,0,0,0,0,0,0,0,0,0,0.00197579813596418,0,0.00013662602042559,0,0,0.000113569899433854,0.000142836737608913,8.99523252676082e-05,0,9.962739354813e-06,0,9.21795768773062e-07,0,0,0,5.37230041903943e-05,9.23162138043512e-05,3.89420231159849e-06,9.57157624717639e-06,0.00158830395927818,0,0,0,4.08045015526113e-06,0,2.75187021333345e-05,0,0,1.30679664937339e-05,0,0,0,1.97025700032312e-06,0,0.00139712314121878,0,0,0,0
0,0,0,0,2.35410438098825e-05,4.30403718688129e-05,0.000193485972267011,6.63684510930884e-06,0,0,0,0,0,0,0,0,0,0,0,0,3.89602293978307e-06,0,0,0,0,0,0,0.992766489116854,0.000300317755560722,0,0,0,0,0,0,5.39141686435195e-05,0.000155163050505573,0,0.00187163690244093,0,0,0,0,0,0,0,0,4.41452378324688e-06,0,0,0,0,0,0,0,0,0,0,0,0,0,0,0,0,0,0,0,0,0,0,0,0,0,0,0,0,0,0,0,0,0,0,0,2.3693875133278e-05,0,0,0,0,2.56133410042006e-05,0,0,0,0,0,0
0,0,0,2.44486822160286e-05,0.000353115657148238,0,0.000773943889068043,1.32736902186177e-05,0,0,2.26586102719033e-05,0,0,0,0,0,0,7.44169100223653e-07,3.26230214137513e-06,0,1.94801146989153e-05,0.00235032969902722,0,0,0,0,0,0.00210429407509699,0.996619003332558,0.000454545454545455,0,0,0.000331198940163391,0,0.000164581961816985,0.00140176838473151,2.58605084175955e-05,0,0.00116977306402558,4.15641417836005e-06,0,0.000848941476096992,0,0,0,0,0,0,0,0,0,0.000170082490007654,0,0,0,0,6.65251897631038e-06,0,0,0,0,0,0,0,0,0,0,0,5.47663121460727e-06,0,0,0,0,3.89420231159849e-06,0,0,0,0,0.00209175847162181,0,0,0,0,2.3693875133278e-05,0,3.14415972331394e-05,0,0.000136823862081547,7.09292520116324e-05,0.00489462950373895,0,0,3.35409678965022e-07,0,0
0,0,0,0,0,0,0,0,0,0,0,0,0,0,0,0,0,1.48833820044731e-07,0,0,0,0.000522295488672717,0,0,0,0,0,0,7.75013562737348e-05,0.998454545454545,0,0,0,0,0,0,0,0,0,0,0,0.00026529421128031,0,0,0,0,0,0,0,0,0,0,0,0,0,0,0,0,0,0,0,0,0,0,0,0,0,0,0,0,0,0,0,0,0,0,0,0,0,0,0,0,0,0,0,0,0,0,0,0,0,0,0,0,0
0,0,0,2.44486822160286e-05,7.06231314296476e-05,0.000215201859344065,0,5.30947608744707e-05,2.91468710833892e-05,0,0,1.63296765744258e-05,0,0,0.000529240539825351,1.24064091509674e-05,0,7.2928571821918e-06,5.43717023562521e-06,0.000357206644043579,2.33761376386984e-05,0,0,0,0,0.00111983982896992,0,0,9.68766953421685e-06,0,0.997099107700217,0,0,7.95418390073178e-05,0,0,0,0.000271591526344378,0,0.000103910354459001,0.00074360499702558,0,0.00433578663557531,0,3.65351078029248e-06,0.000470543948804818,0,1.76580951329875e-05,6.13459296975646e-05,0.000427487442556375,4.04858299595142e-05,0.000170082490007654,0,0,6.64440790020099e-05,0,1.33050379526208e-05,0,3.41565051063975e-05,0,0,0,0,0,0,0,0,8.29616191895756e-06,0.000339551135305651,0.00234946049425687,0.000183528332186281,0,1.23088285072468e-05,9.73550577899623e-06,0,0,0,0,0,8.16090031052226e-06,0.000384467512495194,6.35046972307718e-06,0.00256032772194841,0,0,0,0,0.00109459089665238,5.91077100096937e-06,0,0,0.000115669977031247,0,0,0
0,0,0,0,0,0,0,0,0,0,0,0,1.4651370635723e-05,0.000107938906578876,0,0,0,2.53017494076042e-06,0,0,0,0,0,0,2.25531690961442e-05,0,0,0,0,0,0,0.992818255531102,0,0,0,0,0,0,0,0,0,0,0,0,0,0,0,0,0,0,0,0,0.00108938341879922,5.42264060907099e-06,0,0,0,0,0,0,0,0,0,6.74642439507061e-05,0,0,0,0,0,0,0,0,0,1.94710115579925e-06,0,0,0,0,0,0,0,0,0,0,0,3.14415972331394e-05,0,0,0,0,2.42977937603266e-05,1.65242824330353e-05,0,0,3.17892824704814e-07
0,0,0,0,0.000823936533345889,0.000172161487475252,0.000322476620445018,0,0,0,7.55287009063444e-06,0,0,0,0,0,0,0,0,0.00017860332202179,3.89602293978307e-06,0,0,0,0,0,0,0,7.75013562737348e-05,0,5.24573652763716e-06,0,0.997608007654376,0,0,0,2.58605084175955e-05,0,0,4.15641417836005e-06,4.9573666468372e-05,0,0,0,0,0,0,0,0,0,0,0.000425206225019134,0,0,1.66110197505025e-05,0,0,0,0,0,0,0,0,0,0,0,0,0,5.47663121460727e-06,8.70170553428472e-05,4.58820830465703e-05,0,0,0,0,0,0,0,0.000139450564774787,0,0,0,0,0,0,0,0,0,1.97025700032312e-06,0.000271923861318831,0,1.65242824330353e-05,4.79156684235745e-08,0,0
0.000233617568041117,0,0,0.000550095349860643,0,0,0,0,0,0,0,0.000362518819952252,0,0,0,0,0,1.33950438040257e-06,3.26230214137513e-06,0,0,0,0,0,0,0,0,0,0,0,0,0,0,0.986636971046771,5.4860653938995e-05,0,0,0,0,0,4.9573666468372e-05,0,0,0,0,0,7.61376873938831e-06,0,0,0,0,0,0,5.42264060907099e-06,0,0,0,0,0,0,0,0,0,0,0,9.962739354813e-06,0,0,1.09532624292145e-05,0,0.000504702913512273,0,0,0,0,0,0,0,0,0,0,0,0,0,0,0,0.000270972112453427,0,1.97025700032312e-06,0,0,0,0,0,0
0.000233617568041117,0,0,8.55703877560999e-05,4.70820876197651e-05,0,0,0,0,0,0,0,0,0,0.000688012701772956,0,0,4.46501460134192e-07,0,0,0,0,0.00010771219302025,0,7.51772303204805e-06,0,0,0,9.68766953421685e-06,0,0,0,0,7.95418390073178e-05,0.993142418257626,0,0,0,0,0,4.9573666468372e-05,0,0,0,0,0,0,0,0,0,0,8.50412450038269e-05,0,0,0,0,0,0,0,0,2.7103209019948e-05,0,0,0,0,9.962739354813e-06,0,0,5.47663121460727e-05,0,0.000825877494838266,0,0,0,0,0,0,0,0,0,0,0,0,0,0,3.14415972331394e-05,2.25810093711189e-05,0,0,0,0,0,3.30618112122664e-06,0,0
0,0,0,1.22243411080143e-05,4.70820876197651e-05,0,0,0,0,0,0,0,0,0,0,0,0,4.46501460134192e-07,0,0,0,0.000130573872168179,0,0,0,0,0,6.57591898467811e-05,0.000474695807176626,0,0,0,0,0,0,0.99617209402631,0,0,0.000155969741870077,0,0,0,0,0,1.21783692676416e-06,0,0,0,0,0,0,8.50412450038269e-05,0,0,1.66110197505025e-05,0,0,0,0,0,0,0,0,0,0,0,0,0,0,0,4.58820830465703e-05,0,0,1.94710115579925e-06,0,0,0,0,0.000139450564774787,0,0,0,0,0,0,0,0,0,5.31969390087243e-05,0,0,1.65242824330353e-05,0,1.10682110682111e-05,0
0,0,0,0,0.000117705219049413,8.60807437376259e-05,0.00128990648178007,0,0,0,0,0,0,0,0,0,0,1.48833820044731e-07,0,0.000535809966065369,0,0,0,0,0,0,0,0.000328795949233905,2.90630086026505e-05,0,1.04914730552743e-05,0,7.35997644807537e-05,0,0,2.69570843217598e-05,0.996638133905713,2.26326271953648e-05,0.000155969741870077,0,4.9573666468372e-05,0,0,0,0,0,0,4.41452378324688e-06,0,0,0,0.000255123735011481,0,0,0,0,0,0,0,0,0,0,0,0,0,0,0,0,0,0,0,0,0,0,0,0,0,0,0,0,0,0,0,4.73877502665561e-05,0,0,0,0,0.000153680046025204,0,0,0,0,0,0
0,0,2.24290680722216e-05,0,0,0,0,0.0036038068943547,0.000174881226500335,3.91461443005171e-06,0.000158610271903323,0,0,0,0,6.2032045754837e-06,3.53232073472271e-05,4.31618078129718e-06,2.17486809425008e-06,0,0.000436354569255704,0,0,0,0,3.39345402718157e-05,0,6.57591898467811e-05,0,0,4.72116287487345e-05,0,0,0,0,0,2.58605084175955e-05,0.973949846098135,7.79848709350386e-05,0.000133005253707521,0,0,0,0.00146964269312024,7.30702156058495e-06,0,7.61376873938831e-06,0.000763712614501711,6.13459296975646e-05,0,4.04858299595142e-05,0,0,0,0.000215943256756532,4.30514895815395e-05,0,0,3.41565051063975e-05,6.59000296550133e-05,0,0,0,0,0,0,0,5.53077461263837e-06,0,0,0,0,6.15441425362341e-06,1.36297080905947e-05,0.000172288372449175,0,0,0.000177147918511957,0,4.08045015526113e-06,9.61168781237985e-05,2.11682324102573e-06,0,0.00011846937566639,0,3.14415972331394e-05,0,0,0.000122155934020034,0,0,1.65242824330353e-05,0,0,0
0,0,0,0,0,0,0.000322476620445018,0,0,0,0,0,0,0,0,0,0,0,0,0,3.89602293978307e-06,0,0,0,0,0,0,0.0024330900243309,0.000164690382081686,0,0,0,3.67998822403768e-05,0,0,0,0,2.26326271953648e-05,0.992279497777431,0,0,0,0,0,0,0,0,0,0,0,0,8.50412450038269e-05,0,0,0,0,0,2.76992964378705e-05,0,0,0,0,0,0,0,0,0,0,0,0,0,0,0,0,0,0,0,0,0,0,0,0,0,0,0,0,0,0,0.000100483107016479,0,0,0,0,0,0
0,0,0.000123359874397219,2.44486822160286e-05,0,0,0,0.000192468508169956,0.00562534611909412,9.78653607512928e-06,0.000188821752265861,3.91912237786218e-05,3.66284265893074e-06,0,0,0.000911871072596103,0.000282585658777817,9.7188484489209e-05,9.13444599585035e-05,0,0.000120776711133275,0,0,0,7.51772303204805e-06,0.00225664692807574,0,0,0,0,0.000120651940135655,0,0,0,0,0,2.58605084175955e-05,0.00065634618866558,0,0.980892964022079,0,0,7.28703636231145e-05,0.000826674014880132,2.3138901608519e-05,0,3.80688436969415e-05,0.000154508332413641,6.13459296975646e-05,0,0,0,4.90713251711362e-06,1.0845281218142e-05,0.00235876480457135,0,6.65251897631038e-06,2.76992964378705e-05,0.00013662602042559,6.59000296550133e-05,0,1.13569899433854e-05,0,0,0,9.962739354813e-06,0.000238511687072667,0.00170255678492385,7.66728370045018e-05,0,9.17641660931406e-05,0,2.46176570144936e-05,0.00156546932926259,0.000162716796201999,0,6.992029086841e-05,0.000295246530853262,0,0.000338677362886674,9.61168781237985e-05,2.75187021333345e-05,0,0,1.30679664937339e-05,9.43247916994183e-05,6.77430281133567e-05,0,3.152411200517e-05,0,3.64466906404898e-05,0.00147066113654015,4.79156684235745e-08,0,0
0,0,0,0,2.35410438098825e-05,4.30403718688129e-05,0,0,0,0,7.55287009063444e-06,0,0,0,0.00042339243186028,0,0,2.97667640089461e-07,0,0.00964457938917664,0,0,0,0,0,1.69672701359078e-05,0,0,0,0,6.2948838331646e-05,0,3.67998822403768e-05,0,0,0,0,0,0,8.31282835672009e-06,0.992117787031529,0,0.000364351818115572,0,0,9.41087897609637e-05,0,0,0,0.000213743721278187,0,0,0,0,0,4.30514895815395e-05,0,0,0,0,0,0,0,0,0,0,0,0,0,0.000174034110685694,0,0,0,1.94710115579925e-06,0,0,0,0,0,0,9.61168781237985e-05,0,0,0,0,0,2.25810093711189e-05,0.00328377268995713,1.97025700032312e-06,0,0,0,9.5831336847149e-08,0,0
0,0,0,0,2.35410438098825e-05,0,0,0,0,0,0,0,0,0,0,0,0,0,0,0,0,0.000848730169093165,0,0,0,0,0,0,0.000213128729752771,0.000454545454545455,0,0,0,0,5.4860653938995e-05,0,0,0,0,0,0,0.997930705152014,0,0,0,0,0,0,0,0,0,0,0,0,0,0,0,0,0,0,0,0,0,0,0,0,0,0,0,0,0,0,0,0,0,0,0,0,0,0,0,0,0,0,0,0,0,0,1.97025700032312e-06,0,0,0,1.91662673694298e-07,0,0
0,0,0,0,0,4.30403718688129e-05,0,0,0,1.95730721502586e-06,0,0,0,0,5.29240539825351e-05,6.2032045754837e-06,0,5.95335280178922e-07,2.17486809425008e-06,0.00107161993213074,0,0,0,0,0,3.39345402718157e-05,0,0,0,0,0.000598013964150637,0,0,0,0,0,0,0,0,4.15641417836005e-06,0.000446162998215348,0,0.993077315455804,0,0,0.000564652738565782,0,0,6.13459296975646e-05,0,0,0,0,0,0,0,0,0,0,0,0,0,0,0,0,0,0,1.84359153754612e-06,5.47663121460727e-06,0.00208840932822833,4.58820830465703e-05,0,0,0,0,0,0,0,0,0,9.61168781237985e-05,0,0,0,0,0,0,0.000456079540271823,0,0,0,0,0,0,0
0,0,3.36436021083324e-05,0,0,0,0,0.00011282636685825,0.000145734355416946,1.95730721502586e-06,0.00013595166163142,0,0,0,0,0,3.53232073472271e-05,1.9348396605815e-06,4.34973618850017e-06,0,0.000120776711133275,0,0,0,0,1.69672701359078e-05,0,0,0,0,5.24573652763716e-06,0,0,0,0,0,0,0.000837407206228499,0,8.7284697745561e-05,0,0,0,0.987553963442638,2.43567385352832e-06,9.41087897609637e-05,0,3.09016664827282e-05,0,0,4.04858299595142e-05,0,4.90713251711362e-06,0,0.000930217106028139,8.6102979163079e-05,0,2.76992964378705e-05,0,0,0,0,0,0,0,0,3.97519478454444e-05,9.21795768773062e-06,0,0,0,0,0,1.94710115579925e-05,4.78578812358819e-05,0,0,5.90493061706525e-05,0,4.08045015526113e-06,0,0,0,2.3693875133278e-05,0,3.14415972331394e-05,0,0,2.36430840038775e-05,0,0,0,0,0,0
0,3.60113795959523e-05,3.36436021083324e-05,3.66730233240428e-05,2.35410438098825e-05,0,0,5.97316059837795e-05,0.000145734355416946,0.00426888703597139,3.77643504531722e-05,0.000117573671335866,9.52339091321993e-05,0,0,9.30480686322554e-05,0,0.00106326881039955,0.000736192849903653,0,1.55840917591323e-05,0,0,0.000313258673349518,0.000706665965012517,0,0.00188989004276115,0,0,0,1.57372095829115e-05,4.63338352832156e-05,0,0,0,0,0,0.000135795763172189,0,0.000124692425350801,4.9573666468372e-05,5.3058842256062e-05,0,9.18526683200147e-05,0.981078467668865,0,0.000152275374787766,3.09016664827282e-05,0,0,0,0,5.39784576882499e-05,0.000103030171572349,3.3222039501005e-05,0,0.0102116166286364,0,0.00122963418383031,0.000131800059310027,8.13096270598439e-05,0.00639398533812598,0,0.000562202032922551,0.000101610526850582,4.9813696774065e-05,0.000159007791381778,3.31846476758302e-05,1.64298936438218e-05,0,0,5.37230041903943e-05,0.00489275933163061,0.000210286924826319,3.82863049887055e-05,0.00110989915226668,0.00020976087260523,8.85739592559787e-05,0,0.00011017215419205,0,0.0019495942049847,0,0,0,0.000188649583398837,0,0,1.37917990022619e-05,0,0.00362037127028866,0.000214815671629459,0,0,0
0,0,0,0,2.35410438098825e-05,0,0,0,0,0,0,0,0,0,0,0,0,1.48833820044731e-07,0,0.000357206644043579,3.50642064580476e-05,0,0,0,0,0,0,0,0,0,2.09829461105487e-05,0,0,0,0,0,0,0,0,0,4.9573666468372e-05,0,0.000364351818115572,0,0,0.994729907773386,0,0,0.000122691859395129,0.000320615581917281,0,0,0,0,0,8.6102979163079e-05,0,0,0,0,0,0,0,0,0,0,0,9.21795768773062e-07,0,0,0,0,0,0,0,0,0,0,0,0,0.00297962322183775,0,0,0,0,0,0,0.000228039770135912,0,0,0,0,0,0,0
0.000116808784020558,0,0,4.88973644320571e-05,0,0,0,0,0,3.91461443005171e-06,0,9.79780594465546e-06,0.000923036350050547,0.000107938906578876,0,6.2032045754837e-06,0,1.45857143643836e-05,1.52240766597506e-05,0,0,0,0,3.91573341686898e-05,6.01417842563844e-05,0,9.54489920586439e-06,0,0,0,0,2.31669176416078e-05,0,0,5.4860653938995e-05,0,0,0,0,2.07820708918002e-05,0,5.3058842256062e-05,0,0,1.82675539014624e-05,0,0.982229463762268,4.41452378324688e-06,0,0,4.04858299595142e-05,0,4.90713251711362e-06,0.001756935557339,0,4.30514895815395e-05,1.33050379526208e-05,0,0.000785599617447143,3.29500148275067e-05,0.000108412836079792,5.6784949716927e-06,0,0,0.0182390895696794,0.000119552872257756,0.000278263634918111,1.84359153754612e-06,0,0,0,0,0,1.36297080905947e-05,0,1.913619228046e-05,0.00524402181513075,0,0,0,0,4.23364648205146e-06,0,0,1.30679664937339e-05,0.0305297909133784,0.000112905046855594,0,5.91077100096937e-06,0,8.5042278161143e-05,0,9.10397700047916e-07,0,1.13533151680291e-07
0,0,0.000437366827408321,1.22243411080143e-05,0,0,0,0.00295339607364243,0.000174881226500335,3.91461443005171e-06,0.00141993957703927,1.63296765744258e-05,0,0,0,4.96256366038696e-05,0.00300247262451431,1.53298834646072e-05,1.08743404712504e-05,0.00017860332202179,0.000389602293978307,0,0,0,0,3.39345402718157e-05,0,0,0,0,5.24573652763716e-06,0,0,0,0,0,0,0.00380228136882129,7.79848709350386e-05,0.000216133537274722,0,5.3058842256062e-05,0,0.000229631670800037,1.58318800479341e-05,0,2.28413062181649e-05,0.980483390354266,0,0,0,0,9.81426503422725e-06,5.42264060907099e-06,0.000581385691267587,0,0,0,3.41565051063975e-05,0.0105440047448021,2.7103209019948e-05,0,0,0,0,0,0,3.13410561382841e-05,0,0,0,5.37230041903943e-05,1.23088285072468e-05,4.28362254275834e-05,0.0194781576630039,0,6.992029086841e-05,0.0169766755240626,0,1.63218006210445e-05,0,4.23364648205146e-06,0,0,0,0,2.25810093711189e-05,0,3.152411200517e-05,0,0,1.65242824330353e-05,4.79156684235745e-08,0,0
0,0,1.12145340361108e-05,0,0,0,0,2.65473804372354e-05,0,0,0,0,0,0,0,0,0,1.48833820044731e-07,0,0,0.000592195486847027,0,0,0,0,0,0,0,0,0,0,0,0,0,0,0,0,4.52652543907297e-05,0,8.31282835672009e-06,0,0,0,9.18526683200147e-05,0,0,0,1.32435713497406e-05,0.986565241396233,0,0.0011336032388664,0,0,0,0,0.000947132770793869,0,2.76992964378705e-05,0,0,0,0,0,0,0,0,0,0,0,0,0,0,0,3.89420231159849e-06,9.57157624717639e-06,0,0,0,0,0,0.000288350634371396,0,0,0,0,0,0,0,3.34943690054931e-05,0,0,0,4.79156684235745e-08,0,0
0,0,0,0,0,0.000430403718688129,0,0,0,0,0,0,0,0,0,0,0,1.48833820044731e-07,0,0.00107161993213074,0,0,0,0,0,0,0,0,9.68766953421685e-06,0,3.1474419165823e-05,0,3.67998822403768e-05,0,0,0,0.000103442033670382,0,0,0,0.000198294665873488,0,0,0,0,9.41087897609637e-05,0,0,6.13459296975646e-05,0.994763278828684,0,0.000595288715026788,0,0,0,0,0,0,0,0,0,0,0,0,0,0,0,0,0,0,0,0,0,0,0,0,0,0,0,0,0.000384467512495194,0,0,0,0,0,0,9.12159080543647e-05,0,0,0,0,0,0,0
0,0,0,0,0,0,0,2.65473804372354e-05,0,0,7.55287009063444e-06,0,0,0,0,1.24064091509674e-05,0,1.48833820044731e-07,0,0,0.000257137514025683,0,0,0,0,0,0,0,0,0,0,0,0,0,0,0,0,6.78978815860945e-05,0,0,0,0,0,0,1.21783692676416e-06,0,0,0,0.00165634010183424,0,0.994008097165992,0,0,0,0,0.000387463406233856,0,0,0,0,0,0,0,0,0,0,0,9.21795768773062e-07,0,0,0,0,0,0,0,0,0,0,0,0,9.61168781237985e-05,0,0,0,0,0,0,0,0.000106393878017449,0,0,0,0,0,0
0,0,0,0,0.000918100708585419,0.00490660239304468,0.000322476620445018,0,0,0,0,0,0,0,0,0,0,2.97667640089461e-07,0,0.00017860332202179,0,0,0,0,0,0,0,0,3.87506781368674e-05,0,5.24573652763716e-06,0,0.000183999411201884,0,0,0,7.75815252527865e-05,0,0,0,0,0,0,0,0,0,0,0,0,0.000320615581917281,0,0.983416957224254,0,0,0,0,0,0,0,0,0,0,0,0,0,0,0,0,5.47663121460727e-06,0,0,0,0,1.94710115579925e-06,0,0,0,0,0,0,0,0,0,0,0,0,0,0,9.85128500161561e-06,0,0,0,0,0,0
0,0,0,1.22243411080143e-05,0,0,0,0,0,5.87192164507757e-06,0,0,0.000109885279767922,0.00172702250526202,0,0,0,1.48833820044731e-05,5.43717023562521e-06,0,0,0,0,0,0.000293191198249874,0,1.90897984117288e-05,0,0,0,0,0.00600023166917642,0,0,0,0,0,2.26326271953648e-05,0,1.24692425350801e-05,0,0,0,0,8.52485848734911e-06,0,2.28413062181649e-05,0,0,0,0,0,0.996859435189047,5.96490466997809e-05,0,0,6.65251897631038e-06,0,6.8313010212795e-05,3.29500148275067e-05,0,0,0,0.00317081946568319,0,9.962739354813e-06,3.97519478454444e-05,0,0,0,0,0,6.15441425362341e-06,1.36297080905947e-05,0,0,0,0,0,0,0,2.11682324102573e-06,0,0,1.30679664937339e-05,0,2.25810093711189e-05,0,1.97025700032312e-06,0,2.42977937603266e-05,0,0,0,0
0,0,0,2.44486822160286e-05,2.35410438098825e-05,0,0,0,2.91468710833892e-05,1.95730721502586e-06,0,1.63296765744258e-05,0.0143949716495978,0.00307625883749798,0,0,0,1.05672012231759e-05,1.63115107068756e-05,0,0,0,0.00010771219302025,0,0.000112765845480721,0,9.54489920586439e-06,0,0,0,5.24573652763716e-06,6.95007529248234e-05,0,0,0,0,0,2.26326271953648e-05,0,4.15641417836005e-06,0,0,0,0,2.07032277549907e-05,0,0.00264959152130713,4.41452378324688e-06,6.13459296975646e-05,0,0,0,7.36069877567044e-05,0.973993015638896,1.66110197505025e-05,0,0,0,0.00204939030638385,3.29500148275067e-05,0.000325238508239376,0,0,4.49761626338041e-05,0.00716354214296601,0.000637615318708032,0.00162982986166322,9.21795768773062e-07,0,0,0,0.000161169012571183,1.23088285072468e-05,7.78840462319698e-06,0,3.82723845609201e-05,0.00335617396168368,0,0,4.08045015526113e-06,0,8.46729296410291e-06,0,0,0.000156815597924807,0.00220091180631976,0.00020322908434007,0,3.94051400064624e-06,0,0.00010934007192147,0,1.91662673694298e-07,0,2.27066303360581e-08
0.000116808784020558,0,0.000224290680722216,4.88973644320571e-05,0,0,0,7.30052962023972e-05,0.00311871520592264,3.91461443005171e-06,0.00033987915407855,1.30637412595406e-05,7.32568531786149e-06,0,0,4.96256366038696e-05,0.000211939244083363,1.48833820044731e-05,1.08743404712504e-05,0,5.4544321156963e-05,0,0,0,0,8.48363506795392e-05,0,0,9.68766953421685e-06,0,1.57372095829115e-05,0,0,0,0,2.69570843217598e-05,0,0.000543183052688756,0,0.000606836470040567,0,0,0,0.00238816937632038,4.87134770705663e-06,0,0,0.000101534047014678,0,0,8.09716599190283e-05,0,0,5.42264060907099e-06,0.98612979850833,0,0,0,3.41565051063975e-05,0.000131800059310027,0,0,0,2.2488081316902e-05,0,0,0,6.36039080453413e-05,0,0,0,0,6.15441425362341e-06,0.000132402878594349,0.000172288372449175,0,0,0.000354295837023915,0,8.16090031052226e-06,0,2.11682324102573e-06,0,0,0,0,0,0,1.5762056002585e-05,0,0,4.9572847299106e-05,0,0,0
0,0,0,0,0,0,0,3.9821070655853e-05,2.91468710833892e-05,0,7.55287009063444e-06,0,0,0,0,0,0,7.44169100223653e-07,0,0.00017860332202179,0.000354538087520259,0,0,0,0,0,0,0,0,0,0,0,0,0,0,0,0,0,0,8.31282835672009e-06,0,0,0,0,0,9.41087897609637e-05,0,4.41452378324688e-06,0.000981534875161033,0,0.000404858299595142,0,0,0,4.98330592515075e-05,0.99216462889616,0,0,0,0,0,0,0,0,0,0,0,9.21795768773062e-07,0,0,0,0,0,1.94710115579925e-06,0,0,0,0,0,0,0.00173010380622837,0,0,2.3693875133278e-05,0,0,0,0,4.72861680077549e-05,0,0,0,0,0,0
0,3.60113795959523e-05,1.12145340361108e-05,0,0,0,0,1.32736902186177e-05,2.91468710833892e-05,0.000158541884417094,7.55287009063444e-06,0,2.19770559535845e-05,0,0,0,0,0.000126062245577887,7.39455152045029e-05,0,0,0,0,0,5.26240612243364e-05,0,0.00277756566890654,0,0,0,5.24573652763716e-06,0,0,0,0,0,0,0,0,4.15641417836005e-06,0,0,0,0,0.00178778460848978,0,1.52275374787766e-05,4.41452378324688e-06,0,0,0,0,1.47213975513409e-05,2.1690562436284e-05,0,0,0.978858294693286,0,0.000204939030638385,0,5.42064180398959e-05,0.000232818293839401,7.14183688044565e-05,0.000157416569218314,0,9.962739354813e-06,3.97519478454444e-05,2.76538730631919e-06,5.47663121460727e-06,0,0,5.37230041903943e-05,0.000246176570144936,1.36297080905947e-05,0,0.000306179076487361,0,0,0,1.22413504657834e-05,0,0.000127009394461544,0,0,0,3.14415972331394e-05,0,0,1.97025700032312e-06,0,0.00074108270968996,0,0,0,0
0,0,0,0,0,0,0,2.65473804372354e-05,0,0,0,0,0,0,0,0,0,4.46501460134192e-07,0,0.00017860332202179,6.62323899763122e-05,0,0,0,0,0,0,0,9.68766953421685e-06,0,0,0,0,0,0,0,5.1721016835191e-05,6.78978815860945e-05,0.000155969741870077,0,0,0,0,0,0,0,0,0,0.000184037789092694,0,0,0,0,0,3.3222039501005e-05,8.6102979163079e-05,0,0.979114730485846,0,0,0,0,0,2.2488081316902e-05,0,0,0,0,0,0,0,0,0,9.73550577899623e-06,9.57157624717639e-06,0,0,0,0,0,9.61168781237985e-05,0,0,0.000165857125932946,0,0,0,0,0.00140873375523103,0,0,0,0,0,0
0.000116808784020558,0,1.12145340361108e-05,1.22243411080143e-05,0,0,0,6.63684510930884e-06,2.91468710833892e-05,0,0,9.79780594465546e-06,0.000637334622653949,0.00134923633223595,0,6.2032045754837e-06,0,1.20555394236232e-05,1.52240766597506e-05,0,0,0,0,0,8.26949533525286e-05,0,1.90897984117288e-05,0,0,0,5.24573652763716e-06,0,0,0,0,0,0,4.52652543907297e-05,0,4.15641417836005e-06,0,0,0,9.18526683200147e-05,3.16637600958681e-05,0,0.000251254368399814,0,0,0,0,0,9.81426503422725e-06,0.000417543326898467,0,0,4.65676328341727e-05,0,0.974826655736585,0,0.000189722463139636,0,7.14183688044565e-05,2.2488081316902e-05,0.000152415790275873,0.00149441090322195,0.00234536492288122,2.76538730631919e-06,0,0,0,0.000913291071236704,0,7.78840462319698e-06,0,0.000440132422450581,6.992029086841e-05,0,0,8.16090031052226e-06,0,6.35046972307718e-06,0,0,9.14757654561374e-05,0.000660273541895928,2.25810093711189e-05,0,5.91077100096937e-06,0,0.000473806978326368,0,0,0,0
0,0,0.000100930806324997,1.22243411080143e-05,0,0,0,1.32736902186177e-05,0,1.95730721502586e-06,0.000287009063444109,0,0,0,0,1.24064091509674e-05,0.000353232073472271,5.20918370156557e-06,1.08743404712504e-06,0,1.16880688193492e-05,0,0,0,0,0,0,0,0,0,0,0,0,0,0,0,0,4.52652543907297e-05,0,3.32513134268804e-05,0,0,0,4.59263341600074e-05,1.21783692676416e-06,0,0,0.00165544641871758,0,0,0,0,0,0,9.96661185030149e-05,0,0,0,0,0.981877491844871,0,1.13569899433854e-05,0,0,0,0,3.97519478454444e-05,6.45257038141144e-06,0,0,0,0,6.15441425362341e-06,1.16826069347955e-05,0.000650867184807994,0,0,0.000501919102450546,0,4.08045015526113e-06,0,0,0,0,0,0,0,0,9.85128500161561e-06,0,1.21488968801633e-05,0,0,0,0
0.000233617568041117,0.00046814793474738,0,0.000146692093296171,0,0,0,0,0,0,0,9.79780594465546e-06,0.000131862335721507,5.39694532894382e-05,0,6.2032045754837e-06,0,1.48833820044731e-06,2.17486809425008e-06,0,0,0,0.000861697544161999,0.000900618685879865,7.51772303204805e-06,0,3.81795968234575e-05,0,9.68766953421685e-06,0,0,0,0,0,5.4860653938995e-05,2.69570843217598e-05,0,0,0,4.15641417836005e-06,0,0,0,0,2.43567385352832e-06,0,7.61376873938831e-06,0,0,0,0,0,0,4.88037654816389e-05,0,0,6.65251897631038e-06,0,0.000170782525531988,0,0.988481136166522,5.6784949716927e-06,0.0021425510641337,0,5.08052634252909e-05,0.00125530515870644,3.97519478454444e-05,0,0,0,0,0.00311593424304287,0,5.84130346739774e-06,0,0.00013395334596322,6.992029086841e-05,0,0,0,0,0,0,0,0.000810213922611502,0.000157207986165697,0.000316134131195664,0,1.97025700032312e-06,0,1.21488968801633e-05,0,4.79156684235745e-08,0,0
0,0,1.12145340361108e-05,1.22243411080143e-05,0,0,0,0,0,0.000440394123380818,7.55287009063444e-06,6.53187062977031e-06,0,0,0,2.48128183019348e-05,0,0.00017964242079399,5.87214385447523e-05,0,3.89602293978307e-06,0,0,0,3.00708921281922e-05,0,0.000133628588882101,0,0,0,0,0,0,0,0,0,0,0,0,4.15641417836005e-06,0,0,0,0,0.00151864264767491,0,0,4.41452378324688e-06,0,0,0,0,9.81426503422725e-06,1.0845281218142e-05,0,0,0.000379193581649692,0,0,0,0,0.977836834125483,0,0.000202392731852118,0,0,0,1.84359153754612e-06,0,0,0,0,0.00499122995968859,1.94710115579925e-05,9.57157624717639e-06,0,6.992029086841e-05,0,0,2.04022507763056e-05,0,0.000637163795548744,0,0,0,0,0,0,1.97025700032312e-06,0,3.64466906404898e-05,0,0,0,0
0,7.20227591919046e-05,0,0,0,0,0,0,0,0,0,0,1.09885279767922e-05,0,0,0,0,8.93002920268383e-07,1.08743404712504e-06,0,0,0,0,0.000469888010024278,7.51772303204805e-06,0,1.90897984117288e-05,0,0,0,0,0,0,0,0,0,0,0,0,0,0,0,0,0,6.08918463382079e-06,0,0,0,0,0,0,0,0,0,0,0,0,0,0,0,0.000731786643538595,0,0.990072846736181,0,0,9.962739354813e-05,0,0,0,0,0,0.00209519716342538,0,0,0,0.00110989915226668,0,0,0,0,0,0,0,0,5.22718659749356e-05,0,2.25810093711189e-05,0,0,0,2.42977937603266e-05,0,0,0,0
0,0,0,1.22243411080143e-05,0,0,0,0,2.91468710833892e-05,1.3701150505181e-05,0,0,2.19770559535845e-05,0.000107938906578876,0,6.2032045754837e-06,0,3.52736153506011e-05,8.69947237700033e-06,0,0,0,0,0,0.00245829543147971,0,4.77244960293219e-05,0,0,0,5.24573652763716e-06,0.000115834588208039,0,0,0,0,0,2.26326271953648e-05,0,4.15641417836005e-06,0,0,0,0,4.01886185832172e-05,0,1.52275374787766e-05,0,0,0,0,0,0.000696812817430135,2.7113203045355e-05,0,0,2.66100759052415e-05,8.30978893136114e-05,3.41565051063975e-05,3.29500148275067e-05,0,4.54279597735416e-05,0,0.981402356750922,0,9.962739354813e-06,0,2.76538730631919e-06,5.47663121460727e-06,0,0,5.37230041903943e-05,4.30808997753639e-05,9.73550577899623e-06,0,7.65447691218401e-05,0,0,0,0,0,1.69345859282058e-05,0,0,0,3.14415972331394e-05,0,0,1.97025700032312e-06,0,8.5042278161143e-05,1.65242824330353e-05,0,0,0
0,0,0,0,0,0,0,0,2.91468710833892e-05,0,0,3.26593531488515e-06,0.000267387514101944,5.39694532894382e-05,0,0,0,2.97667640089461e-07,1.08743404712504e-06,0,0,0,0,0,7.51772303204805e-06,0,0,0,0,0,0,0,0,0,0,0,0,0,0,0,0,0,0,0,3.65351078029248e-06,0,0.00284754950853123,0,0,0,0,0,0,0.000748324404051797,0,0,6.65251897631038e-06,0,3.41565051063975e-05,0,2.7103209019948e-05,0,0,0,0.959406594523193,7.9701914838504e-05,0,0,0,0,0,0,0,0,9.57157624717639e-06,0,0.0102083624667879,0,0,0,0,0,0,0,2.61359329874678e-05,0.00154063826442383,2.25810093711189e-05,0,0,0,0,0,0,0,2.27066303360581e-08
0,0.000108034138787857,0,9.77947288641142e-05,0,0,0,0,0,1.95730721502586e-06,0,3.26593531488515e-06,0.00228561381917278,0.000107938906578876,0,0,0,5.06034988152084e-06,1.08743404712504e-06,0,0,0,0.000430848772081,3.91573341686898e-05,4.51063381922883e-05,0,0,0,0,0,0,0,0,0,5.4860653938995e-05,0,0,0,0,0,0,0,0,0,9.74269541411327e-06,0,0.000129434068569601,4.41452378324688e-06,0,0,0,0,3.43499276197954e-05,0.000406698045680324,1.66110197505025e-05,0,1.99575569289311e-05,0,0.00485022372510845,0,0.00317107545533391,5.6784949716927e-06,0.000499928581631196,0,0.000355636843977036,0.986181680514874,0.00409445062808078,0,0,0,0,0.00231008918018696,0,0,0,7.65447691218401e-05,6.992029086841e-05,0,0,4.08045015526113e-06,0,2.11682324102573e-06,0,0,0.00105850528599245,0.000125766388932558,0.000112905046855594,0,0,0,3.64466906404898e-05,0,4.79156684235745e-08,0,0
0,3.60113795959523e-05,0,0,0,0,0,0,0,0,0,0,0.00131129767189721,0.000161908359868315,0,0,0,1.78600584053677e-06,1.08743404712504e-06,0,0,0,0,0,2.25531690961442e-05,0,9.54489920586439e-06,0,0,0,0,0,0,0,0,0,0,2.26326271953648e-05,0,0,0,0,0,0,0,0,9.13652248726597e-05,0,0,0,0,0,4.90713251711362e-06,0.000233173546190053,0,0,0,0,0.00157119923489429,0,2.7103209019948e-05,0,0,0,0.000203221053701163,0.0011457150258035,0.976109079344888,0,5.47663121460727e-06,0,0,5.37230041903943e-05,0,0,0,0,0.00013984058173682,0,0,0,0,2.11682324102573e-06,0,0,2.61359329874678e-05,3.14415972331394e-05,2.25810093711189e-05,0,0,0,1.21488968801633e-05,0,4.79156684235745e-08,0,0
0,0,0.000471010429516654,2.44486822160286e-05,0,0,0,5.30947608744707e-05,0.00218601533125419,3.71888370854913e-05,0.000264350453172205,4.89890297232773e-05,7.32568531786149e-06,0,5.29240539825351e-05,0.00491293802378309,0.000388555280819498,0.00045275248057607,0.000110918272806754,0,5.06482982171799e-05,0,0,0,3.75886151602403e-05,0.000424181753397696,9.54489920586439e-06,0,0,0,3.1474419165823e-05,0,0,7.95418390073178e-05,0,2.69570843217598e-05,0,0.000294224153539743,0,0.00735685309569728,0,0,0,0.000413337007440066,6.21096832649721e-05,0,6.85239186544948e-05,0.000101534047014678,0,0,4.04858299595142e-05,0,1.96285300684545e-05,5.42264060907099e-06,0.00119599342203618,0,1.33050379526208e-05,8.30978893136114e-05,0.000170782525531988,9.885004448252e-05,0,1.13569899433854e-05,0,4.49761626338041e-05,0,0,3.97519478454444e-05,0.986637648535866,1.64298936438218e-05,0,4.58820830465703e-05,0,4.92353140289873e-05,0.0162466120439889,0.000229717829932233,0,0,5.90493061706525e-05,0,0.000244827009315668,0,5.29205810256432e-05,0,0,0,0.000125766388932558,2.25810093711189e-05,0,1.77323130029081e-05,0,4.85955875206531e-05,0.000297437083794636,1.91662673694298e-07,0,0
0.000116808784020558,0,2.24290680722216e-05,0,7.06231314296476e-05,4.30403718688129e-05,0,1.32736902186177e-05,0,1.95730721502586e-06,1.51057401812689e-05,0.000176360507003798,7.32568531786149e-06,0,0.00010584810796507,6.2032045754837e-06,0,1.53298834646072e-05,4.34973618850017e-05,0,3.89602293978307e-06,0,0,0,0,8.48363506795392e-05,0,0,1.93753390684337e-05,0,0.000293761245547681,0,0,0.000159083678014636,0.000274303269694975,0,0,2.26326271953648e-05,0,5.81897984970406e-05,0,0,3.64351818115572e-05,0,7.30702156058495e-06,0,0,4.41452378324688e-06,0,0,0,0,0,1.0845281218142e-05,1.66110197505025e-05,0,6.65251897631038e-06,0,3.41565051063975e-05,0,0,0,0,2.2488081316902e-05,0,0,0,5.53077461263837e-06,0.996697591377592,8.70170553428472e-05,0.00426703372333104,0,1.84632427608702e-05,1.36297080905947e-05,2.87147287415292e-05,0,0,2.95246530853262e-05,0,0.000134654855123617,0,2.11682324102573e-06,0.000832106509633233,0,0,0,0,4.56079540271823e-05,0,0,1.21488968801633e-05,0.00166895252573657,2.87494010541447e-07,0,0
0,0,0,0,0,0,0,0,0,0,0,0,0,0,0.000264620269912675,0,0,0,1.08743404712504e-06,0.00017860332202179,0,0,0,0,0,0,0,0,0,0,0.000131143413190929,0,0,0,0,0,2.58605084175955e-05,0,0,0,0.000198294665873488,0,0.0010201850907236,0,0,0,0,0,0,0,0,0,0,0,0,0,0,0,0,0,0,0,0,0,0,0,0,0,0,0.993212669683258,0,0,0,1.94710115579925e-06,0,0,0,0,0,4.08045015526113e-06,0,0,0.00012801638609742,0,0,0,0,0.000319255678190276,1.97025700032312e-06,0,0,0,0,0,0
0,0,0,8.55703877560999e-05,0,0,0,0,0,0,0,0.000120839606650751,0,0,5.29240539825351e-05,0,0,5.95335280178922e-07,2.17486809425008e-06,0,0,0,0,0,0,0,0,0,1.93753390684337e-05,0,5.24573652763716e-06,0,0,0.000795418390073179,0.000713188501206934,0,0,0,0,4.15641417836005e-06,0,0,0,0,0,0,0,0,0,0,0,0,0,0,0,0,0,0,0,0,2.7103209019948e-05,0,7.14183688044565e-05,0,0,0,0,9.21795768773062e-07,0.000443607128383189,0,0.990594172975453,0,0,0,9.57157624717639e-06,0,0,0,0,0,0,2.11682324102573e-06,0.000320040965243551,0,0,0,2.25810093711189e-05,0,0,0,0,1.65242824330353e-05,1.43747005270724e-07,0,0
0,0,0,0,0,0,0,0,0,1.95730721502586e-06,0,0,1.4651370635723e-05,0,0,0,0,1.04183674031311e-06,1.08743404712504e-06,0,0,0,0,0.000117472002506069,7.51772303204805e-06,0,2.86346976175932e-05,0,0,0,0,0,0,0,0,0,0,0,0,0,0,0,0,0,1.21783692676416e-06,0,0,0,0,0,0,0,4.90713251711362e-06,1.6267921827213e-05,0,0,1.33050379526208e-05,0,0.000512347576595963,0,0.00102992194275802,0,0.00171404085130696,0,0,0.000438360531611772,0,0,0,0,0,0.988395831094875,0,0,0,0.000382723845609201,0,0,0,0,0,0,0,0,3.92038994812017e-05,0,4.51620187422378e-05,0,0,0,2.42977937603266e-05,0,0,0,0
0,0,3.36436021083324e-05,1.22243411080143e-05,0,0,0,0,0,0.000264236474028491,0,9.79780594465546e-06,1.09885279767922e-05,0,0,0,3.53232073472271e-05,0.000434892422170703,0.000117442877089505,0,0,0,0,3.91573341686898e-05,4.51063381922883e-05,1.69672701359078e-05,0.000171808185705559,0,0,0,0,0,0,0,0,0,0,0,0,3.32513134268804e-05,0,0,0,4.59263341600074e-05,0.00102176518155513,0,1.52275374787766e-05,1.32435713497406e-05,0,0,0,0,4.90713251711362e-06,5.42264060907099e-06,4.98330592515075e-05,0,0.000319320910862898,0,0,0,0,0.00483807771588218,7.14183688044565e-05,0.00011244040658451,0,0,0,1.01397534565037e-05,0,0,0,0,0.965529125765455,3.50478208043864e-05,0,5.74085768413801e-05,0,0,0,4.08045015526113e-06,0,0.00133571546508723,0,0,0,6.28831944662789e-05,2.25810093711189e-05,0,0,0,6.07444844008164e-05,0,4.79156684235745e-08,0,0
0,3.60113795959523e-05,0.000751373780419424,2.44486822160286e-05,2.35410438098825e-05,0,0,7.96421413117061e-05,0.000612084292751173,7.24203669559567e-05,0.000256797583081571,4.57230944083921e-05,3.29655839303767e-05,0,0,0.00743143908142947,0.00024726245143059,0.000831683386409954,0.000195738128482508,0,5.4544321156963e-05,0,0,0,7.51772303204805e-05,0.000373279942989972,2.86346976175932e-05,0,9.68766953421685e-06,0,6.2948838331646e-05,0,7.35997644807537e-05,0,0,0,0,0.000475285171102662,0,0.00325447230165592,0,0,3.64351818115572e-05,0.000780747680720125,0.000121783692676416,0,9.8978993612048e-05,7.06323805319501e-05,0,0.000106871860639094,0,0,2.45356625855681e-05,2.1690562436284e-05,0.00104649424428166,0,8.64827466920349e-05,0.000138496482189352,0.000204939030638385,0.000230650103792547,2.7103209019948e-05,6.81419396603124e-05,0,4.49761626338041e-05,0,9.962739354813e-06,3.97519478454444e-05,0.0073605392136529,4.38130497168582e-05,8.70170553428472e-05,0,0,0.000123088285072468,0.967302330290663,0.000153145219954822,0,6.992029086841e-05,0.000118098612341305,0,0.00025298790962619,0,0.000110074808533338,0,0,0,9.43247916994183e-05,0,4.56079540271823e-05,2.95538550048468e-05,0,4.85955875206531e-05,0.000280912801361601,1.43747005270724e-07,0,0
0,0,0.000336436021083324,0,0,0,0,0.000325205410356133,0.000145734355416946,0,0.00141238670694864,6.53187062977031e-06,3.66284265893074e-06,0,0,3.10160228774185e-05,0.00543977393147298,8.33469392250491e-06,6.52460428275025e-06,0,0.00010129659643436,0,0,0,0,0,0,0,9.68766953421685e-06,0,1.57372095829115e-05,0,0,0,0,0,0,0.000384754662321202,7.79848709350386e-05,0.000149630910420962,0,0,0,9.18526683200147e-05,7.30702156058495e-06,0,0,0.00931905970643417,0.000122691859395129,0,0,0,0,0,0.00039866447401206,4.30514895815395e-05,0,2.76992964378705e-05,0,0.00260305117137303,0,0,0,0,0,0,3.97519478454444e-05,2.12013026817804e-05,5.47663121460727e-06,0,4.58820830465703e-05,0,6.15441425362341e-06,2.3365213869591e-05,0.971629848003369,0,0,0.00342485975789784,0,1.63218006210445e-05,0,4.23364648205146e-06,0,0,0,0,0,4.56079540271823e-05,1.37917990022619e-05,0,0,3.30485648660707e-05,0,0,0
0,7.20227591919046e-05,0,0,0,0,0,6.63684510930884e-06,0,7.82922886010342e-06,0,0,1.09885279767922e-05,0,0,0,3.53232073472271e-05,1.27997085238468e-05,6.52460428275025e-06,0,0,0,0.00010771219302025,7.83146683373796e-05,9.77303994166247e-05,0,0.000754047037263287,0,0,0,0,0,0,0,0,0,0,0,0,0,0,0,0,0,7.42880525326137e-05,0,7.61376873938831e-06,4.41452378324688e-06,0,0,0,0,0,2.1690562436284e-05,0,0,0.000119745341573587,0,0.000341565051063975,0,0.000406548135299219,0,0.00314240822739609,4.49761626338041e-05,0,6.9739175483691e-05,3.97519478454444e-05,0,0,0,0,0.00123562909637907,3.07720712681171e-05,1.94710115579925e-06,0,0.990144860975563,6.992029086841e-05,0,0,0,0,1.48177626871801e-05,0,0,2.61359329874678e-05,0,0,0,0,0,0.00126348527553698,1.65242824330353e-05,0,0,0
0,0,0,0,0,0,0,0,0,0,0,3.26593531488515e-06,9.15710664732686e-05,0.000107938906578876,0,0,0,1.48833820044731e-07,0,0,0,0,0,0,0,0,0,0,0,0,0,0,0,0,0,0,0,0,0,0,0,0,0,0,1.21783692676416e-06,0,0.000548191349235958,0,0,0,0,0,0,0.000287399952280763,1.66110197505025e-05,0,0,0,6.8313010212795e-05,0,0,0,0,0,0.00873850530915003,1.9925478709626e-05,0,0,0,0,0,0,0,0,0,0,0.977415746049504,0,0,0,0,0,0,0,1.30679664937339e-05,0.000157207986165697,0,0,0,0,0,0,4.79156684235745e-08,0,0
0,0,3.36436021083324e-05,0,0,0,0,0.000146010592404794,2.91468710833892e-05,0,0.000113293051359517,0,0,0,5.29240539825351e-05,0,0.000176616036736136,6.99518954210233e-06,0,0,2.33761376386984e-05,0,0,0,0,0,0,0,0,0,0,0,0,0,0,0,0,0.000113163135976824,0,4.57205559619605e-05,0,0,0,0,0,0,0,0.00265312879373138,0,0,0,0,0,0,8.30550987525124e-05,0,0,5.5398592875741e-05,0,0.00059310026689512,0,0,0,0,0,0,0,2.76538730631919e-06,5.47663121460727e-06,0,4.58820830465703e-05,0,0,1.36297080905947e-05,0.00133044909835752,0,0,0.974785946265131,0,4.08045015526113e-06,0,2.11682324102573e-06,0,0,0,0,0,0,0,0,0,0,0,0,0
0,0,0,0,0.000117705219049413,0,0,0,0,0,0,0,0,0,0,0,0,1.48833820044731e-07,0,0,0,0,0,0,0,0,0,0,0.000222816399286988,0,0,0,0,0,0,5.39141686435195e-05,0,2.26326271953648e-05,0,0,0,0,0,0,0,0,0,0,0,0.000106871860639094,0,0,0,0,0,0,0,0,0,0,2.7103209019948e-05,0,0,0,0,0,0,0,0,0,0,0,0,0,0,0,0,0,0.996374285315855,0,0,0,0,0,0,0,0,0,1.97025700032312e-06,0,0,0,0,0,0
0,0,0,1.22243411080143e-05,0,0,0,3.31842255465442e-05,2.91468710833892e-05,3.52315298704654e-05,2.26586102719033e-05,0.000457230944083921,3.66284265893074e-06,0,0,3.72192274529022e-05,0,9.40629742682697e-05,0.00112005706853879,0,0,0,0,0,1.50354460640961e-05,6.78690805436313e-05,9.54489920586439e-06,0,0,0,2.09829461105487e-05,0,0,0,0,0,0,0,0,0.000374077276052404,4.9573666468372e-05,0,0,4.59263341600074e-05,3.16637600958681e-05,0,0,2.64871426994813e-05,0,0,0,0,4.90713251711362e-06,5.42264060907099e-06,8.30550987525124e-05,0,3.99151138578623e-05,0,0.000102469515319193,0,2.7103209019948e-05,1.13569899433854e-05,0,2.2488081316902e-05,0,0,0,6.91346826579797e-05,0.000208111986155076,8.70170553428472e-05,0,5.37230041903943e-05,1.23088285072468e-05,0.000112931867036356,2.87147287415292e-05,1.913619228046e-05,6.992029086841e-05,5.90493061706525e-05,0,0.990639447343831,0,3.17523486153859e-05,0,0,0,3.14415972331394e-05,0,0,5.91077100096937e-06,0,3.64466906404898e-05,0.00388320637176331,9.5831336847149e-08,0,0
0,0,0,0,0,0,0,6.63684510930884e-06,0,0,0,0,0,0,0,0,0,1.48833820044731e-07,0,0.000714413288087158,3.89602293978307e-05,0,0,0,0,0,0,0,0,0,3.1474419165823e-05,0,0,0,0,0,0,0,0,0,0.000148720999405116,0,7.28703636231145e-05,0,0,0.00272915490306795,0,0,0.000122691859395129,0.000427487442556375,0,0,0,0,1.66110197505025e-05,0.000774926812467711,0,0,0,0,0,0,0,0,0,0,0,9.21795768773062e-07,0,0,0,0,0,0,0,0,0,0,0,0,0.992214532871972,0,0,0,0,0,2.25810093711189e-05,0.000182431816108729,1.97025700032312e-06,0,0,1.65242824330353e-05,9.5831336847149e-08,0,0
0,3.60113795959523e-05,4.48581361444432e-05,2.44486822160286e-05,0,0,0,4.64579157651619e-05,5.82937421667784e-05,0.00281265046799216,3.02114803625378e-05,3.59252884637367e-05,1.09885279767922e-05,5.39694532894382e-05,0,4.96256366038696e-05,3.53232073472271e-05,0.000934825223700952,0.00239126746962797,0,1.94801146989153e-05,0,0,7.83146683373796e-05,0.000150354460640961,3.39345402718157e-05,0.000114538790470373,0,0,0,1.04914730552743e-05,2.31669176416078e-05,0,0,0,0,0,6.78978815860945e-05,0,5.40333843186806e-05,0,0,0,4.59263341600074e-05,0.00118008398203447,0,2.28413062181649e-05,4.41452378324688e-05,0,0,0,0,1.96285300684545e-05,2.1690562436284e-05,8.30550987525124e-05,0,0.000478981366294347,0,0.00013662602042559,6.59000296550133e-05,0,0.00172626247139458,0,6.74642439507061e-05,5.08052634252909e-05,9.962739354813e-06,0,1.93577111442343e-05,1.09532624292145e-05,0,0,0.000107446008380789,0.00381573683724651,0.000110984765880557,3.82863049887055e-05,0.00013395334596322,0,2.95246530853262e-05,0,9.3850353571006e-05,0,0.974943163295978,0,0,0,0,0,0,5.91077100096937e-06,0,0.000218680143842939,9.91456945982121e-05,0,0,0
0,0,0,0,0,0,0,0,0,0,0,0,0,0,0.000582164593807886,0,0,1.48833820044731e-07,0,0,0,0,0,0,0,0,0,0,0,0,0.000204583724577849,0,0,0,0.00010972130787799,0,0,2.26326271953648e-05,0,0,0,0,3.64351818115572e-05,0,0,0,0,0,0,0,0,0,0,0,0,0,0,0,0,0,0,0,0,0,0,0,0,0,0.000115009255506753,8.70170553428472e-05,0,0,0,0,0,0,0,0,0,0,0,0,0.99551942648659,0,0,0,0,0,0,0.000135961930659415,0,1.65242824330353e-05,4.79156684235745e-08,0,0
0,0,0,0,0,0,0,6.63684510930884e-06,0,0,0,0,0,0,0,0,0,2.97667640089461e-07,0,0,1.16880688193492e-05,0,0,0,0,0,0,6.57591898467811e-05,0,0,0,0,0,0,0,0,0,0,0,4.15641417836005e-06,0,0,0,0,0,0,0,0,0,0,0,0,0,0,0,4.30514895815395e-05,0,0.000360090853692316,0,0,0,0,0,0,0,0,0,0,0,0,0,0,0,0,0,0,0,0,0,0,0,2.11682324102573e-06,0,0.996588081980808,0,0,0,0,0.000287657522047176,0,0,0,0,0,0
0,0.000144045518383809,0,3.66730233240428e-05,0,0,0,0,0,0,0,3.26593531488515e-06,0.000128199493062576,0,0,0,0,2.67900876080515e-06,1.08743404712504e-06,0,0,0,0.00441619991383025,0.000156629336674759,7.51772303204805e-06,0,0,0,0,0,0,0,0,7.95418390073178e-05,5.4860653938995e-05,0,0,0,0,0,0,0,0,0,2.43567385352832e-06,0,1.52275374787766e-05,0,0,0,0,0,4.90713251711362e-06,6.50716873088519e-05,0,0,0,0,0,0,0.00173460537727667,0,0.000142836737608913,0,0,0.00079701914838504,3.97519478454444e-05,0,0,0,0,0.000214892016761577,0,1.94710115579925e-06,0,1.913619228046e-05,0,0,0,0,0,0,0,0,0.99587052258798,3.14415972331394e-05,4.51620187422378e-05,0,0,0,1.21488968801633e-05,0,2.39578342117873e-07,0,0
0.000116808784020558,0,0,1.22243411080143e-05,0,0,0,6.63684510930884e-06,2.91468710833892e-05,1.95730721502586e-06,0,0,0.000172153604969745,0,0,6.2032045754837e-06,0,5.06034988152084e-06,5.43717023562521e-06,0,0,0,0,0,1.50354460640961e-05,0,1.90897984117288e-05,0,0,0,0,0,0,0,0,0,0,2.26326271953648e-05,0,8.31282835672009e-06,0,0,0,0,6.08918463382079e-06,0,0.00698943970275847,0,0,0,0,0,4.90713251711362e-06,0.000287399952280763,0,0,0,0,0.000204939030638385,0,8.13096270598439e-05,0,0,0,0.00162576842960931,3.9850957419252e-05,0,9.21795768773062e-07,0,0,0,0,0,3.89420231159849e-06,0,0,0.00048944203607887,0,0,0,0,2.11682324102573e-06,0,0,0,0.95944033956925,0,4.56079540271823e-05,3.94051400064624e-06,0,7.28933812809797e-05,3.30485648660707e-05,6.22903689506469e-07,0,0
0.000584043920102792,0.000540170693939285,0,0.00244486822160286,2.35410438098825e-05,0,0,0,0,0,0,5.87868356679328e-05,3.66284265893074e-05,0,5.29240539825351e-05,0,0,8.93002920268383e-07,7.61203832987529e-06,0,0,0,0.000430848772081,0.000195786670843449,0,0,0,0,0,0,0,0,0,0.000874960229080496,0.00010972130787799,0,0,0,0,0,0,0,0,0,1.21783692676416e-06,0,5.32963811757182e-05,0,0,0,0,0,0,1.0845281218142e-05,0,0,6.65251897631038e-06,0,3.41565051063975e-05,0,0.000460754553339115,0,7.14183688044565e-05,0,0,4.9813696774065e-05,0,0,5.47663121460727e-06,0,9.17641660931406e-05,5.37230041903943e-05,0,0,0,1.913619228046e-05,0,0,0,4.08045015526113e-06,0,0,0,0,1.30679664937339e-05,3.14415972331394e-05,0.992841820029355,0,1.97025700032312e-06,0,0,0,4.31241015812171e-07,0,0
0,0,0,0,0,4.30403718688129e-05,0,0,0,0,0,0,0,0,5.29240539825351e-05,0,0,0,2.17486809425008e-06,0.003393463118414,3.89602293978307e-06,0,0,0,0,0,0,0,0,0,0.000125897676663292,0,0,0,0,0,2.58605084175955e-05,0,0,0,0.00297441998810232,0,0.000291481454492458,0,0,0.000376435159043855,0,0,0,0.000427487442556375,0,8.50412450038269e-05,4.90713251711362e-06,0,0,4.30514895815395e-05,0,0,0,0,0,0,0,0,0,0,0,0,5.47663121460727e-06,0.00113122171945701,0,0,0,0,0,0,0,0,0,0,0.000288350634371396,0,0,0,0,0,0,0.992702727355651,1.97025700032312e-06,0,0,0,0,0,0
0,0,0,0,0.000141246262859295,0.000215201859344065,0.000386971944534021,0.000252200114153736,0.00037890932408406,1.95730721502586e-06,1.51057401812689e-05,3.26593531488515e-06,7.32568531786149e-06,0,0,1.24064091509674e-05,0,1.08648688632653e-05,3.26230214137513e-06,0,0.00101686198728338,0,0,0,0,0,0,0.00144670217662918,0.000416569789971325,0,2.09829461105487e-05,0,0,0,0,0.000727841276687514,0.00204298016499004,0.000588448307079486,0.00366528893394681,9.97539402806411e-05,0,0.000106117684512124,0,0.000551116009920088,6.08918463382079e-06,0,2.28413062181649e-05,6.62178567487032e-05,0.000981534875161033,0,0.00145748987854251,8.50412450038269e-05,4.90713251711362e-06,0,0.000182721217255527,0.00133459617702773,0,0.0192233117278821,3.41565051063975e-05,6.59000296550133e-05,0,1.13569899433854e-05,0,0,0,0,3.97519478454444e-05,6.45257038141144e-06,0,8.70170553428472e-05,0,0,0,2.92065173369887e-05,6.70010337302347e-05,0,0,8.85739592559787e-05,0.000139450564774787,1.22413504657834e-05,0,0,0,0.00284326501599337,0,3.14415972331394e-05,4.51620187422378e-05,0,0.996368816348404,0.000271923861318831,1.21488968801633e-05,0,0,7.72200772200772e-07,0
0,0,0,0,0,0,0,0,0,0,0,0,0,0,0,0,0,0,0,0,0,0,0,0,0,0,0,0,0.000232504068821204,0,0,0,7.35997644807537e-05,0,0,0,0,0,0,0,0,0,0,0,0,0,0,0,0,0,0,0,0,0,0,0,0,0,0,0,0,0,0,0,0,0,0,0,0,0,0,0,0,0,0,0,0,0,0,0,0,0,0,0,0,0,0,0,0,0.993881713120326,0,0,0,0,0
0,3.60113795959523e-05,0,0,0,0,0,0,0,2.15303793652844e-05,0,9.79780594465546e-06,6.59311678607534e-05,5.39694532894382e-05,0,6.2032045754837e-06,0,9.27234698878671e-05,4.78470980735018e-05,0,0,0,0,7.83146683373796e-05,0.00278155752185778,0,0.00143173488087966,0,0,0,0,2.31669176416078e-05,0,0,5.4860653938995e-05,0,0,0,7.79848709350386e-05,4.15641417836005e-06,0,0,3.64351818115572e-05,0,0.000350737034908078,0,8.37514561332714e-05,4.41452378324688e-06,0,0,0,0,0,4.88037654816389e-05,0,0,0.000412456176531244,0,0.00095638214297913,0,0.000108412836079792,3.97494648018489e-05,0.000142836737608913,0.000314833138436629,0,3.9850957419252e-05,0.000159007791381778,0,5.47663121460727e-06,0,0,0.000107446008380789,3.69264855217405e-05,3.89420231159849e-06,0,0.00183707445892416,6.992029086841e-05,0,0,1.22413504657834e-05,0,3.59859950974374e-05,0,0,0,0.000188649583398837,2.25810093711189e-05,4.56079540271823e-05,1.97025700032312e-06,0,0.97915249295364,1.65242824330353e-05,0,0,0
0,0,1.12145340361108e-05,1.22243411080143e-05,0,0,0,6.63684510930884e-06,0,5.87192164507757e-06,0,1.30637412595406e-05,0,0,5.29240539825351e-05,0,0,1.27997085238468e-05,5.43717023562521e-05,0,1.94801146989153e-05,0,0,0,0,0.000542952644349051,0,0,0,0,3.67201556934601e-05,0,0,0,0,0,0,0,0,0.000436423488727805,0,0,0,9.18526683200147e-05,1.21783692676416e-05,0,0,8.82904756649376e-06,0,0,0,0,0,0,3.3222039501005e-05,0,1.99575569289311e-05,0,3.41565051063975e-05,0,0,5.6784949716927e-06,0,0,0,9.962739354813e-06,3.97519478454444e-05,2.85756688319649e-05,0.000536709859031512,0,0,0,1.23088285072468e-05,4.08891242717842e-05,9.57157624717639e-06,0,0,0,0,0.00106907794067842,0,0,0,0,0,3.14415972331394e-05,0,0,1.97025700032312e-06,0,1.21488968801633e-05,0.988036419518482,2.39578342117873e-07,0,0
0.000233617568041117,3.60113795959523e-05,0,0.000305608527700357,0.000541444007627298,0,0,0,0,0,0,9.79780594465546e-06,2.19770559535845e-05,0,0.00111140513363324,0,0,2.23250730067096e-06,3.26230214137513e-06,0,3.89602293978307e-06,6.52869360840896e-05,0.000753985351141749,0,0,0,0,0,2.90630086026505e-05,0,0,0,0,0.000318167356029271,0.00318191792846171,8.08712529652793e-05,0,0,0,4.15641417836005e-06,9.9147332936744e-05,0,0,0,0,0,0.000175116681005931,0,0,0,0,0,0,1.0845281218142e-05,0,0,0,0,0,0,0.000108412836079792,0,0,0,5.08052634252909e-05,1.9925478709626e-05,0,0,2.19065248584291e-05,0,0.000137646249139711,0,0,1.94710115579925e-06,0,0,0,0,0.000278901129549575,0,0,0,6.40081930487102e-05,0,0.000182951530912275,0.000440182361263952,0.000112905046855594,9.12159080543647e-05,3.94051400064624e-06,0,1.21488968801633e-05,4.9572847299106e-05,0.999985960709152,0,0
0,0,0,0,0,0,0,0,0,0,0,0,0,0,0,0,0,0,0,0,0,0,0,0,0,0,0,0,9.68766953421685e-06,9.09090909090909e-05,0,0,0,0,0,0.00113219754151391,0,0,0,0,0,0,0,0,0,0,0,0,0,0,0,0,0,0,0,0,0,0,0,0,0,0,0,0,0,0,0,0,0,0,0,0,0,0,0,0,0,0,0,0,0,0,0,4.73877502665561e-05,0,0,0,0,0,0,0,0,0,0.99998815958816,0
0,0,0,0,0,0,0,0,0,0,0,0,3.66284265893074e-06,0,0,0,0,0,0,0,0,0,0,0,0,0,0,0,0,0,0,0.000347503764624117,0,0,0,0,0,0,0,0,0,0,0,0,0,0,2.28413062181649e-05,0,0,0,0,0,4.90713251711362e-06,1.0845281218142e-05,0,0,0,0,0,0,2.7103209019948e-05,0,0,0,0,0,0,0,0,0,0,0,0,0,0,0,0,0,0,0,0,0,0,0,0,0,0,0,0,0,0,0,0,0,0.999999523160763
