0.985866137133512,0,0,0.0007701334898049,2.35410438098825e-05,0,0,0,0,0,0,1.63296765744258e-05,3.66284265893074e-06,0,0,6.2032045754837e-06,0,7.44169100223653e-07,1.08743404712504e-06,0,0,0,0.000538560965101249,0,0,0,0,0,0,0,0,0,0,7.95418390073178e-05,5.4860653938995e-05,0,0,0,0,0,0,0,3.64351818115572e-05,0,1.21783692676416e-06,0,0,0,0,0,0,0,0,0,0,0,0,0,0,0,0,0,0,0,0,0,0,0,0,0,0,0,0,0,0,0,0,0,0,0,0,0,0,0,1.30679664937339e-05,0,0.000135486056226713,0,0,0,0,0,0,0,0
0,0.991465303035759,0,4.88973644320571e-05,0,0,0,0,2.91468710833892e-05,0,0,3.91912237786218e-05,3.66284265893074e-06,0,0,6.2032045754837e-06,0,1.19067056035784e-06,1.08743404712504e-06,0,0,0,0,0.00591275745947216,0,0,2.86346976175932e-05,0,0,0,0,0,0,0,0,0,0,0,0,0,0,0,0,0,1.21783692676416e-06,0,0,0,0,0,0,0,0,0,0,0,0,0,0,0,0.000379444926279271,0,0.00021425510641337,0,0,0,0,0,5.47663121460727e-06,0,4.58820830465703e-05,5.37230041903943e-05,0,0,0,0,0,0,0,0,0,2.11682324102573e-06,0,0,1.30679664937339e-05,0,0.000180648074968951,0,0,0,1.21488968801633e-05,0,0,0,0
0,0,0.990164853650331,1.22243411080143e-05,0,0,0,3.9821070655853e-05,0.000145734355416946,3.91461443005171e-06,0.00254531722054381,6.53187062977031e-06,0,0,0,0.000508662775189663,0.000388555280819498,1.17578717835337e-05,4.34973618850017e-06,0,0,0,0,0,7.51772303204805e-06,0,0,0,9.68766953421685e-06,0,1.04914730552743e-05,0,0,0,0,0,0,4.52652543907297e-05,0,7.89718693888409e-05,0,0,0,4.59263341600074e-05,7.30702156058495e-06,0,0,0.000132435713497406,0,0,0,0,0,0,0.000481719572764572,0,0,0,3.41565051063975e-05,0.000428350192757587,0,5.6784949716927e-06,0,0,0,0,0,3.31846476758302e-05,0,0,0,0,6.15441425362341e-06,0.000101249260101561,0.00023928940617941,0,0,8.85739592559787e-05,0,8.16090031052226e-06,0,6.35046972307718e-06,0.00012801638609742,0,0,0,0,0,1.97025700032312e-06,0,0,0,0,0,0
0.00887746758556243,0.000324102416363571,1.12145340361108e-05,0.992763190064056,2.35410438098825e-05,0,0,0,2.91468710833892e-05,7.82922886010342e-06,0,0.000244945148616386,1.83142132946537e-05,0,0,0,0,4.31618078129718e-06,8.69947237700033e-06,0,3.89602293978307e-06,6.52869360840896e-05,0.00032313657906075,0.000156629336674759,0,1.69672701359078e-05,0,0,9.68766953421685e-06,0,0,0,0,0.00302258988227808,0.000658327847267939,0,0,0,0,0,4.9573666468372e-05,0,0,0,2.43567385352832e-06,0,2.28413062181649e-05,2.20726189162344e-05,0,0,0,0,4.90713251711362e-06,2.1690562436284e-05,3.3222039501005e-05,0,0,0,0,0,0.000216825672159584,0,0,0,0,1.9925478709626e-05,3.97519478454444e-05,1.84359153754612e-06,2.19065248584291e-05,0,0.000137646249139711,0,0,0,0,0,0,0,0,0,0,4.23364648205146e-06,0,0,1.30679664937339e-05,3.14415972331394e-05,0.00424522976177035,0,0,0,1.21488968801633e-05,1.65242824330353e-05,1.62913272640153e-06,0,0
0,0,0,0,0.995739071070411,0.00120513041232676,0.000193485972267011,0,0,0,0,6.53187062977031e-06,7.32568531786149e-06,0,5.29240539825351e-05,0,0,7.44169100223653e-07,0,0.00017860332202179,0,6.52869360840896e-05,0,0,0,1.69672701359078e-05,0,0,0.000106564364876385,9.09090909090909e-05,5.24573652763716e-06,0,0.00147199528961507,0,5.4860653938995e-05,5.39141686435195e-05,5.1721016835191e-05,0,0,0,4.9573666468372e-05,0,0,0,0,0,7.61376873938831e-06,0,0,0.000213743721278187,0,0.00255123735011481,0,0,0,0,0,0,0,0,2.7103209019948e-05,0,0,0,0,0,0,9.21795768773062e-07,0,0,4.58820830465703e-05,0,0,0,0,0,0,0,0.000697252823873937,0,0,0,0,0,0,0,0,4.56079540271823e-05,3.94051400064624e-06,0,0,0,1.62913272640153e-06,0,0
0,0,0,0,0.000329574613338355,0.991391925626237,0.000838439213157046,0,0,0,0,0,0,0,0,0,0,1.48833820044731e-07,0,0.000714413288087158,0,0,0,0,0,1.69672701359078e-05,0,6.57591898467811e-05,1.93753390684337e-05,0,5.24573652763716e-06,0,0.00011039964672113,0,0,0,0.000181023558923168,0,0,0,9.9147332936744e-05,0,3.64351818115572e-05,0,0,0,0,0,0,0.000961846745751844,0,0.00909941321540947,0,0,0,0,0,0,0,0,0,0,0,0,0,0,0,0,0,0,0,0,0,0,0,0,0,0,0.000139450564774787,0,0.000288350634371396,0,0,0,1.30679664937339e-05,0,0,4.56079540271823e-05,5.91077100096937e-06,0.000135961930659415,0,0,0,0,0
0,0,0,0,7.06231314296476e-05,0.000602565206163381,0.995614317961948,6.63684510930884e-06,0,0,0,0,0,0,0,0,0,1.48833820044731e-07,0,0,0,0,0,0,0,0,0,0.000131518379693562,0.000164690382081686,0,0,0,0,0,0,8.08712529652793e-05,0.000543070676769505,0,0.000155969741870077,0,0,0,0,0,0,0,0,0,0,0.000106871860639094,0,0.000340164980015307,0,0,0,0,0,0,0,0,0,0,0,0,0,0,0,0,0,0,0,0,0,0,0,0,0,0,0.000139450564774787,0,0.000192233756247597,0,0,0,0,0,0,0,5.91077100096937e-06,0,0,0,0,0,0
0,0,5.6072670180554e-05,0,0,0,0,0.980666870196583,0.000320615581917281,5.87192164507757e-06,0.000158610271903323,9.79780594465546e-06,0,0,0.00010584810796507,1.86096137264511e-05,0.000211939244083363,8.33469392250491e-06,1.19617745183755e-05,0,0.00620246852013465,0,0,0,0,0,0,6.57591898467811e-05,2.90630086026505e-05,0,4.72116287487345e-05,0,0,0,0,0,5.1721016835191e-05,0.0114521093608546,0,0.000124692425350801,0,0,3.64351818115572e-05,0.000459263341600073,2.43567385352832e-06,0,1.52275374787766e-05,0.0018364418938307,0.000245383718790258,0,0.000121457489878543,0,0,1.0845281218142e-05,0.000431886513513065,0.000473566385396935,6.65251897631038e-06,0.000110797185751482,3.41565051063975e-05,0.00019770008896504,0,5.6784949716927e-06,0,0,0,0,3.97519478454444e-05,1.38269365315959e-05,1.64298936438218e-05,0,0,0,1.84632427608702e-05,2.53123150253902e-05,0.000411577778628585,0,0,0.000679067020962504,0,1.22413504657834e-05,0.000192233756247597,1.05841162051286e-05,0,4.73877502665561e-05,0,0,0,0.000136823862081547,0.000110334392018095,0,0,1.65242824330353e-05,4.79156684235745e-08,0,0
0,0,5.6072670180554e-05,1.22243411080143e-05,0,0,0,4.64579157651619e-05,0.983269695998135,1.95730721502586e-06,6.04229607250755e-05,9.79780594465546e-06,0,0,0,3.72192274529022e-05,0,5.65568516169976e-06,5.43717023562521e-06,0,5.06482982171799e-05,0,0,0,0,6.78690805436313e-05,0,0,0,0,5.24573652763716e-06,0,0,0,0,0,0,0.000113163135976824,0,0.000773093037174968,0,0,0,0.000367410673280059,3.65351078029248e-06,0,7.61376873938831e-06,3.53161902659751e-05,0,0,0,0,0,0,0.00204315542931181,0,0,0,0,0.00019770008896504,0,5.6784949716927e-06,0,0,0,0,3.97519478454444e-05,5.16205630512915e-05,5.47663121460727e-06,0,0,0,6.15441425362341e-06,4.67304277391819e-05,9.57157624717639e-05,0,0,0.000118098612341305,0,4.08045015526113e-06,0,2.11682324102573e-06,0,2.3693875133278e-05,0,0,0,0,2.56133410042006e-05,0,0,1.65242824330353e-05,4.79156684235745e-08,0,0
0,3.60113795959523e-05,8.97162722888864e-05,2.44486822160286e-05,0,0,0,1.99105353279265e-05,5.82937421667784e-05,0.982853988796374,1.51057401812689e-05,3.91912237786218e-05,1.83142132946537e-05,0,0,4.96256366038696e-05,3.53232073472271e-05,0.000406613996362204,0.00206068751930195,0,1.94801146989153e-05,0,0,0,6.01417842563844e-05,0,0.000104993891264508,0,0,0,5.24573652763716e-06,2.31669176416078e-05,0,0,0,0,0,6.78978815860945e-05,0,4.15641417836005e-05,0,0,0,9.18526683200147e-05,0.00254649701386386,0,5.32963811757182e-05,7.06323805319501e-05,0,0,0,0,4.90713251711362e-06,1.0845281218142e-05,8.30550987525124e-05,0,0.000339278467791829,0,0.00013662602042559,0,0,0.000976701135131145,7.14183688044565e-05,0.000134928487901412,5.08052634252909e-05,1.9925478709626e-05,0,1.93577111442343e-05,1.64298936438218e-05,0,0,0,0.000738529710434809,6.23072369855759e-05,7.65726099774111e-05,9.56809614023002e-05,0.00013984058173682,0,0,8.97699034157448e-05,9.61168781237985e-05,0.00313713204320013,0,0,0,6.28831944662789e-05,0,0,9.85128500161561e-06,0,0.000170084556322286,8.26214121651767e-05,4.79156684235745e-08,0,0
0,0,0.00398115958281933,0,0,0,0,0.00011282636685825,5.82937421667784e-05,0,0.989244712990937,0,0,0,0.00010584810796507,0.00016748652353806,0.00879547862945955,1.07160350432206e-05,1.30492085655005e-05,0,5.4544321156963e-05,0,0,3.91573341686898e-05,0,5.09018104077235e-05,0,0,0,0,1.04914730552743e-05,0,3.67998822403768e-05,0,0,0,0,0.000271591526344378,0,7.48154552104808e-05,0,0,0,0.00087260034904014,2.43567385352832e-06,0,7.61376873938831e-06,0.000763712614501711,0,0,0,0,0,0,0.000896995066527134,0,0,0,0,0.00141685063758279,0,5.6784949716927e-06,0,0,0,0,0,2.76538730631919e-05,2.73831560730364e-05,0,0,0,0,6.23072369855759e-05,0.00158888165703128,0,0,0.000560968408621199,0,1.63218006210445e-05,0,6.35046972307718e-06,0,0,0,0,0,0,3.94051400064624e-06,0,0,0,4.79156684235745e-08,0,0
0.000817661488143908,0.000432136555151428,1.12145340361108e-05,0.000892376900885042,2.35410438098825e-05,0,0,0,2.91468710833892e-05,3.91461443005171e-05,3.77643504531722e-05,0.995992697368636,0,0,5.29240539825351e-05,0,0,4.68826533140901e-05,0.000268596209639885,0,0,0,0.00010771219302025,0.000156629336674759,1.50354460640961e-05,1.69672701359078e-05,0,0,1.93753390684337e-05,0,4.72116287487345e-05,2.31669176416078e-05,0,0.00827235125676106,0.000274303269694975,2.69570843217598e-05,0,0,0,4.15641417836005e-05,0,0,3.64351818115572e-05,0,4.38421293635097e-05,0,3.04550749575532e-05,7.06323805319501e-05,0,0,0,8.50412450038269e-05,9.81426503422725e-06,1.0845281218142e-05,4.98330592515075e-05,0,6.65251897631038e-06,0,0.000102469515319193,6.59000296550133e-05,2.7103209019948e-05,1.13569899433854e-05,0,2.2488081316902e-05,5.08052634252909e-05,9.962739354813e-06,0,9.21795768773062e-06,0.000251925035871934,0,0.00252351456756137,5.37230041903943e-05,6.15441425362341e-06,4.28362254275834e-05,5.74294574830583e-05,1.913619228046e-05,0,5.90493061706525e-05,0,0.000461090867544508,0,2.96355253743602e-05,0,0,0,3.14415972331394e-05,0.000361296149937902,0,0,0,1.21488968801633e-05,6.60971297321414e-05,8.14566363200767e-07,0,0
0.000116808784020558,0,1.12145340361108e-05,0.000134467752188157,2.35410438098825e-05,0,0,1.32736902186177e-05,2.91468710833892e-05,7.82922886010342e-06,7.55287009063444e-06,9.79780594465546e-06,0.979682211770911,0.00269847266447191,0,6.2032045754837e-06,0,2.15809039064859e-05,1.73989447540007e-05,0,7.79204587956614e-06,0,0.000430848772081,0.000117472002506069,0.000248084860057586,0,0,0,0,0,0,0.000162168423491254,0,0,0,0,0,4.52652543907297e-05,0,1.66256567134402e-05,0,0,0,0,3.16637600958681e-05,0,0.0016293465102291,4.41452378324688e-06,0,0,0,0,0.000196285300684545,0.0196353816454461,1.66110197505025e-05,0,2.66100759052415e-05,0,0.00502100625064043,0,0.000921509106678231,5.6784949716927e-06,0.000142836737608913,8.99523252676082e-05,0.0039120052837474,0.00596768087353299,0.0125616155191604,9.21795768773062e-07,0,0,0,0.000483507037713549,1.23088285072468e-05,7.78840462319698e-06,0,7.65447691218401e-05,0.00153824639910502,0,0,4.08045015526113e-06,0,1.90514091692316e-05,0,0,0.000757942056636567,0.00201226222292092,0.00020322908434007,0,3.94051400064624e-06,0,0.000255126834483429,1.65242824330353e-05,4.31241015812171e-07,0,2.27066303360581e-08
0,0,0,0,0,0,0,0,0,0,0,0,0.000153839391675091,0.989206109342112,0,0,0,5.95335280178922e-07,0,0,0,0,0,0,7.51772303204805e-06,0,0,0,0,0,0,0.000139001505849647,0,0,0,0,0,0,0,0,0,0,0,0,0,0,5.32963811757182e-05,0,0,0,0,0,0.000215913830752999,0.000281977311671692,0,0,0,0,0.000717286607234348,0,0,0,0,0,0.000101610526850582,0,3.97519478454444e-05,0,0,0,0,0,0,1.94710115579925e-06,0,0,0,0,0,0,0,0,0,0,0,6.28831944662789e-05,0,0,0,0,0,0,0,0,0
0,0,0,3.66730233240428e-05,2.35410438098825e-05,0,0,0,0,1.95730721502586e-06,0,1.30637412595406e-05,3.66284265893074e-06,0,0.995501455411484,0,0,2.97667640089461e-07,0,0.00017860332202179,0,0,0,0,0,0,0,0,9.68766953421685e-06,0,2.62286826381858e-05,0,0,0,0.00043888523151196,0,0,0,0,0,0.000347015665278604,0,3.64351818115572e-05,0,0,0,0,0,0,0,0,0,0,5.42264060907099e-06,0,0,0,0,0,0,0,0,0,0,0,0,0,0,1.64298936438218e-05,0.000435085276714236,0,0,0,0,0,0,0,0,0,0,0,0,0.000192024579146131,0,0,0,0,0.000364863632217459,0,0,0,1.65242824330353e-05,1.05414470531864e-06,0,0
0,0,0.00102052259728608,0,0,0,0,6.63684510930884e-06,5.82937421667784e-05,1.3701150505181e-05,0.000287009063444109,1.63296765744258e-05,0,0,0,0.981886642639588,0.000105969622041681,6.77193881203524e-05,2.28361149896259e-05,0.00017860332202179,0,0,0,3.91573341686898e-05,7.51772303204805e-06,8.48363506795392e-05,1.90897984117288e-05,0,0,0,2.09829461105487e-05,0,0,0,0,0,0,2.26326271953648e-05,0,0.000594367227505487,0,0,0,0.000183705336640029,1.46140431211699e-05,0,7.61376873938831e-06,3.97307140492219e-05,0,0,0,0,0,0,0.000149499177754522,0,0,0,0.000102469515319193,6.59000296550133e-05,0,0,0,6.74642439507061e-05,0,9.962739354813e-06,0,0.000722687882718081,1.09532624292145e-05,0,0,0,6.15441425362341e-06,0.00211260475404218,5.74294574830583e-05,1.913619228046e-05,0,8.85739592559787e-05,0,3.2643601242089e-05,0,2.11682324102573e-05,0,0,0,0,2.25810093711189e-05,0,1.97025700032312e-06,0,0,4.9572847299106e-05,0,0,0
0,0,0.00013457440843333,1.22243411080143e-05,0,0,0,6.63684510930884e-06,5.82937421667784e-05,0,0.00180513595166163,3.26593531488515e-06,0,0,5.29240539825351e-05,1.86096137264511e-05,0.979689155775344,2.08367348062623e-06,1.08743404712504e-06,0,1.55840917591323e-05,0,0,0,0,0,0,0,0,0,0,0,0,0,0,0,0,0,0,2.07820708918002e-05,0,0,0,0,2.43567385352832e-06,0,0,0.000331089283743516,0,0,0,0,0,0,8.30550987525124e-05,0,0,0,0,0.000230650103792547,0,0,0,0,0,0,0,8.29616191895756e-06,0,0,0,0,0,7.78840462319698e-06,0.00144530801332363,0,0,0.000147623265426631,0,0,0,6.35046972307718e-06,0,0,0,0,0,0,3.94051400064624e-06,0,0,0,0,0,0
0.00151851419226726,0.000504159314343333,0.00137938768644163,0.000806806513128942,7.06231314296476e-05,4.30403718688129e-05,0,0.000511037073416781,0.00154478416741963,0.00525732717955945,0.000823262839879154,0.0012541191609159,0.000509135129591373,0.000161908359868315,0.000158772161947605,0.00336213687991216,0.00102437301306959,0.994187592825793,0.00859181640633496,0,0.000280513651664381,0,0,0.00109640535672331,0.00770566610784925,0.00101803620815447,0.00230986560781918,6.57591898467811e-05,2.90630086026505e-05,0,0.000288515509020044,0.000556006023398587,0.000183999411201884,0.000636334712058543,0.000164581961816985,2.69570843217598e-05,5.1721016835191e-05,0.00192377331160601,7.79848709350386e-05,0.00265179224579371,0.000148720999405116,0,0.000109305545434672,0.00133186369064021,0.00711094981537592,0,0.00118774792334458,0.000754883566935217,6.13459296975646e-05,0.000106871860639094,4.04858299595142e-05,8.50412450038269e-05,0.000701719949947248,0.000477192373598247,0.00192687829105829,4.30514895815395e-05,0.00514904968766423,0.000221594371502964,0.00539672780681081,0.00171340077103035,0.000352341717259323,0.00592834875044718,0.000642765319240109,0.00735360259062697,0.000152415790275873,0.000368621356128081,0.00119255843536333,0.00235518818921517,0.000744821845186589,0,0.000275292498279422,0.00037606102933276,0.0154168077053266,0.00875027259416181,0.000813583981009993,0.00130126107507128,0.00055936232694728,0.00156480661352229,0,0.00243194829253563,9.61168781237985e-05,0.0116255932397133,0.000192024579146131,4.73877502665561e-05,0.000117611698443605,0.00128910548655872,0.000112905046855594,0.000136823862081547,0.000250222639041037,0,0.00618378851200311,0.00190029247979906,2.10828941063728e-06,0,0
0.000584043920102792,3.60113795959523e-05,0.000157003476505551,0.000232262481052271,2.35410438098825e-05,0,0,5.30947608744707e-05,0.000262321839750503,0.00395767518878228,7.55287009063444e-05,0.000751165122423585,4.02912692482382e-05,0,0,0.00011786088693419,7.06464146944543e-05,0.00112369534133772,0.984166960273859,0,3.50642064580476e-05,0,0,0,0.00030822664431397,0.000118770890951355,0.000190897984117288,0,9.68766953421685e-06,0,4.72116287487345e-05,2.31669176416078e-05,0,0.000477251034043907,0.000164581961816985,0,0,0.000158428390367554,0,0.000266010507415043,0,0,0.000109305545434672,0.000367410673280059,0.000667374635866759,0,0.000182730449745319,0.000110363094581172,0,0,0,0,3.43499276197954e-05,5.96490466997809e-05,0.000215943256756532,4.30514895815395e-05,0.000332625948815519,0,0.00054650408170236,0.00039540017793008,5.42064180398959e-05,0.000340709698301562,0,0.000202392731852118,5.08052634252909e-05,2.9888218064439e-05,0.000119255843536333,9.67885557211715e-05,0.000125962517935967,0,4.58820830465703e-05,0,0.000615441425362341,0.000323218791862675,0.000114858914966117,0.00017222573052414,6.992029086841e-05,8.85739592559787e-05,0,0.00388866899796386,0,0.00440087551809249,0,0,3.92038994812017e-05,0.000345857569564534,0.000158067065597832,0,2.75835980045237e-05,0,0.000400913597045388,0.000842738404084803,1.43747005270724e-07,0,0
0,0,0,0,0,0.000129121115606439,0,0,0,0,0,0,0,0,0,0,0,0,0,0.981603857831756,3.89602293978307e-06,0,0,0,0,0,0,0,9.68766953421685e-06,0,5.24573652763716e-06,0,0,0,0,0,5.1721016835191e-05,0,7.79848709350386e-05,0,0.00173507832639302,0,0,4.59263341600074e-05,0,0.000188217579521927,0,0,0,0.000534359303195469,0,0,0,0,0,0,0,0,0,0,0,0,0,0,0,0,0,0,0,8.70170553428472e-05,0,0,0,0,0,0,0,0,0,0,0.000288350634371396,0,6.40081930487102e-05,0,0,0,0,0.000866551126516464,1.97025700032312e-06,0,0,1.65242824330353e-05,4.79156684235745e-08,0,0
0,0,2.24290680722216e-05,0,2.35410438098825e-05,8.60807437376259e-05,0,0.0109507944303596,0.000466349937334227,3.91461443005171e-06,8.30815709969789e-05,6.53187062977031e-06,0,0,0,0,3.53232073472271e-05,1.80088922254124e-05,1.41366426126255e-05,0.000357206644043579,0.989987221044758,0,0,0,7.51772303204805e-06,1.69672701359078e-05,0,0.000263036759387124,3.87506781368674e-05,9.09090909090909e-05,3.1474419165823e-05,0,0,0,0,2.69570843217598e-05,2.58605084175955e-05,0.00278381314502988,0.000467909225610232,0.000187038638026202,4.9573666468372e-05,5.3058842256062e-05,0,0.00105630568568017,8.52485848734911e-06,0.000658761528326746,0,0.000432623330758194,0.00699343598552236,0.000213743721278187,0.00190283400809717,0,0,5.42264060907099e-06,0.000564774671517084,0.00473566385396935,6.65251897631038e-06,0.000332391557254446,3.41565051063975e-05,9.885004448252e-05,2.7103209019948e-05,0,7.14183688044565e-05,0,0,0,3.97519478454444e-05,2.39666899880996e-05,1.09532624292145e-05,8.70170553428472e-05,0,5.37230041903943e-05,0,7.00956416087729e-05,0.000287147287415292,0,0,0.000147623265426631,0,4.08045015526113e-06,0.00134563629373318,2.11682324102573e-06,0,4.73877502665561e-05,0,9.43247916994183e-05,0,9.12159080543647e-05,0.000585166329095967,0.000135961930659415,0,1.65242824330353e-05,9.5831336847149e-08,0,0
0,0,0,0,4.70820876197651e-05,0,0,0,0,0,0,0,0,0,0,0,0,1.48833820044731e-07,0,0,0,0.995038192857609,0,0,0,0,0,6.57591898467811e-05,0.000300317755560722,0.000545454545454545,0,0,0,0,0,2.69570843217598e-05,0,0,7.79848709350386e-05,0,0,0.000636706107072744,0,0,0,0,0,0,0,0,0,0,0,0,0,0,0,0,0,0,0,0,0,0,0,0,0,0,0,0,0,0,0,0,0,0,0,0,0,0,0,0,0,0,0,0,0,0,5.91077100096937e-06,0,0,0,4.79156684235745e-08,0,0
0.000350426352061675,0,0,2.44486822160286e-05,0,0,0,0,0,0,0,0,3.66284265893074e-06,0,0,0,0,0,0,0,0,0,0.989659629470056,3.91573341686898e-05,0,0,0,0,0,0,0,0,0,0,0.00010972130787799,0,0,0,0,0,0,0,0,0,0,0,7.61376873938831e-06,0,0,0,0,0,4.90713251711362e-06,0,0,0,0,0,3.41565051063975e-05,0,0.000298135299219428,0,0,0,0,9.962739354813e-06,0,0,0,0,0,0.000107446008380789,0,0,0,0,0,0,0.000139450564774787,0,0,0,0,0,0.000666466291180429,0,0.000158067065597832,0,0,0,1.21488968801633e-05,1.65242824330353e-05,3.83325347388596e-07,0,0
0,0.00561777521696856,0,7.33460466480857e-05,0,0,0,0,0,3.91461443005171e-06,0,1.95956118893109e-05,3.66284265893074e-06,0,0,0,0,4.61384842138665e-06,0,0,0,0,0,0.989388362440285,1.50354460640961e-05,0,8.59040928527795e-05,0,0,0,0,0,0,0,0,0,0,0,0,0,0,0,0,4.59263341600074e-05,2.07032277549907e-05,0,0,0,0,0,0,0,4.90713251711362e-06,5.42264060907099e-06,0,0,3.99151138578623e-05,0,6.8313010212795e-05,0,0.000623373807458803,5.6784949716927e-06,0.00107127553206685,2.2488081316902e-05,0,4.9813696774065e-05,0,0,5.47663121460727e-06,0,0,0.000107446008380789,0,0,0,1.913619228046e-05,0,0,0,0,0,2.11682324102573e-06,0,0,0,0,0.000158067065597832,0,0,0,3.64466906404898e-05,0,0,0,0
0.000116808784020558,0,0,1.22243411080143e-05,0,0,0,0,0,9.78653607512928e-06,7.55287009063444e-06,1.30637412595406e-05,4.02912692482382e-05,0,0,6.2032045754837e-06,0,0.000157912683067459,4.89345321206269e-05,0,0,0,0,3.91573341686898e-05,0.984814199475263,1.69672701359078e-05,6.68142944410507e-05,0,0,0,5.24573652763716e-06,6.95007529248234e-05,0,0,0,0,0,2.26326271953648e-05,0,1.66256567134402e-05,0,0,0,0,9.9862627994661e-05,0,4.56826124363299e-05,4.41452378324688e-06,0,0,0,0,0.000152121108030522,5.42264060907099e-05,0,0,7.98302277157246e-05,0,0.000512347576595963,3.29500148275067e-05,2.7103209019948e-05,2.27139798867708e-05,7.14183688044565e-05,0.00640910317531708,0,2.9888218064439e-05,7.95038956908888e-05,4.60897884386531e-06,0,0,0,0,4.30808997753639e-05,2.14181127137917e-05,0,0.000382723845609201,6.992029086841e-05,5.90493061706525e-05,0,2.04022507763056e-05,0,2.96355253743602e-05,0,0,0,3.14415972331394e-05,0,0,1.18215420019387e-05,0,0.00386334920789192,3.30485648660707e-05,0,0,0
0,0,2.24290680722216e-05,0,0,4.30403718688129e-05,0,1.32736902186177e-05,8.74406132501676e-05,3.91461443005171e-06,7.55287009063444e-06,9.79780594465546e-06,7.32568531786149e-06,0,0,1.86096137264511e-05,0,5.3580175216103e-06,1.08743404712504e-05,0.00017860332202179,0,0,0,0,0,0.992585302950608,0,0,0,0,0.000299006982075318,0,0,0,0,0,0,4.52652543907297e-05,0,0.000594367227505487,4.9573666468372e-05,0,0,4.59263341600074e-05,3.65351078029248e-06,0,7.61376873938831e-06,4.41452378324688e-06,0,0,0,0,0,5.42264060907099e-06,4.98330592515075e-05,0,0,0,0,6.59000296550133e-05,0,0,0,0,0,0,0,3.41064434446033e-05,4.38130497168582e-05,8.70170553428472e-05,0,0,0,3.50478208043864e-05,3.82863049887055e-05,0,0,0,0,1.63218006210445e-05,0,2.11682324102573e-06,0,0,0,3.14415972331394e-05,0,0,1.97025700032312e-06,0,0,0.000809689839218732,4.79156684235745e-08,0,0
0,0.000108034138787857,0,0,0,0,0,0,0,3.91461443005171e-05,0,6.53187062977031e-06,7.32568531786149e-06,0,0,0,0,3.91432946717641e-05,1.73989447540007e-05,0,0,0,0,0.000509045344192967,5.26240612243364e-05,0,0.99044555589493,0,0,0,0,0,0,0,0,0,0,0,0,4.15641417836005e-06,0,0,0,0,0.000239913874572539,0,7.61376873938831e-06,0,0,0,0,0,0,5.42264060907099e-06,0,0,0.00192923050313001,0,0.000102469515319193,0,5.42064180398959e-05,5.6784949716927e-05,0.000142836737608913,0.00011244040658451,0,2.9888218064439e-05,0,0,0,0,0,0,8.61617995507278e-05,5.84130346739774e-06,0,0.00149262299787588,0,0,0,0,0,2.96355253743602e-05,0,0,0,0,0,0,0,0,0.00125133637865682,0,4.79156684235745e-08,0,0
0,0,0,0,0,0,6.44953240890035e-05,6.63684510930884e-06,0,0,0,0,0,0,0,0,0,0,0,0,7.79204587956614e-06,0,0,0,0,0,0,0.994015913723943,0.000290630086026505,0,0,0,3.67998822403768e-05,0,0,0.000134785421608799,5.1721016835191e-05,0,0.002027606644311,4.15641417836005e-06,0,0,0,0,0,0,0,0,6.13459296975646e-05,0,0,0,0,0,0,0,0,2.76992964378705e-05,0,0,0,0,0,0,0,0,0,0,0,0,0,0,0,0,0,0,0,0,0.000139450564774787,0,0,0,0,0.00011846937566639,0,0,0,4.56079540271823e-05,3.152411200517e-05,0,0,0,0,2.57400257400257e-07,0
0,0,0,1.22243411080143e-05,0.00028249252571859,8.60807437376259e-05,0.000709448564979039,1.99105353279265e-05,0,0,1.51057401812689e-05,0,3.66284265893074e-06,0,5.29240539825351e-05,0,0,1.04183674031311e-06,1.08743404712504e-06,0.00017860332202179,1.55840917591323e-05,0.00274205131553176,0,0,0,0,0,0.00210429407509699,0.997025885452995,0.000545454545454545,0,0,0.000515198351365276,0,5.4860653938995e-05,0.00142872546905327,0.000129302542087977,2.26326271953648e-05,0.0010138033221555,4.15641417836005e-06,0,0.00100811800286518,3.64351818115572e-05,0,0,0,0,4.41452378324688e-06,0,0,4.04858299595142e-05,0.000170082490007654,0,0,0,0,6.65251897631038e-06,0,0,0,2.7103209019948e-05,0,0,0,0,0,0,9.21795768773062e-07,0,0,0,0,0,3.89420231159849e-06,0,0,0,0,0.00209175847162181,0,0,0,0,7.10816253998341e-05,0,0,0,4.56079540271823e-05,9.26020790151867e-05,0.00475866757307954,0,3.30485648660707e-05,2.87494010541447e-07,5.14800514800515e-07,0
0,0,0,0,0,0,0,0,0,0,0,0,0,0,0,0,0,0,0,0,0,0.000391721616504537,0,0,0,0,0,0,7.75013562737348e-05,0.998,0,0,0,0,0,5.39141686435195e-05,0,0,0,0,0,0.000159176526768186,0,0,0,0,0,0,0,0,0,0,0,0,0,0,0,0,0,0,0,0,0,0,0,0,0,0,0,0,0,0,0,0,0,0,0,0,0,0,0,0,0,0,0,0,0,0,0,0,0,0,4.79156684235745e-08,0,0
0,0,0,4.88973644320571e-05,0,0.000172161487475252,0,5.97316059837795e-05,5.82937421667784e-05,1.95730721502586e-06,2.26586102719033e-05,1.95956118893109e-05,0,0,0.000793860809738026,0,0,5.80451898174449e-06,9.78690642412538e-06,0.00125022325415253,3.50642064580476e-05,0,0,3.91573341686898e-05,0,0.00101803620815447,9.54489920586439e-06,0,0,0,0.99724598832299,0,0,0,0,2.69570843217598e-05,7.75815252527865e-05,0.000362122035125837,0,7.06590410321208e-05,0.000842752329962324,0,0.00429935145376375,4.59263341600074e-05,3.65351078029248e-06,0.000376435159043855,0,2.64871426994813e-05,0,0.000213743721278187,0,8.50412450038269e-05,0,0,4.98330592515075e-05,8.6102979163079e-05,6.65251897631038e-06,2.76992964378705e-05,0.00013662602042559,0,0,0,0,2.2488081316902e-05,0,0,0,8.29616191895756e-06,0.000372410922593294,0.00261051166028542,0.000137646249139711,0,0,2.92065173369887e-05,2.87147287415292e-05,0,0,0,0,1.22413504657834e-05,0.000480584390618993,2.11682324102573e-06,0.00224028675670486,2.3693875133278e-05,0,0,0,0.00104898294262519,5.91077100096937e-06,0,0,0.000214815671629459,4.79156684235745e-08,0,0
0,0,0,0,0,0,0,0,0,0,0,0,4.39541119071689e-05,0.000161908359868315,0,0,0,2.53017494076042e-06,0,0,0,0,0,0,2.25531690961442e-05,0,0,0,0,0,0,0.992030580331287,0,0,0,0,0,0,0,0,0,0,0,0,1.21783692676416e-06,0,0,0,0,0,0,0,0.00128566871948377,1.6267921827213e-05,0,0,0,0,0,0,0,0,0,8.99523252676082e-05,0,0,3.97519478454444e-05,0,0,0,0,0,6.15441425362341e-06,0,0,0,0,0,0,0,0,0,0,0,2.61359329874678e-05,0,2.25810093711189e-05,0,0,0,0,0,0,0,2.95186194368756e-07
0,0,0,0,0.000918100708585419,0.000129121115606439,0,0,0,0,0,0,0,0,0,0,0,0,0,0,0,6.52869360840896e-05,0,0,0,0,0,0,7.75013562737348e-05,0,0,0,0.997203208949731,0,0,0,0,0,0,0,0,0,0,0,0,0,0,0,0,0.000320615581917281,0,0.000255123735011481,0,0,0,0,0,0,0,0,0,0,0,0,0,0,0,0,1.64298936438218e-05,0,0,0,0,0,0,0,0,0,0,0,0,0,0,0,1.30679664937339e-05,0,0,0,1.97025700032312e-06,0.000271923861318831,0,0,2.39578342117873e-07,0,0
0.000116808784020558,0,0,0.000403403256564471,0,0,0,0,0,0,0,0.000398444108415989,7.32568531786149e-06,0,0,6.2032045754837e-06,0,1.33950438040257e-06,4.34973618850017e-06,0,0,0,0,0,0,0,0,0,0,0,0,0,0,0.985841552656697,0,2.69570843217598e-05,0,0,0,0,0,0,0,0,1.21783692676416e-06,0,7.61376873938831e-06,0,0,0,0,0,0,0,0,0,0,0,0,0,0,0,0,0,0,9.962739354813e-06,0,0,5.47663121460727e-06,0,0.000275292498279422,0,0,0,0,0,0,0,0,0,0,0,0,0,0,0,0.000270972112453427,0,0,0,0,0,9.5831336847149e-08,0,0
0,0,0,7.33460466480857e-05,7.06231314296476e-05,0,0,0,0,0,0,9.79780594465546e-06,7.32568531786149e-06,0,0.000264620269912675,0,0,2.97667640089461e-07,0,0,0,0,0,0,0,0,0,0,1.93753390684337e-05,0,0,0,0,0,0.993142418257626,0,0,0,0,0,0,0,0,0,0,0,7.61376873938831e-06,4.41452378324688e-06,0,0,0,0,0,5.42264060907099e-06,0,0,0,0,0,0,0,0,0,0,0,9.962739354813e-06,0,0,3.83364185022509e-05,0,0.000734113328745125,0,0,0,0,0,6.992029086841e-05,0,0,0,0,0,0.00012801638609742,0,0,3.14415972331394e-05,0,0,0,0,0,3.30485648660707e-05,3.97700047915668e-06,0,0
0,0,0,0,2.35410438098825e-05,4.30403718688129e-05,6.44953240890035e-05,6.63684510930884e-06,0,0,0,0,0,0,0,0,0,2.97667640089461e-07,1.08743404712504e-06,0,3.89602293978307e-06,6.52869360840896e-05,0,0,0,0,0,0.000263036759387124,0.000435945129039758,0.000272727272727273,0,0,0,0,5.4860653938995e-05,0.996118179857667,2.58605084175955e-05,0,0,0,0,5.3058842256062e-05,0,0,0,0,0,0,0,0,0,8.50412450038269e-05,0,0,0,0,0,0,0,0,0,0,0,0,0,0,0,0,0,0,0,0,0,0,0,0,0,0,0.000278901129549575,0,0,0,0,4.73877502665561e-05,0,0,0,0,4.53159110074318e-05,0,0,0,4.79156684235745e-08,6.17760617760618e-06,0
0,0,0,0,9.41641752395301e-05,0.000301282603081691,0.00135440180586907,6.63684510930884e-06,0,0,0,0,0,0,5.29240539825351e-05,0,0,1.48833820044731e-07,0,0,7.79204587956614e-06,0,0,0,0,0,0,0,9.68766953421685e-06,0,5.24573652763716e-06,0,0,0,0,2.69570843217598e-05,0.996301947296284,2.26326271953648e-05,0.000311939483740154,0,4.9573666468372e-05,0,0,0,0,0,0,4.41452378324688e-06,0,0,0,0.000170082490007654,0,0,0,4.30514895815395e-05,0,8.30978893136114e-05,0,0,0,0,0,0,0,0,0,0,0,0,0,0,0,1.94710115579925e-06,0,0,0,0,0,0,0,0,0,4.73877502665561e-05,0,0,0,0,0.000124126191020357,0,1.21488968801633e-05,0,4.79156684235745e-08,0,0
0,0,1.12145340361108e-05,0,0,0,0,0.00312595404648446,0.000145734355416946,5.87192164507757e-06,6.797583081571e-05,0,3.66284265893074e-06,0,0,0,3.53232073472271e-05,5.65568516169976e-06,8.69947237700033e-06,0,0.000420770477496572,0,0,0,0,0,0,6.57591898467811e-05,0,0,5.77031018040088e-05,0,0,0,0,0,7.75815252527865e-05,0.975375701611443,0,8.7284697745561e-05,0,0,0,0.0018829797005603,1.21783692676416e-06,0,2.28413062181649e-05,0.000719567376669242,0.000184037789092694,0,8.09716599190283e-05,0,0,0,0.000282387335758542,0.000344411916652316,0,0.000166195778627223,3.41565051063975e-05,3.29500148275067e-05,0,0,0,0,0,0,0,4.60897884386531e-06,1.09532624292145e-05,0,0,0,1.23088285072468e-05,3.31007196485872e-05,7.65726099774111e-05,0,0,0.000265721877767936,0,8.16090031052226e-06,0,0,0,0,0,0,0,4.56079540271823e-05,0.000141858504023265,0,0,0,0,2.57400257400257e-07,0
0,0,0,0,2.35410438098825e-05,0,6.44953240890035e-05,0,0,0,0,0,0,0,0,0,0,0,0,0,7.79204587956614e-06,0,0,0,0,0,0,0.000986387847701716,0.000116252034410602,0,0,0,3.67998822403768e-05,0,0,8.08712529652793e-05,5.1721016835191e-05,0,0.991577633939016,0,0,0,0,0,0,0,0,4.41452378324688e-06,0,0,0,8.50412450038269e-05,0,0,0,0,0,5.5398592875741e-05,0,0,0,0,0,0,0,0,0,0,0,0,0,0,0,0,0,0,0,0,0,0,0,0,0,4.73877502665561e-05,0,0,0,0,0.000104423621017125,0,0,0,0,0,0
0,0,0.000168218010541662,3.66730233240428e-05,0,0,0,0.00028538433970028,0.00571278673234428,1.56584577202068e-05,0.000241691842900302,2.61274825190812e-05,1.83142132946537e-05,0,0,0.000862245435992234,0.000388555280819498,8.88537905667041e-05,7.06832130631277e-05,0,0.000140256825832191,0,0,0,2.25531690961442e-05,0.002392385089163,9.54489920586439e-06,0,0,0,0.000104914730552743,0,3.67998822403768e-05,7.95418390073178e-05,0,0,0,0.000565815679884121,0,0.981674369887611,0,0,3.64351818115572e-05,0.000734821346560118,3.0445923169104e-05,0,4.56826124363299e-05,0.000233969760512085,0,0,4.04858299595142e-05,0,4.90713251711362e-06,1.0845281218142e-05,0.00247504194282487,4.30514895815395e-05,1.33050379526208e-05,2.76992964378705e-05,0.00027325204085118,0.000461300207585093,2.7103209019948e-05,1.70354849150781e-05,0,2.2488081316902e-05,0,0,0.000119255843536333,0.00156797460268298,3.28597872876436e-05,0.000174034110685694,0,0,2.46176570144936e-05,0.0012870338639833,0.000363719897392703,0,6.992029086841e-05,0.00023619722468261,0,0.000322355562265629,0,1.90514091692316e-05,0,0,0,0.000125766388932558,0,0,5.12266820084012e-05,0,2.42977937603266e-05,0.00173504965546871,0,0,0
0,0,0,0,0,0,0,0,0,0,0,3.26593531488515e-06,0,0,0.00031754432389521,0,0,1.48833820044731e-07,0,0.00982318271119843,0,0,0,0,0,0,0,6.57591898467811e-05,0,0,5.24573652763716e-05,0,0,0,0,0,2.58605084175955e-05,0,0,4.15641417836005e-06,0.992910965695023,0,0.000182175909057786,0,0,0,0,0,0,0.000320615581917281,0,0.000170082490007654,0,0,0,0,0,0,3.41565051063975e-05,0,0,0,0,0,0,0,0,0,1.09532624292145e-05,0.000522102332057083,0,0,0,0,0,0,0,0,0.000139450564774787,0,0.000192233756247597,0,0,0,0,0,0,0.00351181246009304,5.91077100096937e-06,0,0,0,2.39578342117873e-07,0,0
0,0,0,0,0,0,0,0,0,0,0,0,0,0,0,0,0,0,0,0,0,0.00104459097734543,0,0,0,0,0,0,0.000125939703944819,0.000363636363636364,0,0,0,0,0,2.69570843217598e-05,0,0,0,0,0,0.997930705152014,0,0,0,0,0,0,0,0,0,0,0,0,0,0,0,0,0,0,0,0,0,0,0,0,0,0,0,0,0,0,0,0,0,0,0,2.95246530853262e-05,0,0,0,0,0,0,0,0,0,0,0,0,0,0,1.43747005270724e-07,0,0
0,0,0,0,0,0,6.44953240890035e-05,0,0,0,0,3.26593531488515e-06,0,0,0,0,0,4.46501460134192e-07,0,0.00017860332202179,0,0,0,0,0,8.48363506795392e-05,0,0,0,0,0.000535065125818991,0,0,0,0,0,0,2.26326271953648e-05,0,8.31282835672009e-06,0.000148720999405116,0,0.993150185819427,0,0,0.000846979107848673,0,4.41452378324688e-06,0,0,0,0,0,0,0,4.30514895815395e-05,0,0,0,0,0,0,0,0,0,0,0,0,5.47663121460727e-06,0.00243647754959972,0,0,0,0,9.57157624717639e-06,0,0,0,0,0,9.61168781237985e-05,0,6.40081930487102e-05,0,0,0,0,0.00059290340235337,0,0,0,3.30485648660707e-05,0,0,0
0,0,5.6072670180554e-05,0,2.35410438098825e-05,0,0,5.30947608744707e-05,0.000204028097583724,1.95730721502586e-06,0.000151057401812689,0,0,0,0,6.2032045754837e-06,0,2.23250730067096e-06,1.08743404712504e-06,0,5.4544321156963e-05,0,0,0,0,1.69672701359078e-05,0,0,9.68766953421685e-06,0,0,0,0,0,0,0,0,0.000792141951837769,0,7.06590410321208e-05,0,0,0,0.987324331771838,1.21783692676416e-06,9.41087897609637e-05,1.52275374787766e-05,1.76580951329875e-05,6.13459296975646e-05,0,0,0,0,0,0.000797328948024119,8.6102979163079e-05,0,0,0,0,0,0,0,0,0,0,0,6.45257038141144e-06,5.47663121460727e-06,0,0,0,0,1.5576809246394e-05,3.82863049887055e-05,0,0,0,0,1.63218006210445e-05,0,2.11682324102573e-06,0,0,0,0,0,0,3.54646260058162e-05,0,0,0,0,0,0
0.000116808784020558,7.20227591919046e-05,8.97162722888864e-05,9.77947288641142e-05,0,0,0,2.65473804372354e-05,0.000204028097583724,0.00395571788156726,6.797583081571e-05,9.47121241316694e-05,9.88967517911301e-05,0.000161908359868315,0,0.00011786088693419,0.000105969622041681,0.000896128430489322,0.000674209109217526,0,7.79204587956614e-06,0,0,0.000313258673349518,0.000646524180756133,3.39345402718157e-05,0.00206169822846671,0,0,0,1.57372095829115e-05,9.26676705664311e-05,3.67998822403768e-05,7.95418390073178e-05,0,0,0,0.000135795763172189,0,0.000116379596994081,0,0,0,9.18526683200147e-05,0.983385050808157,0,0.000175116681005931,7.5046904315197e-05,0,0,0,8.50412450038269e-05,5.39784576882499e-05,7.04943279179229e-05,0.000166110197505025,4.30514895815395e-05,0.00850191925172467,0,0.00126379068893671,0.000263600118620053,0.000162619254119688,0.00638830684315429,0.000357091844022283,0.00103445174057749,5.08052634252909e-05,5.9776436128878e-05,0.000278263634918111,4.516799266988e-05,6.024294336068e-05,0,4.58820830465703e-05,0.000322338025142366,0.00460350186171031,0.000175239104021932,9.57157624717639e-05,0.000937673421742542,0,0,0,0.000122413504657834,0,0.00191360820988726,0,0,5.22718659749356e-05,0.000408740764030813,2.25810093711189e-05,0,1.18215420019387e-05,0,0.00306152201380115,6.60971297321414e-05,1.43747005270724e-07,0,0
0,0,0,0,2.35410438098825e-05,0,0,6.63684510930884e-06,0,0,0,0,0,0,0,0,0,0,0,0.000535809966065369,3.11681835182646e-05,0,0,0,0,0,0,0,0,0,1.57372095829115e-05,0,0,0,0,0,0,2.26326271953648e-05,0,0,0,0,0.000255046272680901,0,0,0.994729907773386,0,0,6.13459296975646e-05,0.000106871860639094,0,0,0,0,0,0.000258308937489237,0,0,0,0,0,0,0,0,0,0,0,0,0,0,0,0,0,0,0,0,0,0,0,0,0.00297962322183775,0,0,0,0,0,0,0.000136823862081547,0,0,0,1.65242824330353e-05,4.79156684235745e-08,0,0
0,0,2.24290680722216e-05,6.11217055400714e-05,2.35410438098825e-05,0,0,1.99105353279265e-05,2.91468710833892e-05,5.87192164507757e-06,1.51057401812689e-05,3.26593531488515e-06,0.000890070766120171,0.000269847266447191,0,1.86096137264511e-05,0,1.74135569452335e-05,9.78690642412538e-06,0,0,0,0,0,4.51063381922883e-05,0,0,0,0,0,1.04914730552743e-05,0,0,0,0,0,0,6.78978815860945e-05,0,4.15641417836005e-06,0,0,3.64351818115572e-05,0,2.19210646817549e-05,0,0.983295391385782,8.82904756649376e-06,0,0,0,0,2.94427951026817e-05,0.00183827516647507,6.64440790020099e-05,0,1.33050379526208e-05,2.76992964378705e-05,0.000717286607234348,3.29500148275067e-05,5.42064180398959e-05,0,0.000142836737608913,2.2488081316902e-05,0.0179342579891277,0.000209217526451073,0.000238511687072667,1.84359153754612e-06,5.47663121460727e-06,0,0,5.37230041903943e-05,6.15441425362341e-06,1.5576809246394e-05,9.57157624717639e-06,3.82723845609201e-05,0.00405537687036778,5.90493061706525e-05,0,0,0,1.48177626871801e-05,0,0,5.22718659749356e-05,0.029303568621286,6.77430281133567e-05,0,3.94051400064624e-06,0,9.71911750413062e-05,1.65242824330353e-05,1.43747005270724e-06,0,6.81198910081744e-08
0,0,0.000314006953011102,1.22243411080143e-05,0,0,0,0.00256845905730252,0.00034976245300067,1.76157649352327e-05,0.0011404833836858,3.59252884637367e-05,7.32568531786149e-06,0,0,8.0641659481288e-05,0.0028611797951254,1.56275511046967e-05,1.73989447540007e-05,0,0.000350642064580476,0,0,0,1.50354460640961e-05,1.69672701359078e-05,0,6.57591898467811e-05,2.90630086026505e-05,0,2.62286826381858e-05,0,0,0,0,2.69570843217598e-05,0,0.0028969762810067,7.79848709350386e-05,0.000274323335771763,0,0,3.64351818115572e-05,9.18526683200147e-05,1.46140431211699e-05,0,3.80688436969415e-05,0.98093808630394,6.13459296975646e-05,0,4.04858299595142e-05,0,0,0,0.000730884869022109,4.30514895815395e-05,0,0,6.8313010212795e-05,0.0106428547892847,0,5.6784949716927e-06,0,0,0,0,0,1.75141196066882e-05,0,0,0,0,6.15441425362341e-06,3.11536184927879e-05,0.0168651173475248,0,6.992029086841e-05,0.0170947741364039,0,2.04022507763056e-05,9.61168781237985e-05,4.23364648205146e-06,0,0,0,0,0,0,3.94051400064624e-05,0,1.21488968801633e-05,3.30485648660707e-05,0,0,0
0,0,0,0,0,0,0,2.65473804372354e-05,0,0,0,0,0,0,0,0,0,5.95335280178922e-07,0,0,0.000401290362797656,0,0,0,0,0,0,0,0,0,0,0,0,0,0,0,0,2.26326271953648e-05,7.79848709350386e-05,0,0,0,0,4.59263341600074e-05,0,0.000188217579521927,0,0,0.988528311146555,0,0.0011336032388664,0,0,0,1.66110197505025e-05,0.000430514895815395,0,0,0,0,0,0,0,0,0,0,0,9.21795768773062e-07,0,0,0,0,0,0,9.57157624717639e-06,0,0,0,0,0,0.000384467512495194,0,0,0,0,0,0,0,3.74348830061393e-05,0,0,0,4.79156684235745e-08,0,0
0,0,0,0,4.70820876197651e-05,0.00073168632176982,6.44953240890035e-05,0,0,0,0,0,0,0,0,0,0,0,0,0.00107161993213074,0,0,0,0,0,0,0,0,0,0,1.57372095829115e-05,0,0,0,0,0,0.000103442033670382,2.26326271953648e-05,0,0,4.9573666468372e-05,0,0,0,0,0.000376435159043855,0,0,0,0.995725125574436,0,0.000170082490007654,0,0,0,4.30514895815395e-05,0,0,0,0,0,0,0,0,0,0,0,0,0,0,0,0,0,0,0,0,0,0,0,0,0.000384467512495194,0,0,0,0,0,0,0.000136823862081547,0,0,0,0,0,0,0
0,0,0,0,0,0,0,3.31842255465442e-05,0,1.95730721502586e-06,0,0,0,0,0,6.2032045754837e-06,0,0,0,0,0.00019090512404937,0,0,0,0,0,0,6.57591898467811e-05,0,0,0,0,0,0,0,0,0,2.26326271953648e-05,0,0,0,0,0,4.59263341600074e-05,0,0,0,0,0.00159499417213668,0,0.994574898785425,0,0,0,0,0.000516617874978474,0,0,0,0,0,0,0,0,0,0,0,0,0,0,0,0,0,1.94710115579925e-06,0,0,0,0,0,0,0,0,0,0,0,0,0,0,9.26020790151867e-05,0,0,0,0,0,0
0,0,0,0,0.000988723840015066,0.00447619867435655,0.000386971944534021,0,0,0,0,0,0,0,5.29240539825351e-05,0,0,0,0,0,0,0,0,0,0,1.69672701359078e-05,0,0,2.90630086026505e-05,0,5.24573652763716e-06,0,7.35997644807537e-05,0,0,0,0.000155163050505573,0,0,0,0,0,0,0,0,0,0,0,0,0,0,0.985968194574369,0,0,0,0,0,0,0,0,0,0,0,0,0,0,0,0,5.47663121460727e-06,0,0,0,0,0,0,0,0,0,0,0,0,0,0,2.3693875133278e-05,0,0,0,0,9.85128500161561e-06,0,0,1.65242824330353e-05,4.79156684235745e-08,0,0
0,0,0,0,0,0,0,0,0,5.87192164507757e-06,0,0,0.000131862335721507,0.00215877813157753,0,6.2032045754837e-06,0,1.75623907652782e-05,8.69947237700033e-06,0,0,0,0,0,0.000338297536442162,0,0,0,0,0,5.24573652763716e-06,0.00588439708096838,0,0,0,0,0,0,0,8.31282835672009e-06,0,0,0,0,1.09605323408774e-05,0,6.85239186544948e-05,0,0,0,0,0,0.996255857889442,0.000113875452790491,0,0,1.99575569289311e-05,0,6.8313010212795e-05,0,2.7103209019948e-05,0,0,0.00301340289646487,0.000101610526850582,1.9925478709626e-05,0.000119255843536333,3.68718307509225e-06,0,0,4.58820830465703e-05,0,1.23088285072468e-05,7.78840462319698e-06,0,0,0,0,0,4.08045015526113e-06,0,8.46729296410291e-06,0,0,0,3.14415972331394e-05,0,0,0,0,0,0,0,0,0
0,3.60113795959523e-05,0,7.33460466480857e-05,0,0,0,0,2.91468710833892e-05,5.87192164507757e-06,7.55287009063444e-06,6.53187062977031e-06,0.01332542159319,0.00318419774407685,0,6.2032045754837e-06,0,9.37653066281802e-06,1.30492085655005e-05,0,7.79204587956614e-06,0,0.0002154243860405,0,8.26949533525286e-05,0,0,0,0,0,0,6.95007529248234e-05,0,0,0,0,0,0,0,1.24692425350801e-05,0,0,0,0,1.58318800479341e-05,0,0.00223083424064077,4.41452378324688e-06,0,0,0,0,9.32355178251589e-05,0.974741340042947,1.66110197505025e-05,0,6.65251897631038e-06,0,0.00235679885234143,3.29500148275067e-05,8.13096270598439e-05,5.6784949716927e-06,0,0,0.00589341055733374,0.000627652579353219,0.00202734934011767,6.45257038141144e-06,0,0,4.58820830465703e-05,0.000161169012571183,6.15441425362341e-06,3.89420231159849e-06,9.57157624717639e-06,9.56809614023002e-05,0.00356593483428891,0,0,8.16090031052226e-06,0,6.35046972307718e-06,0,0,0.000117611698443605,0.00213802861185348,0.000112905046855594,0,1.97025700032312e-06,0,0.000157935659442123,0,1.43747005270724e-07,0,0
0,0,0.00042615229337221,1.22243411080143e-05,0,4.30403718688129e-05,0,7.96421413117061e-05,0.00303127459267248,1.95730721502586e-06,0.000453172205438066,1.95956118893109e-05,3.66284265893074e-06,0,0,8.68448640567717e-05,0.000141292829388909,1.42880467242941e-05,8.69947237700033e-06,0,5.8440344096746e-05,0,0,0,0,0.000152705431223171,0,0,0,0,5.24573652763716e-06,2.31669176416078e-05,0,0,0,0,0,0.000407387289516567,0,0.000523708186473366,0,0,0,0.00238816937632038,6.08918463382079e-06,0,0,0.000251627855645072,0,0,0,0,4.90713251711362e-06,0,0.984186309197522,0,0,0,0,9.885004448252e-05,0,5.6784949716927e-06,0,0,0,0,3.97519478454444e-05,8.11180276520295e-05,1.09532624292145e-05,0,0,0,1.23088285072468e-05,0.000105143462413159,0.000363719897392703,0,0,0.000501919102450546,0,2.04022507763056e-05,0,8.46729296410291e-06,0,0,0,0,0,0,2.56133410042006e-05,0,0,3.30485648660707e-05,0,0,0
0,0,0,0,0,0,0,5.30947608744707e-05,5.82937421667784e-05,0,0,0,0,0,0,0,0,2.97667640089461e-07,0,0,0.000362330133399825,0,0,0,0,0,0,0,9.68766953421685e-06,0,0,0,0,0,0,0,2.58605084175955e-05,0.000113163135976824,0,0,0,0,0,4.59263341600074e-05,0,0,0,1.32435713497406e-05,0.000736151156370775,0.000106871860639094,0.00048582995951417,0,0,0,1.66110197505025e-05,0.990614775271224,0,0,0,0,0,0,0,0,0,0,0,1.84359153754612e-06,0,0,0,0,0,0,0,1.913619228046e-05,0,0,0,0,0.00115340253748558,0,0,0,0,0,0,0,6.10779670100168e-05,0,0,0,0,0,0
0,7.20227591919046e-05,1.12145340361108e-05,1.22243411080143e-05,0,0,0,0,0,0.000142883426696887,0,3.26593531488515e-06,2.19770559535845e-05,0,0,1.24064091509674e-05,0,0.000106713848972072,5.00219661677519e-05,0,3.89602293978307e-06,0,0,3.91573341686898e-05,8.26949533525286e-05,0,0.00261530238240684,0,0,0,0,0,0,0,0,0,0,2.26326271953648e-05,0,8.31282835672009e-06,0,0,0,0,0.00158318800479341,0,3.04550749575532e-05,1.32435713497406e-05,0,0,0,0,1.47213975513409e-05,2.7113203045355e-05,3.3222039501005e-05,0,0.981805360599791,0,6.8313010212795e-05,0,2.7103209019948e-05,0.000164676354179088,7.14183688044565e-05,6.74642439507061e-05,0,9.962739354813e-06,3.97519478454444e-05,1.84359153754612e-06,1.64298936438218e-05,0,4.58820830465703e-05,0.000107446008380789,0.000363110440963781,1.75239104021932e-05,1.91431524943528e-05,0.000382723845609201,6.992029086841e-05,5.90493061706525e-05,0,1.22413504657834e-05,0,0.000137593510666672,6.40081930487102e-05,0,0,3.14415972331394e-05,0,0,1.97025700032312e-06,0,0.000765380503450287,0,0,0,0
0,0,0,0,0,0,0,3.31842255465442e-05,0,0,7.55287009063444e-06,0,3.66284265893074e-06,0,0,0,0,1.48833820044731e-06,1.08743404712504e-06,0,5.06482982171799e-05,6.52869360840896e-05,0,0,0,0,0,0,1.93753390684337e-05,0,0,0,0,7.95418390073178e-05,0,0,0,0.000113163135976824,0,4.15641417836005e-06,0,0,0,0.000137779002480022,0,0,0,8.82904756649376e-06,0.000122691859395129,0,4.04858299595142e-05,0,0,0,3.3222039501005e-05,4.30514895815395e-05,0,0.978422248074899,0,0,0,0,0,2.2488081316902e-05,0,0,0,9.21795768773062e-07,0,0,0,0,0,1.16826069347955e-05,0,0,0,0,0,0,9.61168781237985e-05,0,0,0.000213244876199502,0,0,0,0,0.00126293473720712,0,0,0,0,0,0
0,0,0,1.22243411080143e-05,0,0,0,0,0,9.78653607512928e-06,0,3.26593531488515e-06,0.000498146601614581,0.00102541961249933,0,6.2032045754837e-06,0,1.07160350432206e-05,1.52240766597506e-05,0,3.89602293978307e-06,0,0,3.91573341686898e-05,0.000157872183673009,6.78690805436313e-05,0,0,0,0,5.24573652763716e-06,2.31669176416078e-05,0,0,0,0,0,0,0,1.66256567134402e-05,0,0,0,0,3.28815970226323e-05,0,0.000357847130751251,4.41452378324688e-06,0,0,0,0,9.81426503422725e-06,0.000336203717762402,3.3222039501005e-05,4.30514895815395e-05,2.66100759052415e-05,0,0.972674795914882,0,0.000243928881179532,0,7.14183688044565e-05,4.49761626338041e-05,0.000203221053701163,0.00118556598322275,0.00202734934011767,2.76538730631919e-06,0,0,0,0.000967014075427098,0,1.16826069347955e-05,0,0.00015308953824368,6.992029086841e-05,0,0,4.08045015526113e-06,0,8.46729296410291e-06,0,0,0.000143747631431073,0.000534507152963371,0,0,5.91077100096937e-06,0,0.000461658081446205,0,0,0,4.54132606721163e-08
0,0,0.000123359874397219,0,0,0,0,2.65473804372354e-05,0.000116587484333557,0,0.000445619335347432,3.26593531488515e-06,0,0,0,4.34224320283859e-05,0.000141292829388909,4.76268224143138e-06,5.43717023562521e-06,0,1.55840917591323e-05,0,0,0,0,1.69672701359078e-05,0,0,0,0,1.04914730552743e-05,0,0,0,0,0,0,4.52652543907297e-05,0,4.15641417836005e-05,0,0,0,0,4.87134770705663e-06,0,7.61376873938831e-06,0.00141706213442225,0,0,0,0,0,0,4.98330592515075e-05,0,6.65251897631038e-06,0,0,0.979867540940393,0,0,0,0,0,0,7.95038956908888e-05,6.45257038141144e-06,5.47663121460727e-06,0,0,0,0,7.78840462319698e-06,0.000641295608560818,0,0,0.000295246530853262,0,0,0,4.23364648205146e-06,0,0,0,0,0,0,3.94051400064624e-06,0,1.21488968801633e-05,1.65242824330353e-05,0,0,0
0,0.000612193453131189,0,0.000146692093296171,0,0,0,6.63684510930884e-06,0,0,0,0,9.15710664732686e-05,0,0,0,0,1.48833820044731e-06,1.08743404712504e-06,0,3.89602293978307e-06,0,0.000969409737182249,0.000548202678361657,7.51772303204805e-06,1.69672701359078e-05,9.54489920586439e-06,0,0,0,0,0,0,0,0,0,0,0,0,0,0,0,0,0,7.30702156058495e-06,0,3.04550749575532e-05,4.41452378324688e-06,0,0,0,0,9.81426503422725e-06,3.79584842634969e-05,0,0,0,2.76992964378705e-05,0.000204939030638385,0,0.990053122289679,5.6784949716927e-06,0.00221396943293815,2.2488081316902e-05,0,0.00124534241935163,0,0,0,0,0,0.00241753518856774,6.15441425362341e-06,0,0,0.000287042884206901,0,0,0,0,0,2.11682324102573e-06,0,0,0.000705670190661631,3.14415972331394e-05,0.000564525234277972,0,1.97025700032312e-06,0,3.64466906404898e-05,0,1.43747005270724e-07,0,0
0,0,2.24290680722216e-05,0,0,0,0,0,8.74406132501676e-05,0.000350357991489628,0,6.53187062977031e-06,1.09885279767922e-05,0,0,6.2032045754837e-06,0,0.000155233674306654,7.28580811573778e-05,0,3.89602293978307e-06,0,0,0,2.25531690961442e-05,0,0.000162263286499695,0,0,0,0,0,0,0,0,0,0,2.26326271953648e-05,0,8.31282835672009e-06,0,0,0,9.18526683200147e-05,0.0013761557272435,0,7.61376873938831e-06,4.41452378324688e-06,0,0,0,0,4.90713251711362e-06,1.0845281218142e-05,4.98330592515075e-05,0,0.000292710834957657,0,0,0,0,0.979858378335406,7.14183688044565e-05,0.000179904650535216,0,9.962739354813e-06,0,2.76538730631919e-06,0,0,0,0.000107446008380789,0.00458503861894944,1.16826069347955e-05,9.57157624717639e-06,0.00011481715368276,0,2.95246530853262e-05,0,8.16090031052226e-06,0,0.000645631088512847,0,0,0,0,2.25810093711189e-05,0,0,0,0.000121488968801633,1.65242824330353e-05,0,0,0
0,7.20227591919046e-05,0,1.22243411080143e-05,0,0,0,0,0,0,0,0,3.66284265893074e-06,0,0,0,0,7.44169100223653e-07,0,0,0,0,0,0.000626517346699037,0,0,0,0,0,0,0,0,0,0,0,0,0,0,0,0,0,0,0,0,4.87134770705663e-06,0,0,4.41452378324688e-06,0,0,0,0,0,5.42264060907099e-06,0,0,6.65251897631038e-06,0,0,0,0.000623373807458803,0,0.988287387516069,0,0,7.9701914838504e-05,0,0,0,0,0,0.00166541312990222,0,0,0,0.000612358152974721,0,0,0,0,0,0,0,0,2.61359329874678e-05,3.14415972331394e-05,0,0,0,0,2.42977937603266e-05,0,0,0,0
0,0,1.12145340361108e-05,0,0,0,0,0,2.91468710833892e-05,5.87192164507757e-06,7.55287009063444e-06,6.53187062977031e-06,1.4651370635723e-05,0.000161908359868315,0,6.2032045754837e-06,0,3.15527698494829e-05,3.26230214137513e-06,0,0,0,0,0,0.00224779918658237,0,9.54489920586439e-06,0,0,0,0,0.000347503764624117,0,0,0,0,0,0,0,0,0,0,0,0,3.53172708761606e-05,0,0,4.41452378324688e-06,0,0,0,0,0.000780234070221066,1.0845281218142e-05,0,0,1.99575569289311e-05,0.000166195778627223,0,0,5.42064180398959e-05,2.27139798867708e-05,0,0.980098048034542,0,0,0,9.21795768773062e-07,0,0,0,0,3.07720712681171e-05,7.78840462319698e-06,9.57157624717639e-06,3.82723845609201e-05,6.992029086841e-05,2.95246530853262e-05,0,1.22413504657834e-05,0,1.69345859282058e-05,0,0,0,0,0,0,0,0,0.000145786762561959,1.65242824330353e-05,4.79156684235745e-08,0,2.27066303360581e-08
0,0,0,0,0,0,0,0,0,0,0,3.26593531488515e-06,0.000252736143466221,0,5.29240539825351e-05,0,0,7.44169100223653e-07,0,0,0,0,0,0,0,0,0,0,0,0,0,0,0,0,0,0,0,0,0,0,0,0,0,0,0,0,0.00265720529004652,0,0,0,0,0,4.90713251711362e-06,0.000677830076133874,0,0,1.33050379526208e-05,0,0.000102469515319193,0,0,0,0,0,0.962505715592135,9.962739354813e-06,0.000198759739227222,0,0,0,0,0,0,0,0,0,0.0116766885750245,0,0,0,0,0,0,0,0,0.00100613111146046,0,0,1.97025700032312e-06,0,0,0,0,0,2.27066303360581e-08
0.000350426352061675,0.000108034138787857,0,0.000110019069972129,2.35410438098825e-05,0,0,0,0,0,0,3.26593531488515e-06,0.00227828813385492,0.000161908359868315,0,0,0,5.80451898174449e-06,5.43717023562521e-06,0,0,0,0.0002154243860405,0.000156629336674759,2.25531690961442e-05,0,2.86346976175932e-05,0,0,0,0,0,0,0,0,0,2.58605084175955e-05,0,0,0,0,0,0,0,1.70497169746982e-05,0,6.85239186544948e-05,4.41452378324688e-06,0,0,0,0,9.81426503422725e-06,0.000471769732989176,0,0,6.65251897631038e-06,0,0.00399631109744851,0,0.0026561144839549,0,0.000357091844022283,0,0.000203221053701163,0.987755793332935,0.00457147400222611,9.21795768773062e-07,0,0,4.58820830465703e-05,0.00268615020951972,0,0,0,0.00013395334596322,0,0,0,0,0,2.11682324102573e-06,0,0,0.00107157325248618,0.000157207986165697,0.000135486056226713,0,0,0,2.42977937603266e-05,0,1.43747005270724e-07,0,0
0,3.60113795959523e-05,0,1.22243411080143e-05,0,0,0,0,0,0,0,0,0.0012270522907418,0.000215877813157753,0,0,0,1.19067056035784e-06,2.17486809425008e-06,0,0,0,0,0,0,0,0,0,0,0,0,2.31669176416078e-05,0,0,0,0,0,0,0,0,0,0,0,0,1.21783692676416e-06,0,9.13652248726597e-05,0,0,0,0,0,4.90713251711362e-06,0.00027113203045355,0,0,6.65251897631038e-06,0,0.00160535574000068,0,0,0,0,0,0.000101610526850582,0.000976348456771674,0.975274288440134,2.76538730631919e-06,0,0,0,0,1.23088285072468e-05,0,0,1.913619228046e-05,6.992029086841e-05,0,0,0,0,2.11682324102573e-06,0,0,2.61359329874678e-05,0.000188649583398837,0,0,0,0,4.85955875206531e-05,0,0,0,0
0,0,0.000650442974094426,3.66730233240428e-05,0,4.30403718688129e-05,0,8.62789864210149e-05,0.00157393103850302,2.54449937953361e-05,0.000279456193353474,2.61274825190812e-05,3.66284265893074e-06,0,0,0.00524170786628372,0.000423878488166726,0.000384586590995584,9.78690642412538e-05,0,4.67522752773968e-05,0,0,3.91573341686898e-05,7.51772303204805e-05,0.000593854454756774,9.54489920586439e-06,6.57591898467811e-05,0,0,7.34403113869203e-05,2.31669176416078e-05,0,0,0,0,0,0.000226326271953648,0,0.00752310966283168,0,0,3.64351818115572e-05,0.000597042344080096,5.3584824777623e-05,0,4.56826124363299e-05,0.000172166427546628,6.13459296975646e-05,0,0,0,0,1.0845281218142e-05,0.00159465789604824,8.6102979163079e-05,1.33050379526208e-05,8.30978893136114e-05,6.8313010212795e-05,0.000362450163102573,0,5.6784949716927e-06,0,2.2488081316902e-05,0,0,0.000119255843536333,0.987882072823709,3.83364185022509e-05,8.70170553428472e-05,0,0,3.07720712681171e-05,0.0137114863391383,0.000287147287415292,5.74085768413801e-05,6.992029086841e-05,0.000177147918511957,0,0.00025298790962619,0,8.46729296410291e-05,0,4.73877502665561e-05,0,0.000188649583398837,0,0,3.34943690054931e-05,0,6.07444844008164e-05,0.000429631343258919,0,0,0
0.000116808784020558,0,2.24290680722216e-05,3.66730233240428e-05,9.41641752395301e-05,8.60807437376259e-05,0,1.32736902186177e-05,2.91468710833892e-05,5.87192164507757e-06,7.55287009063444e-06,0.000146967089169832,0,5.39694532894382e-05,5.29240539825351e-05,6.2032045754837e-06,0,1.8753061325636e-05,3.80601916493765e-05,0,3.89602293978307e-06,0,0,0,0,8.48363506795392e-05,0,0,0,0,0.000340972874296416,2.31669176416078e-05,0,0,0.00032916392363397,0,0,2.26326271953648e-05,0,4.15641417836005e-05,9.9147332936744e-05,0,0,0,7.30702156058495e-06,0,0,8.82904756649376e-06,0,0,0,0,0,5.42264060907099e-06,3.3222039501005e-05,0,1.99575569289311e-05,0,6.8313010212795e-05,0,0,0,0,0,0,0,3.97519478454444e-05,9.21795768773062e-06,0.996566152228441,0,0.00431291580637761,0,0,2.53123150253902e-05,9.57157624717639e-06,0,0,0,0,0.000126493954813095,0,6.35046972307718e-06,0.00134417205402291,0,0,0,2.25810093711189e-05,0,1.97025700032312e-06,0,0,0.00170200109060264,4.31241015812171e-07,0,0
0,0,0,0,0,0,0,0,0,0,7.55287009063444e-06,0,0,0,0.000158772161947605,0,0,2.97667640089461e-07,0,0.000535809966065369,0,0,0,0,0,3.39345402718157e-05,0,0,0,0,9.44232574974689e-05,0,0,0,0,0,0,0,0,0,0.00024786833234186,0,0.000910879545288931,0,0,0,0,0,0,0.000213743721278187,0,0,0,0,0,0,0,0,0,0,0,0,0,0,0,0,0,0,5.47663121460727e-06,0.992081447963801,0,0,0,3.89420231159849e-06,0,0,0,0,0,0,0,0,0.000512065544389682,0,0,0,0,0.000364863632217459,0,0,0,0,0,0,0
0,0,1.12145340361108e-05,2.44486822160286e-05,0,0,0,0,0,0,0,0.000124105541965636,3.66284265893074e-06,0,5.29240539825351e-05,0,0,7.44169100223653e-07,3.26230214137513e-06,0,0,0,0,0,0,1.69672701359078e-05,0,0,0,0,2.09829461105487e-05,0,0,0.000795418390073179,0.000713188501206934,0,0,0,0,4.15641417836005e-06,0,0,3.64351818115572e-05,0,3.65351078029248e-06,0,0,8.82904756649376e-06,0,0,0,0,0,0,0,0,0,0,0,0,0,0,0,0,0,0,0,0,0.000432653865953974,0,0.990410644643267,0,0,0,0,0,0,0,0,4.08045015526113e-06,0,2.11682324102573e-06,0.000192024579146131,0,0,0,2.25810093711189e-05,0,0,0,0,3.30485648660707e-05,1.43747005270724e-07,0,0
0,3.60113795959523e-05,0,0,0,0,0,0,0,1.95730721502586e-06,0,0,1.83142132946537e-05,0,0,0,0,5.95335280178922e-07,1.08743404712504e-06,0,0,0,0,3.91573341686898e-05,7.51772303204805e-06,0,2.86346976175932e-05,0,0,0,0,0,0,0,0,0,0,0,0,0,0,0,0,0,4.87134770705663e-06,0,1.52275374787766e-05,0,0,0,0,0,0,5.42264060907099e-06,0,0,0,0,0.000341565051063975,0,0.000867302688638335,0,0.00149978574489359,0,0,0.000338733138063642,3.97519478454444e-05,0,0,0,0,0.988610723111636,0,0,0,0.000344451461048281,0,0,0,0,0,4.23364648205146e-06,0,0,6.53398324686696e-05,3.14415972331394e-05,6.77430281133567e-05,0,0,0,3.64466906404898e-05,0,4.79156684235745e-08,0,0
0,3.60113795959523e-05,1.12145340361108e-05,1.22243411080143e-05,0,0,0,6.63684510930884e-06,0,0.000236834173018129,3.02114803625378e-05,3.26593531488515e-06,7.32568531786149e-06,5.39694532894382e-05,0,1.24064091509674e-05,3.53232073472271e-05,0.000362410351808919,9.78690642412538e-05,0,0,0,0,0,4.51063381922883e-05,0,0.000133628588882101,0,0,0,0,2.31669176416078e-05,0,0,0,0,0,0,0,2.49384850701603e-05,0,0,0,0,0.000870753402636373,0,7.61376873938831e-06,1.76580951329875e-05,0,0,0,0,4.90713251711362e-06,0,6.64440790020099e-05,0,0.000339278467791829,0,6.8313010212795e-05,0,0,0.00434972714831661,0,0.000134928487901412,0,0,3.97519478454444e-05,1.10615492252767e-05,1.09532624292145e-05,0,0,5.37230041903943e-05,0.969227928731883,2.92065173369887e-05,1.91431524943528e-05,7.65447691218401e-05,0,0,0,1.63218006210445e-05,0,0.00126586029813339,0,0,0,0,0,0,0,0,7.28933812809797e-05,1.65242824330353e-05,0,0,0
0.000116808784020558,0,0.000482224963552764,2.44486822160286e-05,2.35410438098825e-05,0.000129121115606439,0,0.000146010592404794,0.000874406132501676,6.45911380958533e-05,0.000362537764350453,7.51165122423585e-05,2.19770559535845e-05,0,0,0.00702202757944754,0.000211939244083363,0.000685230907485939,0.000191388392294007,0,6.23363670365291e-05,0,0,0,7.51772303204805e-05,0.000559919914484959,2.86346976175932e-05,0,9.68766953421685e-06,0,9.96689940251061e-05,0,3.67998822403768e-05,0,5.4860653938995e-05,0,2.58605084175955e-05,0.000497917798298026,0,0.00281389239874975,0,0,7.28703636231145e-05,0.000642968678240103,0.000109605323408774,0,0.000159889143527155,0.000145679284847147,6.13459296975646e-05,0,0,0,2.94427951026817e-05,2.1690562436284e-05,0.00117938240228568,0,5.3220151810483e-05,2.76992964378705e-05,0.000444034566383168,0.000131800059310027,2.7103209019948e-05,4.54279597735416e-05,0,8.99523252676082e-05,5.08052634252909e-05,2.9888218064439e-05,7.95038956908888e-05,0.0067650591470255,8.21494682191091e-05,0.000261051166028542,4.58820830465703e-05,0,8.61617995507278e-05,0.97247188385931,0.000201003101190704,1.913619228046e-05,0,0.000118098612341305,0,0.000240746559160407,0,8.89065761230806e-05,0,0,3.92038994812017e-05,9.43247916994183e-05,0,0,4.13753970067856e-05,0,0.00010934007192147,0.000363534213526778,1.91662673694298e-07,0,0
0,0,0.00028036335090277,0,0,0,0,0.000305294875028207,0.000145734355416946,3.91461443005171e-06,0.00132930513595166,0,0,0,0,4.96256366038696e-05,0.00515718827269516,9.22769684277329e-06,4.34973618850017e-06,0.00017860332202179,7.79204587956614e-05,0,0,0,0,0,0,0,9.68766953421685e-06,0,5.24573652763716e-06,0,0,0,0,2.69570843217598e-05,2.58605084175955e-05,0.000271591526344378,0,0.000108066768637361,0,0,0,4.59263341600074e-05,9.74269541411327e-06,0,0,0.00856417613949895,0,0,0,8.50412450038269e-05,0,0,0.000365442434511055,0,0,2.76992964378705e-05,0,0.00243830109723549,0,1.13569899433854e-05,0,0,0,0,7.95038956908888e-05,2.02795069130074e-05,2.73831560730364e-05,0,0,0,0,2.14181127137917e-05,0.974290746200084,0,0,0.00354295837023915,0,1.63218006210445e-05,0,8.46729296410291e-06,0,0,0,6.28831944662789e-05,0,0,1.77323130029081e-05,0,0,1.65242824330353e-05,0,0,0
0,0,0,1.22243411080143e-05,0,0,0,6.63684510930884e-06,0,7.82922886010342e-06,0,6.53187062977031e-06,2.56398986125152e-05,0,0,6.2032045754837e-06,0,9.22769684277329e-06,4.34973618850017e-06,0,0,0,0.00010771219302025,0.000156629336674759,8.26949533525286e-05,0,0.00054405925473427,0,0,0,0,2.31669176416078e-05,0,0,0,0,0,0,0,0,0,0,0,0,7.79415633129061e-05,0,1.52275374787766e-05,0,0,0,0,0,4.90713251711362e-06,5.42264060907099e-06,0,0,7.31777087394142e-05,0,0.000341565051063975,0,0.000379444926279271,1.13569899433854e-05,0.00428510212826739,6.74642439507061e-05,0,7.9701914838504e-05,3.97519478454444e-05,0,0,0,0,0.00128935210056946,2.46176570144936e-05,1.94710115579925e-06,0,0.991599211588878,0,0,0,4.08045015526113e-06,0,6.35046972307718e-06,0,0,1.30679664937339e-05,0,2.25810093711189e-05,0,1.97025700032312e-06,0,0.00104480513169404,0,4.79156684235745e-08,0,0
0,0,0,0,0,0,0,0,0,0,0,0,5.86054825428919e-05,5.39694532894382e-05,0,0,0,4.46501460134192e-07,0,0,0,0,0,0,7.51772303204805e-06,0,0,0,0,0,0,0,0,0,0,0,0,0,0,0,0,0,0,0,1.21783692676416e-06,0,0.000472053661842075,0,0,0,0,0,0,0.000298245233498905,0,0,0,0,0.00013662602042559,0,0,5.6784949716927e-06,0,0,0.00701112635269014,9.962739354813e-06,0,0,0,0,0,0,0,0,0,0,0.976926304013425,0,0,4.08045015526113e-06,0,0,0,0,0,0.000251532777865116,0,0,0,0,0,0,0,0,0
0,0,2.24290680722216e-05,0,0,0,0,0.000165921127732721,2.91468710833892e-05,0,8.30815709969789e-05,3.26593531488515e-06,0,0,0,6.2032045754837e-06,0.000105969622041681,5.3580175216103e-06,3.26230214137513e-06,0,4.28562523376138e-05,0,0,0,0,0,0,0,0,0,0,0,0,0,0,0,0,4.52652543907297e-05,0,9.97539402806411e-05,0,0,0,9.18526683200147e-05,1.21783692676416e-06,0,2.28413062181649e-05,0.00246330427105176,0,0,0,0,0,0,0.000249165296257537,0,0,5.5398592875741e-05,0,0.000428350192757587,0,0,0,0,0,0,0,3.68718307509225e-06,0,0,0,0,6.15441425362341e-06,1.94710115579925e-05,0.0012155901833914,0,6.992029086841e-05,0.973693534100974,0,8.16090031052226e-06,0,0,0,0,0,3.14415972331394e-05,2.25810093711189e-05,0,9.85128500161561e-06,0,0,0,0,0,0
0,0,0,0,2.35410438098825e-05,0,0.000193485972267011,0,2.91468710833892e-05,0,0,0,0,0,0,0,0,0,0,0,0,0,0,0,0,0,0,0,0.000145315043013253,0,0,0,0,0,0,2.69570843217598e-05,0,0,0,0,0,0,0,0,0,0,0,0,0,0,0,0,0,0,0,0,0,0,0,0,0,0,0,0,0,0,0,0,0,0,0,0,0,0,0,0,0,0,0.995816483056756,0,0,0,0,0,0,0,0,0,0,0,0,0,0,0,0
0,0,1.12145340361108e-05,1.22243411080143e-05,0,0,0,2.65473804372354e-05,0.000145734355416946,4.1103451515543e-05,1.51057401812689e-05,0.000382114431841563,3.66284265893074e-06,0,0,3.72192274529022e-05,0,7.8435423163573e-05,0.000976515774318288,0,1.55840917591323e-05,6.52869360840896e-05,0,0,3.00708921281922e-05,0.000135738161087263,0,6.57591898467811e-05,9.68766953421685e-06,0,2.09829461105487e-05,0,0,7.95418390073178e-05,0.00010972130787799,0,0,4.52652543907297e-05,0,0.000274323335771763,0,0,3.64351818115572e-05,4.59263341600074e-05,2.3138901608519e-05,0,0,4.85597616157157e-05,0,0,0,8.50412450038269e-05,0,5.42264060907099e-06,9.96661185030149e-05,0,1.33050379526208e-05,0,0,6.59000296550133e-05,0,5.6784949716927e-06,0,2.2488081316902e-05,0,0,3.97519478454444e-05,6.45257038141144e-05,0.000158822305223611,0,9.17641660931406e-05,0,0,7.59369450761706e-05,1.91431524943528e-05,0,0,5.90493061706525e-05,0,0.990680251845384,0,6.56215204717976e-05,0,0,0,0,0,0,5.91077100096937e-06,0,6.07444844008164e-05,0.00414759489069187,2.39578342117873e-07,0,0
0,0,0,0,0,0,0,1.32736902186177e-05,0,0,0,0,0,0,0,0,0,0,0,0.000357206644043579,1.55840917591323e-05,0,0,0,0,0,0,0,0,0,1.57372095829115e-05,0,0,0,0,0,0,0,0,0,4.9573666468372e-05,0,0,0,0,0.00244682853378506,0,0,0.000184037789092694,0.000427487442556375,0.000121457489878543,0,0,0,0,0.000774926812467711,0,2.76992964378705e-05,0,0,0,0,0,0,0,0,0,0,0,0,0,0,0,0,0,0,0,0,0,4.08045015526113e-06,0.991061130334487,0,0,0,0,0,0,0,5.91077100096937e-06,0,0,0,0,0,0
0,0,0.000100930806324997,2.44486822160286e-05,0,0,0,2.65473804372354e-05,0.000145734355416946,0.00282439431128231,5.28700906344411e-05,2.28615472041961e-05,1.4651370635723e-05,0,0,9.30480686322554e-05,3.53232073472271e-05,0.000804744464981858,0.00221401571994659,0,7.79204587956614e-06,0,0,3.91573341686898e-05,0.000142836737608913,0,0.00015271838729383,0,0,0,1.04914730552743e-05,0,0,0,0,0,0,4.52652543907297e-05,0,8.31282835672009e-05,4.9573666468372e-05,0,0,4.59263341600074e-05,0.00113624185267096,0,5.32963811757182e-05,7.5046904315197e-05,0,0,4.04858299595142e-05,0,1.96285300684545e-05,1.6267921827213e-05,0.000116277138253517,0,0.000372541062673381,0,0.000239095535744783,0.00019770008896504,5.42064180398959e-05,0.00166379902670596,0,0.000247368894485922,0,0,3.97519478454444e-05,2.58102815256457e-05,1.09532624292145e-05,0,4.58820830465703e-05,0,0.00390805305105087,0.000114878968192156,5.74294574830583e-05,7.65447691218401e-05,6.992029086841e-05,0,0,0.000134654855123617,0,0.976289462877271,0,0,2.61359329874678e-05,9.43247916994183e-05,0,0,1.37917990022619e-05,0,0.000291573525123919,0.000115669977031247,4.79156684235745e-08,0,0
0,0,0,0,0,0,0,0,0,0,0,3.26593531488515e-06,0,0,0.00042339243186028,0,0,0,0,0,0,0,0,0,0,0,0,0,0,0,0.000167863568884389,0,0,0,5.4860653938995e-05,0,0,2.26326271953648e-05,0,0,0,0,3.64351818115572e-05,0,0,9.41087897609637e-05,0,4.41452378324688e-06,0,0,0,0,0,0,0,0,0,0,0,0,0,0,0,0,0,0,0,0,0.000136915780365182,0.000174034110685694,0.000183528332186281,0,0,0,0,0,0,0,0,0,0,0,0.994751328170006,0,0,0,0,0,0,0,0,3.30485648660707e-05,1.43747005270724e-07,0,0
0,0,0,0,0,0,0,6.63684510930884e-06,0,0,0,0,3.66284265893074e-06,0,0,0,0,1.48833820044731e-07,0,0,1.16880688193492e-05,0,0,0,0,0,0,0,0,0,0,0,0,0,0,0,0,2.26326271953648e-05,0,0,0,0,0,0,0,0,0,0,0,0,0,0,0,0,1.66110197505025e-05,0,0,0.000166195778627223,0,0,0,0,0,0,0,0,0,1.84359153754612e-06,0,0,0,0,0,0,0,0,0,0,0,0,0,0,0,0.994787347470679,0,0,0,0,0.000250222639041037,0,0,0,0,2.57400257400257e-07,0
0,3.60113795959523e-05,0,3.66730233240428e-05,0,0,0,0,0,0,0,3.26593531488515e-06,0.00014651370635723,5.39694532894382e-05,0,6.2032045754837e-06,0,2.08367348062623e-06,0,0,0,0,0.00635501938819474,0.000195786670843449,7.51772303204805e-06,0,9.54489920586439e-06,0,0,0,0,0,0,0,0,0,0,0,0,8.31282835672009e-06,0,0,0,0,9.74269541411327e-06,0,1.52275374787766e-05,0,0,0,0,0,0,3.79584842634969e-05,0,0,0,0,3.41565051063975e-05,0,0.0013009540329575,0,0,0,0,0.000737242712256162,0,0,0,0,0,0.000107446008380789,0,1.94710115579925e-06,0,1.913619228046e-05,0,0,0,0,0,0,0,0,0.995818250722005,6.28831944662789e-05,0,0,0,0,3.64466906404898e-05,0,1.05414470531864e-06,0,0
0.000116808784020558,0,0,1.22243411080143e-05,0,0,0,6.63684510930884e-06,0,1.95730721502586e-06,0,0,0.000135525178380437,0,0,0,0,5.65568516169976e-06,5.43717023562521e-06,0,0,0,0.00010771219302025,0,2.25531690961442e-05,0,0,0,9.68766953421685e-06,0,0,0,0,0,0.00010972130787799,0,0,0,0,8.31282835672009e-06,0,0,0,0,8.52485848734911e-06,0,0.00644124835352251,4.41452378324688e-06,0,0,0,0,4.90713251711362e-06,0.000281977311671692,0,0,0,0,0.000648973597021553,0,0,0,0,0,0.00147335263933343,1.9925478709626e-05,7.95038956908888e-05,2.76538730631919e-06,0,0,0,0,0,1.94710115579925e-06,0,1.913619228046e-05,0.00062928261781569,0,0,4.08045015526113e-06,0,2.11682324102573e-06,0,0,0,0.960194937902845,0,0,1.97025700032312e-06,0,3.64466906404898e-05,0,9.5831336847149e-07,0,0
0.000584043920102792,0.000288091036767619,0,0.00250598992714293,0,0,0,0,0,0,0,3.91912237786218e-05,2.56398986125152e-05,0,0,0,0,7.44169100223653e-07,0,0,0,0,0.00032313657906075,0.000156629336674759,0,0,0,0,0,0,0,2.31669176416078e-05,0,0.000477251034043907,0,0,0,0,0,4.15641417836005e-06,0,0,0,0,1.21783692676416e-06,0,4.56826124363299e-05,0,0,0,0,0,4.90713251711362e-06,1.6267921827213e-05,0,0,0,0,6.8313010212795e-05,0,0.00027103209019948,5.6784949716927e-06,0,0,0.000101610526850582,1.9925478709626e-05,0,9.21795768773062e-07,0,0,0.000137646249139711,0,0,0,0,1.913619228046e-05,0,0,0,0,0,2.11682324102573e-06,0,0,0,6.28831944662789e-05,0.992706333973129,0,1.97025700032312e-06,0,0,1.65242824330353e-05,9.5831336847149e-08,0,0
0,0,0,0,0,0,0,0,0,0,0,0,0,0,0.000158772161947605,0,0,1.48833820044731e-07,0,0.00214323986426148,0,0,0,0,0,0,0,0,9.68766953421685e-06,0,8.91775209698318e-05,0,3.67998822403768e-05,0,0,0,0,0,0,4.15641417836005e-06,0.00292484632163395,0,0.000437222181738687,0,0,0,0,4.41452378324688e-06,0,0.000427487442556375,0,0,0,0,0,4.30514895815395e-05,0,0,0,0,0,0,0,0,0,0,0,0,5.47663121460727e-06,0.000957187608771319,0,0,0,0,0,0,0,2.95246530853262e-05,0,0,0.000288350634371396,0,6.40081930487102e-05,0,0,0,0,0.992292255769406,0,0,0,1.65242824330353e-05,0,0,0
0,0,0,0,0.000211869394288943,0.000172161487475252,0.000386971944534021,0.000298658029918898,0.000437203066250838,5.87192164507757e-06,1.51057401812689e-05,0,7.32568531786149e-06,0,0,1.24064091509674e-05,0,1.39903790842047e-05,7.61203832987529e-06,0.00017860332202179,0.000857125046752275,0.000195860808252269,0,0,7.51772303204805e-06,0,0,0.00157822055632275,0.000416569789971325,9.09090909090909e-05,2.09829461105487e-05,0,3.67998822403768e-05,0,0.00010972130787799,0.000754798361009273,0.00193953813131966,0.00074687669744704,0.00405521328862201,9.5597526102281e-05,0,0,0,0.000642968678240103,1.21783692676416e-06,0,1.52275374787766e-05,8.38759518816908e-05,0.000981534875161033,0,0.00133603238866397,0.000255123735011481,4.90713251711362e-06,0,0.000215943256756532,0.00111933872912003,0,0.0199157941388289,0.000170782525531988,3.29500148275067e-05,2.7103209019948e-05,5.6784949716927e-06,0,0,0,0,3.97519478454444e-05,1.38269365315959e-05,5.47663121460727e-06,0,4.58820830465703e-05,0,0,2.72594161811894e-05,9.57157624717639e-05,0,0,0.000177147918511957,0.000418351694324362,0,0.000192233756247597,0,0,0.00428859139912333,0,9.43247916994183e-05,2.25810093711189e-05,4.56079540271823e-05,0.9963432030074,0,1.21488968801633e-05,0,4.79156684235745e-08,1.28700128700129e-06,0
0,0,0,0,0,0,0,0,0,0,0,0,0,0,0,0,0,0,0,0,0,6.52869360840896e-05,0,0,0,0,0,0,0.000290630086026505,0,0,0,7.35997644807537e-05,0,0,0,0,0,0,0,0,0,0,0,0,0,0,0,0,0,0,0,0,0,0,0,0,0,0,0,0,0,0,0,0,0,0,0,0,0,0,0,0,0,0,0,0,0,0,0,0,0,0,0,0,0,0,0,0,0.994697484704283,0,0,4.79156684235745e-08,0,0
0,7.20227591919046e-05,0,4.88973644320571e-05,0,0,0,0,0,3.71888370854913e-05,7.55287009063444e-06,3.26593531488515e-06,6.22683252018226e-05,0.000215877813157753,0,0,0,7.2928571821918e-05,3.58853235551264e-05,0,3.89602293978307e-06,0,0,0.000117472002506069,0.00252595493876815,0,0.000906765424557117,0,0,0,5.24573652763716e-06,0,0,0,5.4860653938995e-05,0,0,0,0,0,0,0,0,0,0.00030445923169104,0,0.000114206531090825,8.82904756649376e-06,0,0,0,0,2.45356625855681e-05,4.88037654816389e-05,0,0,0.000445718771412795,0,0.000922225637872733,0,0,4.54279597735416e-05,0.00021425510641337,0.000337321219753531,0,9.962739354813e-06,7.95038956908888e-05,5.53077461263837e-06,0,0,0,0.000214892016761577,6.15441425362341e-05,9.73550577899623e-06,1.91431524943528e-05,0.00135866965191266,6.992029086841e-05,0,0,1.63218006210445e-05,0,2.3285055651283e-05,0,0,2.61359329874678e-05,0.000314415972331394,0,0,1.97025700032312e-06,0,0.981011274176305,4.9572847299106e-05,0,0,0
0,0,3.36436021083324e-05,0,2.35410438098825e-05,0,0,0,8.74406132501676e-05,1.95730721502586e-06,7.55287009063444e-06,1.95956118893109e-05,0,0,5.29240539825351e-05,2.48128183019348e-05,0,1.47345481844283e-05,6.41586087803775e-05,0,7.79204587956614e-06,0,0,0,7.51772303204805e-06,0.000695658075572221,9.54489920586439e-06,0,0,0,4.72116287487345e-05,0,0,0,0,0,0,2.26326271953648e-05,0,0.000477987630511405,0,0,0,4.59263341600074e-05,7.30702156058495e-06,0,7.61376873938831e-06,0,0,0,0,0,0,0,3.3222039501005e-05,0,0,0,0,0,0,0,0,2.2488081316902e-05,0,0,0,2.30448942193266e-05,0.000558616383889942,0,0.000137646249139711,0,1.23088285072468e-05,2.3365213869591e-05,9.57157624717639e-06,0,0,0,0,0.000922181735089015,0,1.27009394461544e-05,0,0,0,0,0,0,0,0,1.21488968801633e-05,0.986846671183304,1.91662673694298e-07,0,0
0.000233617568041117,0,0,0.000220038139944257,0.000659149226676711,8.60807437376259e-05,0,0,0,0,0,2.28615472041961e-05,1.4651370635723e-05,0,0.00148187351151098,0,0,2.97667640089461e-06,3.26230214137513e-06,0.00017860332202179,0,0.000130573872168179,0.000646273158121499,0,0,1.69672701359078e-05,1.90897984117288e-05,0,4.84383476710842e-05,0,1.04914730552743e-05,2.31669176416078e-05,7.35997644807537e-05,7.95418390073178e-05,0.0032916392363397,5.39141686435195e-05,0,0,0,0,9.9147332936744e-05,0.000159176526768186,0,0,1.21783692676416e-06,0,0.000121820299830213,0,0,0,0,0.000170082490007654,4.90713251711362e-06,1.0845281218142e-05,0,0,0,0,0,0,2.7103209019948e-05,0,0,0,0,0,7.95038956908888e-05,0,5.47663121460727e-05,0,0.000137646249139711,0,0,3.89420231159849e-06,0,0,0,0,0,4.08045015526113e-06,9.61168781237985e-05,2.11682324102573e-06,6.40081930487102e-05,0,0.000143747631431073,0.000503065555730231,0.000158067065597832,4.56079540271823e-05,0,0,0,1.65242824330353e-05,0.999980258744609,0,0
0,0,0,0,0,0,0,0,0,0,0,0,0,0,0,0,0,0,0,0,0,0,0,0,0,0,0,0,1.93753390684337e-05,0,0,0,0,0,0,0.000943497951261592,0,0,0,0,0,0,0,0,0,0,0,0,0,0,0,0,0,0,0,0,0,0,0,0,0,0,0,0,0,0,0,0,0,0,0,0,0,0,0,0,0,0,0,0,0,0,0,0.00011846937566639,0,0,0,0,3.94051400064624e-06,0,0,0,0,0.999991248391248,0
0,0,0,0,0,0,0,0,0,0,0,0,0,0,0,0,0,0,0,0,0,0,0,0,0,0,0,0,0,0,0,0.000370670682265725,0,0,0,0,0,0,0,0,0,0,0,0,0,0,1.52275374787766e-05,0,0,0,0,0,0,0,0,0,0,0,0,0,0,0,0,0,5.08052634252909e-05,0,0,0,0,0,0,0,0,0,0,0,0,0,0,0,0,0,0,0,0,0,0,0,0,0,0,0,0,0,0.999999523160763
