id,pop,domain,Brazil
Sé,3513,BRA,209346619
Parque Dom Pedro,4142,BRA,209346619
Praça João Mendes,16177,BRA,209346619
Ladeira da Memória,24406,BRA,209346619
República,14734,BRA,209346619
Santa Ifigênia,21685,BRA,209346619
Luz,12876,BRA,209346619
Bom Retiro,11586,BRA,209346619
Ponte Pequena,7786,BRA,209346619
Canindé,2385,BRA,209346619
Bom Jardim,4240,BRA,209346619
Pari,10734,BRA,209346619
João Teodoro,790,BRA,209346619
Oriente,1659,BRA,209346619
Bresser,8384,BRA,209346619
Brás,19400,BRA,209346619
Gasômetro,8517,BRA,209346619
Independência,26014,BRA,209346619
Cambuci,19149,BRA,209346619
Glicério,24085,BRA,209346619
Aclimação,16299,BRA,209346619
Pires da Mota,11134,BRA,209346619
Centro Cultural,4061,BRA,209346619
Liberdade,10477,BRA,209346619
Treze de Maio,16336,BRA,209346619
Bexiga,11537,BRA,209346619
Bela Vista,15041,BRA,209346619
São Carlos do Pinhal,7211,BRA,209346619
Masp,9899,BRA,209346619
Higienópolis,16380,BRA,209346619
Vila Buarque,21794,BRA,209346619
Consolação,7161,BRA,209346619
Pacaembu,1501,BRA,209346619
FAAP,6308,BRA,209346619
Santa Cecília,34998,BRA,209346619
Marechal Deodoro,38425,BRA,209346619
Rudge,8821,BRA,209346619
Catumbi,5390,BRA,209346619
Belém,12896,BRA,209346619
Quarta Parada,8011,BRA,209346619
Belenzinho,22745,BRA,209346619
Celso Garcia,6743,BRA,209346619
Mooca,31316,BRA,209346619
Alto da Mooca,16539,BRA,209346619
Parque da Mooca,33025,BRA,209346619
Água Rasa,36213,BRA,209346619
Vila Bertioga,25374,BRA,209346619
Regente Feijó,24201,BRA,209346619
Ana Rosa,14480,BRA,209346619
Jardim da Glória,9330,BRA,209346619
Chácara Klabin,15500,BRA,209346619
Vila Mariana,9310,BRA,209346619
Santa Cruz,13715,BRA,209346619
Vila Clementino,8240,BRA,209346619
França Pinto,15086,BRA,209346619
Rodrigues Alves,19948,BRA,209346619
Paraíso,21677,BRA,209346619
Bosque da Saúde,33495,BRA,209346619
Saúde,48906,BRA,209346619
Planalto Paulista,20173,BRA,209346619
Mirandópolis,25895,BRA,209346619
Parque Ibirapuera,4819,BRA,209346619
Jardim Luzitânia,2000,BRA,209346619
Moema,30321,BRA,209346619
Vila Helena,25675,BRA,209346619
Bandeirantes,10389,BRA,209346619
Vila Nova Conceição,8695,BRA,209346619
Chácara Itaim,25206,BRA,209346619
Vila Olímpia,10394,BRA,209346619
Hélio Pelegrino,13047,BRA,209346619
Brooklin,30542,BRA,209346619
Vila Cordeiro,12859,BRA,209346619
Berrini,9404,BRA,209346619
Campinas,11245,BRA,209346619
Pamplona,12918,BRA,209346619
Jardins,9025,BRA,209346619
Clínicas,21791,BRA,209346619
Oscar Freire,17559,BRA,209346619
Trianon,9321,BRA,209346619
Jardim Paulistano,18612,BRA,209346619
Jardim Europa,11624,BRA,209346619
Pinheiros,12097,BRA,209346619
Vila Madalena,22812,BRA,209346619
PUC,16293,BRA,209346619
Cardoso de Almeida,4187,BRA,209346619
Zequinha de Abreu,2958,BRA,209346619
Sumaré,16343,BRA,209346619
Perdizes,38183,BRA,209346619
Vila Anglo Brasileira,12026,BRA,209346619
Pompéia,12401,BRA,209346619
Santa Marina,13993,BRA,209346619
Barra Funda,3401,BRA,209346619
Francisco Matarazzo,10101,BRA,209346619
Água Branca,5941,BRA,209346619
Vila Beatriz,15974,BRA,209346619
Alto de Pinheiros,6270,BRA,209346619
Boaçava,15115,BRA,209346619
Vila Anastácio,8618,BRA,209346619
Lapa de Baixo,8535,BRA,209346619
Lapa,23133,BRA,209346619
Vila Ipojuca,21042,BRA,209346619
Alto da Lapa,11763,BRA,209346619
Gavião Peixoto,2442,BRA,209346619
Bela Aliança,6234,BRA,209346619
Vila Hamburguesa,12180,BRA,209346619
CEASA,7340,BRA,209346619
Vila Leopoldina,15964,BRA,209346619
Emissário,5157,BRA,209346619
Vila Zatt,116427,BRA,209346619
Pirituba,62977,BRA,209346619
São Domingos,49989,BRA,209346619
Jardim Mutinga,38895,BRA,209346619
Vila Jaguara,24730,BRA,209346619
Parque do Jaraguá,65,BRA,209346619
Nova Jaraguá,50699,BRA,209346619
Parada de Taipas,160853,BRA,209346619
Parque Morro Doce,60480,BRA,209346619
Anhanguera,14880,BRA,209346619
Perus,87716,BRA,209346619
Vista Alegre,0,BRA,209346619
Jardim Damasceno,80353,BRA,209346619
Vila Souza,46084,BRA,209346619
Vila Terezinha,61111,BRA,209346619
Brasilândia,55160,BRA,209346619
Vila Morro Grande,51578,BRA,209346619
Itaberaba,33463,BRA,209346619
Freguesia do Ó,53084,BRA,209346619
Carandiru,1057,BRA,209346619
Santana,4674,BRA,209346619
Zaki Narchi,5428,BRA,209346619
Tietê,1493,BRA,209346619
Parque Anhembi,1758,BRA,209346619
Alfredo Pujol,37229,BRA,209346619
Santa Terezinha,30780,BRA,209346619
Jardim São Paulo,33816,BRA,209346619
Casa Verde,31316,BRA,209346619
Parque Peruche,49220,BRA,209346619
Limão,11622,BRA,209346619
Jardim Primavera,26314,BRA,209346619
Vila Santa Maria,44437,BRA,209346619
Cachoeirinha,80725,BRA,209346619
Jardim Peri,62641,BRA,209346619
Reserva da Cantareira,0,BRA,209346619
Mandaqui,95319,BRA,209346619
Horto Florestal,7800,BRA,209346619
ETA Guaraú,0,BRA,209346619
Parque Palmas do Tremembé,28550,BRA,209346619
Tremembé,20095,BRA,209346619
Cantareira,613,BRA,209346619
Jardim das Pedras,50345,BRA,209346619
Jardim Guapira,95704,BRA,209346619
Parada Inglesa,34958,BRA,209346619
Tucuruvi,16643,BRA,209346619
Vila Gustavo,47958,BRA,209346619
Cohab Jova Rural,30478,BRA,209346619
Jaçanã,41479,BRA,209346619
Parque Edu Chaves,16628,BRA,209346619
Vila Medeiros,54022,BRA,209346619
Jardim Brasil,60917,BRA,209346619
Jardim Japão,46285,BRA,209346619
Parque Novo Mundo,46689,BRA,209346619
Vila Maria,15569,BRA,209346619
Vila Isolina Mazzei,41475,BRA,209346619
Vila Guilherme,7682,BRA,209346619
Coroa,3430,BRA,209346619
Gomes Cardim,30190,BRA,209346619
Tatuapé,15182,BRA,209346619
Chácara do Piqueri,24765,BRA,209346619
Parque São Jorge,28464,BRA,209346619
Penha,41145,BRA,209346619
Tiquatira,38178,BRA,209346619
Vila Esperança,25791,BRA,209346619
Vila Ré,27338,BRA,209346619
Rui Barbosa,45525,BRA,209346619
Estação Eng. Goulart,35585,BRA,209346619
Cangaíba,45285,BRA,209346619
Parque Ecológico do Tietê,14036,BRA,209346619
USP Leste I,791,BRA,209346619
USP Leste II,901,BRA,209346619
Ermelino Matarazzo,66408,BRA,209346619
Parque Buturussu,44974,BRA,209346619
Ponte Rasa,44756,BRA,209346619
Burgo Paulista,45125,BRA,209346619
Limoeiro,23112,BRA,209346619
Laranja da China,25793,BRA,209346619
Pedro José Nunes,9865,BRA,209346619
Parque Cruzeiro do Sul,47349,BRA,209346619
Vila Jacuí,28862,BRA,209346619
Parada XV,48418,BRA,209346619
Itaquera,35225,BRA,209346619
Arena Corinthians,1202,BRA,209346619
Vila Campanela,36696,BRA,209346619
Araucárias,25138,BRA,209346619
Parque Guarani,25097,BRA,209346619
Rio Verde,39184,BRA,209346619
Saudade,32785,BRA,209346619
São Miguel Paulista,22036,BRA,209346619
Cidade Nitro-Operária,25398,BRA,209346619
Jardim Helena,97218,BRA,209346619
Jardim Romano,32191,BRA,209346619
Vila Curuçá,67453,BRA,209346619
Jardim Robru,73005,BRA,209346619
Lajeado,51770,BRA,209346619
Fábrica Bandeirantes,112621,BRA,209346619
Fazenda Itaim,95360,BRA,209346619
Itaim Paulista,38486,BRA,209346619
Jardim das Oliveiras,71664,BRA,209346619
Vila Califórnia,44057,BRA,209346619
Vila Carrão,40340,BRA,209346619
Jardim Anália Franco,33284,BRA,209346619
Vila Formosa,58902,BRA,209346619
Barreira Grande,42345,BRA,209346619
Aricanduva,47229,BRA,209346619
Frei Mont'Alverne,25533,BRA,209346619
Vila Matilde,39182,BRA,209346619
Cidade Patriarca,38843,BRA,209346619
Cidade A.E.Carvalho,31263,BRA,209346619
Artur Alvim,64312,BRA,209346619
Cidade Líder,47850,BRA,209346619
Santa Marcelina,34127,BRA,209346619
Parque Savoy,53136,BRA,209346619
Vila Carmosina,47363,BRA,209346619
Fazenda Caguaçu,26203,BRA,209346619
Parque do Carmo,2658,BRA,209346619
Gleba do Pêssego,45861,BRA,209346619
José Bonifácio,82492,BRA,209346619
Guaianases,62518,BRA,209346619
Juscelino Kubitschek,46798,BRA,209346619
Cidade Tiradentes,130741,BRA,209346619
Santa Etelvina,63326,BRA,209346619
Terceira Divisão,47960,BRA,209346619
Iguatemi,45674,BRA,209346619
Sítio Carrãozinho,56066,BRA,209346619
Parque São Rafael,73821,BRA,209346619
Rodolfo Pirani,74152,BRA,209346619
Ipiranga,12015,BRA,209346619
Sacomã,11154,BRA,209346619
Alto do Ipiranga,19199,BRA,209346619
Vila São José,14123,BRA,209346619
Vila Monumento,20007,BRA,209346619
Vila Independência,10687,BRA,209346619
Vila Carioca,29086,BRA,209346619
Moinho Velho,44751,BRA,209346619
Vila Heliópolis,65484,BRA,209346619
São João Clímaco,24473,BRA,209346619
Anchieta,29929,BRA,209346619
Vila das Mercês,96799,BRA,209346619
Parque do Estado,18,BRA,209346619
Água Funda,38165,BRA,209346619
Jardim da Saúde,19402,BRA,209346619
Vila Gumercindo,24420,BRA,209346619
Jardim Previdência,21157,BRA,209346619
Tamanduateí,5470,BRA,209346619
Orfanato,34306,BRA,209346619
Vila Zelina,65914,BRA,209346619
Linhas Corrente,27207,BRA,209346619
Vila Ema,43317,BRA,209346619
Parque São Lucas,67514,BRA,209346619
Vila Cardoso Franco,33860,BRA,209346619
Parque Santa Madalena,42227,BRA,209346619
Jardim Colorado,51465,BRA,209346619
Teotônio Vilela,77973,BRA,209346619
Fazenda da Juta,61190,BRA,209346619
São Mateus,62747,BRA,209346619
Cidade IV Centenário,41799,BRA,209346619
Rio Claro,19189,BRA,209346619
Cidade Satélite,31947,BRA,209346619
Joaquim Nabuco,12518,BRA,209346619
Vieira de Moraes,28477,BRA,209346619
Campo Belo,9203,BRA,209346619
Congonhas,406,BRA,209346619
Jardim Aeroporto,20430,BRA,209346619
Vila Santa Catarina,59782,BRA,209346619
Jabaquara,31646,BRA,209346619
Cidade Vargas,37520,BRA,209346619
Jardim Bom Clima,86043,BRA,209346619
Cupecê,56232,BRA,209346619
Jardim Miriam,119967,BRA,209346619
Vila Missionária,73019,BRA,209346619
Jurubatuba,24943,BRA,209346619
Vila São Pedro,38684,BRA,209346619
Campo Grande,35357,BRA,209346619
Vila Sabará,16941,BRA,209346619
Mar Paulista,51205,BRA,209346619
Pedreira,112381,BRA,209346619
Vila Socorro,11232,BRA,209346619
Parque Interlagos,26819,BRA,209346619
Jardim Represa,17821,BRA,209346619
Rio Bonito,43759,BRA,209346619
SESC Interlagos,51598,BRA,209346619
Jardim Presidente,69281,BRA,209346619
Vila Natal,63335,BRA,209346619
Grajaú,75161,BRA,209346619
Cocaia,99304,BRA,209346619
Belmira Marin,126252,BRA,209346619
Bororé,20821,BRA,209346619
Jaceguava,6889,BRA,209346619
Parelheiros,146798,BRA,209346619
Marsilac,9266,BRA,209346619
Jardim Emburá,2185,BRA,209346619
Granja Julieta,40675,BRA,209346619
Chácara Flora,12246,BRA,209346619
Santo Amaro,18546,BRA,209346619
Vila Miranda,13882,BRA,209346619
Jardim São Luís,72487,BRA,209346619
Centro Empresarial,110894,BRA,209346619
Guarapiranga,76858,BRA,209346619
Jardim Capela,111378,BRA,209346619
Riviera,38574,BRA,209346619
Jardim Turquesa,59388,BRA,209346619
Morro do Índio,25351,BRA,209346619
Jardim Ângela,76741,BRA,209346619
Capão Redondo,38097,BRA,209346619
Jardim Sônia Ingá,20522,BRA,209346619
Adventista,94024,BRA,209346619
Parque Fernanda,117262,BRA,209346619
Morumbi,12557,BRA,209346619
Jóquei Clube,2581,BRA,209346619
Fazenda Morumbi,20555,BRA,209346619
Real Parque,7997,BRA,209346619
Paraisópolis,72555,BRA,209346619
Jardim Vitória Régia,38994,BRA,209346619
Vila Suzana,57120,BRA,209346619
Parque Arariba,68050,BRA,209346619
Jardim Mitsutani,70307,BRA,209346619
Pirajussara,38259,BRA,209346619
Jardim Umarizal,59546,BRA,209346619
Portal do Morumbi,25333,BRA,209346619
Jardim Jussara,22496,BRA,209346619
Vila Sônia,31280,BRA,209346619
Jardim Maria do Carmo,44639,BRA,209346619
Jardim Cambará,46334,BRA,209346619
Jardim João XXIII,43858,BRA,209346619
Raposo Tavares,27236,BRA,209346619
Rio Pequeno,41373,BRA,209346619
Jardim Ester Yolanda,40502,BRA,209346619
Jardim Adalgiza,49756,BRA,209346619
Parque Continental,21497,BRA,209346619
Jaguaré,33885,BRA,209346619
Cidade Universitária,2283,BRA,209346619
Butantã,6873,BRA,209346619
Jardim Caxingui,8514,BRA,209346619
Jardim Bonfiglioli,34045,BRA,209346619
#IBGEID_3500105,35068,BRA,209346619
#IBGEID_3500204,3562,BRA,209346619
#IBGEID_3500303,36305,BRA,209346619
#IBGEID_3500402,8180,BRA,209346619
#IBGEID_3500501,18705,BRA,209346619
#IBGEID_3500550,6075,BRA,209346619
#IBGEID_3500600,3451,BRA,209346619
#IBGEID_3500709,37214,BRA,209346619
#IBGEID_3500758,6025,BRA,209346619
#IBGEID_3500808,4166,BRA,209346619
#IBGEID_3500907,4160,BRA,209346619
#IBGEID_3501004,16184,BRA,209346619
#IBGEID_3501103,4099,BRA,209346619
#IBGEID_3501152,18628,BRA,209346619
#IBGEID_3501202,3679,BRA,209346619
#IBGEID_3501301,24915,BRA,209346619
#IBGEID_3501400,5227,BRA,209346619
#IBGEID_3501509,3222,BRA,209346619
#IBGEID_3501608,239597,BRA,209346619
#IBGEID_3501707,40504,BRA,209346619
#IBGEID_3501806,5969,BRA,209346619
#IBGEID_3501905,72195,BRA,209346619
#IBGEID_3502002,4995,BRA,209346619
#IBGEID_3502101,57157,BRA,209346619
#IBGEID_3502200,25228,BRA,209346619
#IBGEID_3502309,6724,BRA,209346619
#IBGEID_3502408,4115,BRA,209346619
#IBGEID_3502507,36157,BRA,209346619
#IBGEID_3502606,4196,BRA,209346619
#IBGEID_3502705,24374,BRA,209346619
#IBGEID_3502754,22364,BRA,209346619
#IBGEID_3502804,197016,BRA,209346619
#IBGEID_3502903,34146,BRA,209346619
#IBGEID_3503000,5620,BRA,209346619
#IBGEID_3503109,6357,BRA,209346619
#IBGEID_3503158,2469,BRA,209346619
#IBGEID_3503208,236072,BRA,209346619
#IBGEID_3503307,134236,BRA,209346619
#IBGEID_3503356,1791,BRA,209346619
#IBGEID_3503406,8560,BRA,209346619
#IBGEID_3503505,3886,BRA,209346619
#IBGEID_3503604,11129,BRA,209346619
#IBGEID_3503703,9668,BRA,209346619
#IBGEID_3503802,54408,BRA,209346619
#IBGEID_3503901,89824,BRA,209346619
#IBGEID_3503950,1822,BRA,209346619
#IBGEID_3504008,104386,BRA,209346619
#IBGEID_3504107,142761,BRA,209346619
#IBGEID_3504206,15189,BRA,209346619
#IBGEID_3504305,5403,BRA,209346619
#IBGEID_3504404,13649,BRA,209346619
#IBGEID_3504503,90655,BRA,209346619
#IBGEID_3504602,17502,BRA,209346619
#IBGEID_3504701,5735,BRA,209346619
#IBGEID_3504800,9068,BRA,209346619
#IBGEID_3504909,10945,BRA,209346619
#IBGEID_3505005,3469,BRA,209346619
#IBGEID_3505104,7402,BRA,209346619
#IBGEID_3505203,35264,BRA,209346619
#IBGEID_3505302,36126,BRA,209346619
#IBGEID_3505351,5724,BRA,209346619
#IBGEID_3505401,7659,BRA,209346619
#IBGEID_3505500,122098,BRA,209346619
#IBGEID_3505609,32812,BRA,209346619
#IBGEID_3505708,274182,BRA,209346619
#IBGEID_3505807,20953,BRA,209346619
#IBGEID_3505906,62508,BRA,209346619
#IBGEID_3506003,376818,BRA,209346619
#IBGEID_3506102,77496,BRA,209346619
#IBGEID_3506201,2980,BRA,209346619
#IBGEID_3506300,11148,BRA,209346619
#IBGEID_3506359,63249,BRA,209346619
#IBGEID_3506409,8034,BRA,209346619
#IBGEID_3506508,123638,BRA,209346619
#IBGEID_3506607,32598,BRA,209346619
#IBGEID_3506706,14923,BRA,209346619
#IBGEID_3506805,12329,BRA,209346619
#IBGEID_3506904,11730,BRA,209346619
#IBGEID_3507001,60997,BRA,209346619
#IBGEID_3507100,25448,BRA,209346619
#IBGEID_3507159,3954,BRA,209346619
#IBGEID_3507209,837,BRA,209346619
#IBGEID_3507308,4823,BRA,209346619
#IBGEID_3507407,16046,BRA,209346619
#IBGEID_3507456,2653,BRA,209346619
#IBGEID_3507506,146497,BRA,209346619
#IBGEID_3507605,168668,BRA,209346619
#IBGEID_3507704,5686,BRA,209346619
#IBGEID_3507753,2865,BRA,209346619
#IBGEID_3507803,24939,BRA,209346619
#IBGEID_3507902,24403,BRA,209346619
#IBGEID_3508009,19878,BRA,209346619
#IBGEID_3508108,17144,BRA,209346619
#IBGEID_3508207,4481,BRA,209346619
#IBGEID_3508306,4264,BRA,209346619
#IBGEID_3508405,49707,BRA,209346619
#IBGEID_3508504,94263,BRA,209346619
#IBGEID_3508603,33327,BRA,209346619
#IBGEID_3508702,18985,BRA,209346619
#IBGEID_3508801,17767,BRA,209346619
#IBGEID_3508900,4191,BRA,209346619
#IBGEID_3509007,101470,BRA,209346619
#IBGEID_3509106,5874,BRA,209346619
#IBGEID_3509205,76801,BRA,209346619
#IBGEID_3509254,28549,BRA,209346619
#IBGEID_3509304,10542,BRA,209346619
#IBGEID_3509403,26167,BRA,209346619
#IBGEID_3509452,6024,BRA,209346619
#IBGEID_3509502,1204073,BRA,209346619
#IBGEID_3509601,84650,BRA,209346619
#IBGEID_3509700,52088,BRA,209346619
#IBGEID_3509809,4965,BRA,209346619
#IBGEID_3509908,12540,BRA,209346619
#IBGEID_3509957,5138,BRA,209346619
#IBGEID_3510005,31280,BRA,209346619
#IBGEID_3510104,2793,BRA,209346619
#IBGEID_3510153,5216,BRA,209346619
#IBGEID_3510203,47138,BRA,209346619
#IBGEID_3510302,20706,BRA,209346619
#IBGEID_3510401,55768,BRA,209346619
#IBGEID_3510500,121532,BRA,209346619
#IBGEID_3510609,400927,BRA,209346619
#IBGEID_3510708,12326,BRA,209346619
#IBGEID_3510807,30380,BRA,209346619
#IBGEID_3510906,2523,BRA,209346619
#IBGEID_3511003,21006,BRA,209346619
#IBGEID_3511102,121862,BRA,209346619
#IBGEID_3511201,7804,BRA,209346619
#IBGEID_3511300,9237,BRA,209346619
#IBGEID_3511409,19985,BRA,209346619
#IBGEID_3511508,48949,BRA,209346619
#IBGEID_3511607,18148,BRA,209346619
#IBGEID_3511706,17190,BRA,209346619
#IBGEID_3511904,8617,BRA,209346619
#IBGEID_3512001,18468,BRA,209346619
#IBGEID_3512100,6210,BRA,209346619
#IBGEID_3512209,28050,BRA,209346619
#IBGEID_3512308,17896,BRA,209346619
#IBGEID_3512407,24528,BRA,209346619
#IBGEID_3512506,6058,BRA,209346619
#IBGEID_3512605,4681,BRA,209346619
#IBGEID_3512704,4055,BRA,209346619
#IBGEID_3512803,72252,BRA,209346619
#IBGEID_3512902,7307,BRA,209346619
#IBGEID_3513009,249210,BRA,209346619
#IBGEID_3513108,35292,BRA,209346619
#IBGEID_3513207,8631,BRA,209346619
#IBGEID_3513306,2073,BRA,209346619
#IBGEID_3513405,82238,BRA,209346619
#IBGEID_3513504,130705,BRA,209346619
#IBGEID_3513603,21547,BRA,209346619
#IBGEID_3513702,33718,BRA,209346619
#IBGEID_3513801,423884,BRA,209346619
#IBGEID_3513850,1793,BRA,209346619
#IBGEID_3513900,11146,BRA,209346619
#IBGEID_3514007,8929,BRA,209346619
#IBGEID_3514106,27315,BRA,209346619
#IBGEID_3514205,2115,BRA,209346619
#IBGEID_3514304,8873,BRA,209346619
#IBGEID_3514403,46793,BRA,209346619
#IBGEID_3514502,12445,BRA,209346619
#IBGEID_3514601,9868,BRA,209346619
#IBGEID_3514700,6102,BRA,209346619
#IBGEID_3514809,15494,BRA,209346619
#IBGEID_3514908,17772,BRA,209346619
#IBGEID_3514924,3651,BRA,209346619
#IBGEID_3514957,2452,BRA,209346619
#IBGEID_3515004,273726,BRA,209346619
#IBGEID_3515103,69385,BRA,209346619
#IBGEID_3515129,3214,BRA,209346619
#IBGEID_3515152,20773,BRA,209346619
#IBGEID_3515186,44330,BRA,209346619
#IBGEID_3515194,4829,BRA,209346619
#IBGEID_3515202,8419,BRA,209346619
#IBGEID_3515301,2766,BRA,209346619
#IBGEID_3515350,9371,BRA,209346619
#IBGEID_3515400,16036,BRA,209346619
#IBGEID_3515509,69116,BRA,209346619
#IBGEID_3515608,5783,BRA,209346619
#IBGEID_3515657,1716,BRA,209346619
#IBGEID_3515707,194276,BRA,209346619
#IBGEID_3515806,1464,BRA,209346619
#IBGEID_3515905,2917,BRA,209346619
#IBGEID_3516002,14640,BRA,209346619
#IBGEID_3516101,2676,BRA,209346619
#IBGEID_3516200,353187,BRA,209346619
#IBGEID_3516309,175844,BRA,209346619
#IBGEID_3516408,154489,BRA,209346619
#IBGEID_3516507,2776,BRA,209346619
#IBGEID_3516606,6548,BRA,209346619
#IBGEID_3516705,44390,BRA,209346619
#IBGEID_3516804,4808,BRA,209346619
#IBGEID_3516853,4789,BRA,209346619
#IBGEID_3516903,10869,BRA,209346619
#IBGEID_3517000,11409,BRA,209346619
#IBGEID_3517109,4815,BRA,209346619
#IBGEID_3517208,12168,BRA,209346619
#IBGEID_3517307,5765,BRA,209346619
#IBGEID_3517406,40790,BRA,209346619
#IBGEID_3517505,21454,BRA,209346619
#IBGEID_3517604,17157,BRA,209346619
#IBGEID_3517703,21220,BRA,209346619
#IBGEID_3517802,8323,BRA,209346619
#IBGEID_3517901,11188,BRA,209346619
#IBGEID_3518008,2000,BRA,209346619
#IBGEID_3518107,6664,BRA,209346619
#IBGEID_3518206,32939,BRA,209346619
#IBGEID_3518305,29798,BRA,209346619
#IBGEID_3518404,121798,BRA,209346619
#IBGEID_3518503,18520,BRA,209346619
#IBGEID_3518602,40105,BRA,209346619
#IBGEID_3518701,320459,BRA,209346619
#IBGEID_3518800,1379182,BRA,209346619
#IBGEID_3518859,7656,BRA,209346619
#IBGEID_3518909,5267,BRA,209346619
#IBGEID_3519006,9526,BRA,209346619
#IBGEID_3519055,14930,BRA,209346619
#IBGEID_3519071,230851,BRA,209346619
#IBGEID_3519105,11710,BRA,209346619
#IBGEID_3519204,6321,BRA,209346619
#IBGEID_3519253,9240,BRA,209346619
#IBGEID_3519303,35104,BRA,209346619
#IBGEID_3519402,12393,BRA,209346619
#IBGEID_3519501,7753,BRA,209346619
#IBGEID_3519600,60033,BRA,209346619
#IBGEID_3519709,78878,BRA,209346619
#IBGEID_3519808,8243,BRA,209346619
#IBGEID_3519907,8159,BRA,209346619
#IBGEID_3520004,24674,BRA,209346619
#IBGEID_3520103,30432,BRA,209346619
#IBGEID_3520202,9534,BRA,209346619
#IBGEID_3520301,30857,BRA,209346619
#IBGEID_3520400,34970,BRA,209346619
#IBGEID_3520426,11166,BRA,209346619
#IBGEID_3520442,26686,BRA,209346619
#IBGEID_3520509,251627,BRA,209346619
#IBGEID_3520608,4885,BRA,209346619
#IBGEID_3520707,3897,BRA,209346619
#IBGEID_3520806,3991,BRA,209346619
#IBGEID_3520905,14971,BRA,209346619
#IBGEID_3521002,37133,BRA,209346619
#IBGEID_3521101,7546,BRA,209346619
#IBGEID_3521150,5392,BRA,209346619
#IBGEID_3521200,4218,BRA,209346619
#IBGEID_3521309,16409,BRA,209346619
#IBGEID_3521408,24235,BRA,209346619
#IBGEID_3521507,7993,BRA,209346619
#IBGEID_3521606,8294,BRA,209346619
#IBGEID_3521705,17556,BRA,209346619
#IBGEID_3521804,27125,BRA,209346619
#IBGEID_3521903,15262,BRA,209346619
#IBGEID_3522000,3835,BRA,209346619
#IBGEID_3522109,101816,BRA,209346619
#IBGEID_3522158,3328,BRA,209346619
#IBGEID_3522208,175693,BRA,209346619
#IBGEID_3522307,163901,BRA,209346619
#IBGEID_3522406,94354,BRA,209346619
#IBGEID_3522505,237700,BRA,209346619
#IBGEID_3522604,74773,BRA,209346619
#IBGEID_3522653,4241,BRA,209346619
#IBGEID_3522703,43120,BRA,209346619
#IBGEID_3522802,15149,BRA,209346619
#IBGEID_3522901,13992,BRA,209346619
#IBGEID_3523008,4906,BRA,209346619
#IBGEID_3523107,370821,BRA,209346619
#IBGEID_3523206,50503,BRA,209346619
#IBGEID_3523305,17436,BRA,209346619
#IBGEID_3523404,120858,BRA,209346619
#IBGEID_3523503,20697,BRA,209346619
#IBGEID_3523602,18157,BRA,209346619
#IBGEID_3523701,6499,BRA,209346619
#IBGEID_3523800,7841,BRA,209346619
#IBGEID_3523909,173939,BRA,209346619
#IBGEID_3524006,61252,BRA,209346619
#IBGEID_3524105,41824,BRA,209346619
#IBGEID_3524204,6929,BRA,209346619
#IBGEID_3524303,77263,BRA,209346619
#IBGEID_3524402,233662,BRA,209346619
#IBGEID_3524501,7067,BRA,209346619
#IBGEID_3524600,17866,BRA,209346619
#IBGEID_3524709,57488,BRA,209346619
#IBGEID_3524808,49107,BRA,209346619
#IBGEID_3524907,6602,BRA,209346619
#IBGEID_3525003,124937,BRA,209346619
#IBGEID_3525102,44380,BRA,209346619
#IBGEID_3525201,30044,BRA,209346619
#IBGEID_3525300,150252,BRA,209346619
#IBGEID_3525409,3159,BRA,209346619
#IBGEID_3525508,13220,BRA,209346619
#IBGEID_3525607,4523,BRA,209346619
#IBGEID_3525706,37015,BRA,209346619
#IBGEID_3525805,4776,BRA,209346619
#IBGEID_3525854,3367,BRA,209346619
#IBGEID_3525904,418962,BRA,209346619
#IBGEID_3526001,20679,BRA,209346619
#IBGEID_3526100,18812,BRA,209346619
#IBGEID_3526209,31444,BRA,209346619
#IBGEID_3526308,4896,BRA,209346619
#IBGEID_3526407,28516,BRA,209346619
#IBGEID_3526506,11980,BRA,209346619
#IBGEID_3526605,7260,BRA,209346619
#IBGEID_3526704,103391,BRA,209346619
#IBGEID_3526803,68432,BRA,209346619
#IBGEID_3526902,306114,BRA,209346619
#IBGEID_3527009,7980,BRA,209346619
#IBGEID_3527108,78013,BRA,209346619
#IBGEID_3527207,88706,BRA,209346619
#IBGEID_3527256,2289,BRA,209346619
#IBGEID_3527306,48885,BRA,209346619
#IBGEID_3527405,21747,BRA,209346619
#IBGEID_3527504,2394,BRA,209346619
#IBGEID_3527603,14947,BRA,209346619
#IBGEID_3527702,5790,BRA,209346619
#IBGEID_3527801,4584,BRA,209346619
#IBGEID_3527900,2649,BRA,209346619
#IBGEID_3528007,17163,BRA,209346619
#IBGEID_3528106,8120,BRA,209346619
#IBGEID_3528205,3698,BRA,209346619
#IBGEID_3528304,3119,BRA,209346619
#IBGEID_3528403,47150,BRA,209346619
#IBGEID_3528502,100179,BRA,209346619
#IBGEID_3528601,9846,BRA,209346619
#IBGEID_3528700,5853,BRA,209346619
#IBGEID_3528809,14002,BRA,209346619
#IBGEID_3528858,3031,BRA,209346619
#IBGEID_3528908,4084,BRA,209346619
#IBGEID_3529005,238882,BRA,209346619
#IBGEID_3529104,2112,BRA,209346619
#IBGEID_3529203,26461,BRA,209346619
#IBGEID_3529302,83170,BRA,209346619
#IBGEID_3529401,472912,BRA,209346619
#IBGEID_3529500,5490,BRA,209346619
#IBGEID_3529609,3836,BRA,209346619
#IBGEID_3529658,1908,BRA,209346619
#IBGEID_3529708,22226,BRA,209346619
#IBGEID_3529807,12908,BRA,209346619
#IBGEID_3529906,19779,BRA,209346619
#IBGEID_3530003,3086,BRA,209346619
#IBGEID_3530102,29564,BRA,209346619
#IBGEID_3530201,18259,BRA,209346619
#IBGEID_3530300,59824,BRA,209346619
#IBGEID_3530409,4871,BRA,209346619
#IBGEID_3530508,68885,BRA,209346619
#IBGEID_3530607,445842,BRA,209346619
#IBGEID_3530706,151888,BRA,209346619
#IBGEID_3530805,93189,BRA,209346619
#IBGEID_3530904,3493,BRA,209346619
#IBGEID_3531001,2259,BRA,209346619
#IBGEID_3531100,56702,BRA,209346619
#IBGEID_3531209,8038,BRA,209346619
#IBGEID_3531308,50498,BRA,209346619
#IBGEID_3531407,25087,BRA,209346619
#IBGEID_3531506,19008,BRA,209346619
#IBGEID_3531605,4166,BRA,209346619
#IBGEID_3531704,4653,BRA,209346619
#IBGEID_3531803,59772,BRA,209346619
#IBGEID_3531902,32968,BRA,209346619
#IBGEID_3532009,13622,BRA,209346619
#IBGEID_3532058,4758,BRA,209346619
#IBGEID_3532108,4486,BRA,209346619
#IBGEID_3532157,3141,BRA,209346619
#IBGEID_3532207,4857,BRA,209346619
#IBGEID_3532306,6661,BRA,209346619
#IBGEID_3532405,18524,BRA,209346619
#IBGEID_3532504,8930,BRA,209346619
#IBGEID_3532603,11478,BRA,209346619
#IBGEID_3532702,5213,BRA,209346619
#IBGEID_3532801,6973,BRA,209346619
#IBGEID_3532827,9755,BRA,209346619
#IBGEID_3532843,1881,BRA,209346619
#IBGEID_3532868,1267,BRA,209346619
#IBGEID_3532900,11186,BRA,209346619
#IBGEID_3533007,21500,BRA,209346619
#IBGEID_3533106,2316,BRA,209346619
#IBGEID_3533205,3969,BRA,209346619
#IBGEID_3533254,5830,BRA,209346619
#IBGEID_3533304,4101,BRA,209346619
#IBGEID_3533403,60174,BRA,209346619
#IBGEID_3533502,41052,BRA,209346619
#IBGEID_3533601,7432,BRA,209346619
#IBGEID_3533700,4289,BRA,209346619
#IBGEID_3533809,2496,BRA,209346619
#IBGEID_3533908,54772,BRA,209346619
#IBGEID_3534005,4381,BRA,209346619
#IBGEID_3534104,6515,BRA,209346619
#IBGEID_3534203,7066,BRA,209346619
#IBGEID_3534302,44028,BRA,209346619
#IBGEID_3534401,698418,BRA,209346619
#IBGEID_3534500,2603,BRA,209346619
#IBGEID_3534609,32879,BRA,209346619
#IBGEID_3534708,113542,BRA,209346619
#IBGEID_3534757,10361,BRA,209346619
#IBGEID_3534807,8562,BRA,209346619
#IBGEID_3534906,14197,BRA,209346619
#IBGEID_3535002,12957,BRA,209346619
#IBGEID_3535101,13275,BRA,209346619
#IBGEID_3535200,9283,BRA,209346619
#IBGEID_3535309,22221,BRA,209346619
#IBGEID_3535408,15777,BRA,209346619
#IBGEID_3535507,45703,BRA,209346619
#IBGEID_3535606,18222,BRA,209346619
#IBGEID_3535705,6454,BRA,209346619
#IBGEID_3535804,20197,BRA,209346619
#IBGEID_3535903,4078,BRA,209346619
#IBGEID_3536000,10964,BRA,209346619
#IBGEID_3536109,6435,BRA,209346619
#IBGEID_3536208,19648,BRA,209346619
#IBGEID_3536257,2161,BRA,209346619
#IBGEID_3536307,14670,BRA,209346619
#IBGEID_3536406,7366,BRA,209346619
#IBGEID_3536505,109424,BRA,209346619
#IBGEID_3536570,1833,BRA,209346619
#IBGEID_3536604,8945,BRA,209346619
#IBGEID_3536703,46687,BRA,209346619
#IBGEID_3536802,6093,BRA,209346619
#IBGEID_3536901,2494,BRA,209346619
#IBGEID_3537008,16744,BRA,209346619
#IBGEID_3537107,47919,BRA,209346619
#IBGEID_3537156,3093,BRA,209346619
#IBGEID_3537206,11331,BRA,209346619
#IBGEID_3537305,63407,BRA,209346619
#IBGEID_3537404,25669,BRA,209346619
#IBGEID_3537503,8668,BRA,209346619
#IBGEID_3537602,68284,BRA,209346619
#IBGEID_3537701,5980,BRA,209346619
#IBGEID_3537800,55348,BRA,209346619
#IBGEID_3537909,29185,BRA,209346619
#IBGEID_3538006,168328,BRA,209346619
#IBGEID_3538105,17049,BRA,209346619
#IBGEID_3538204,15207,BRA,209346619
#IBGEID_3538303,3692,BRA,209346619
#IBGEID_3538501,13657,BRA,209346619
#IBGEID_3538600,27303,BRA,209346619
#IBGEID_3538709,404142,BRA,209346619
#IBGEID_3538808,29806,BRA,209346619
#IBGEID_3538907,25492,BRA,209346619
#IBGEID_3539004,11417,BRA,209346619
#IBGEID_3539103,18895,BRA,209346619
#IBGEID_3539202,27527,BRA,209346619
#IBGEID_3539301,76409,BRA,209346619
#IBGEID_3539400,13636,BRA,209346619
#IBGEID_3539509,39719,BRA,209346619
#IBGEID_3539608,5237,BRA,209346619
#IBGEID_3539707,3550,BRA,209346619
#IBGEID_3539806,117452,BRA,209346619
#IBGEID_3539905,6059,BRA,209346619
#IBGEID_3540002,22014,BRA,209346619
#IBGEID_3540101,3416,BRA,209346619
#IBGEID_3540200,49961,BRA,209346619
#IBGEID_3540259,4628,BRA,209346619
#IBGEID_3540309,2577,BRA,209346619
#IBGEID_3540408,4169,BRA,209346619
#IBGEID_3540507,9925,BRA,209346619
#IBGEID_3540606,53098,BRA,209346619
#IBGEID_3540705,56150,BRA,209346619
#IBGEID_3540754,24643,BRA,209346619
#IBGEID_3540804,17361,BRA,209346619
#IBGEID_3540853,4093,BRA,209346619
#IBGEID_3540903,21496,BRA,209346619
#IBGEID_3541000,325073,BRA,209346619
#IBGEID_3541059,5261,BRA,209346619
#IBGEID_3541109,4094,BRA,209346619
#IBGEID_3541208,13106,BRA,209346619
#IBGEID_3541307,44200,BRA,209346619
#IBGEID_3541406,228743,BRA,209346619
#IBGEID_3541505,39516,BRA,209346619
#IBGEID_3541604,40432,BRA,209346619
#IBGEID_3541653,3804,BRA,209346619
#IBGEID_3541703,14109,BRA,209346619
#IBGEID_3541802,3406,BRA,209346619
#IBGEID_3541901,13420,BRA,209346619
#IBGEID_3542008,6638,BRA,209346619
#IBGEID_3542107,9076,BRA,209346619
#IBGEID_3542206,29707,BRA,209346619
#IBGEID_3542305,3851,BRA,209346619
#IBGEID_3542404,20261,BRA,209346619
#IBGEID_3542503,9621,BRA,209346619
#IBGEID_3542602,56322,BRA,209346619
#IBGEID_3542701,7593,BRA,209346619
#IBGEID_3542800,3340,BRA,209346619
#IBGEID_3542909,13219,BRA,209346619
#IBGEID_3543006,16444,BRA,209346619
#IBGEID_3543105,4718,BRA,209346619
#IBGEID_3543204,4541,BRA,209346619
#IBGEID_3543238,2225,BRA,209346619
#IBGEID_3543253,7673,BRA,209346619
#IBGEID_3543303,123393,BRA,209346619
#IBGEID_3543402,703293,BRA,209346619
#IBGEID_3543501,5524,BRA,209346619
#IBGEID_3543600,3629,BRA,209346619
#IBGEID_3543709,10799,BRA,209346619
#IBGEID_3543808,9981,BRA,209346619
#IBGEID_3543907,206424,BRA,209346619
#IBGEID_3544004,35228,BRA,209346619
#IBGEID_3544103,50846,BRA,209346619
#IBGEID_3544202,12518,BRA,209346619
#IBGEID_3544251,16643,BRA,209346619
#IBGEID_3544301,10712,BRA,209346619
#IBGEID_3544400,3128,BRA,209346619
#IBGEID_3544509,3148,BRA,209346619
#IBGEID_3544608,5590,BRA,209346619
#IBGEID_3544707,2432,BRA,209346619
#IBGEID_3544806,6331,BRA,209346619
#IBGEID_3544905,11890,BRA,209346619
#IBGEID_3545001,17139,BRA,209346619
#IBGEID_3545100,5300,BRA,209346619
#IBGEID_3545159,8286,BRA,209346619
#IBGEID_3545209,118663,BRA,209346619
#IBGEID_3545308,45422,BRA,209346619
#IBGEID_3545407,9331,BRA,209346619
#IBGEID_3545506,4302,BRA,209346619
#IBGEID_3545605,15480,BRA,209346619
#IBGEID_3545704,6008,BRA,209346619
#IBGEID_3545803,193475,BRA,209346619
#IBGEID_3546009,14788,BRA,209346619
#IBGEID_3546108,2115,BRA,209346619
#IBGEID_3546207,4503,BRA,209346619
#IBGEID_3546256,2139,BRA,209346619
#IBGEID_3546306,34361,BRA,209346619
#IBGEID_3546405,47673,BRA,209346619
#IBGEID_3546504,5599,BRA,209346619
#IBGEID_3546603,32322,BRA,209346619
#IBGEID_3546702,26898,BRA,209346619
#IBGEID_3546801,57386,BRA,209346619
#IBGEID_3546900,8817,BRA,209346619
#IBGEID_3547007,6173,BRA,209346619
#IBGEID_3547106,2939,BRA,209346619
#IBGEID_3547205,1487,BRA,209346619
#IBGEID_3547304,139447,BRA,209346619
#IBGEID_3547403,2498,BRA,209346619
#IBGEID_3547502,27557,BRA,209346619
#IBGEID_3547601,26540,BRA,209346619
#IBGEID_3547650,1545,BRA,209346619
#IBGEID_3547700,20878,BRA,209346619
#IBGEID_3547809,718773,BRA,209346619
#IBGEID_3547908,6929,BRA,209346619
#IBGEID_3548005,23310,BRA,209346619
#IBGEID_3548054,8420,BRA,209346619
#IBGEID_3548104,5954,BRA,209346619
#IBGEID_3548203,6811,BRA,209346619
#IBGEID_3548302,3111,BRA,209346619
#IBGEID_3548401,4777,BRA,209346619
#IBGEID_3548500,433311,BRA,209346619
#IBGEID_3548609,10878,BRA,209346619
#IBGEID_3548708,838936,BRA,209346619
#IBGEID_3548807,161127,BRA,209346619
#IBGEID_3548906,251983,BRA,209346619
#IBGEID_3549003,2821,BRA,209346619
#IBGEID_3549102,91211,BRA,209346619
#IBGEID_3549201,2568,BRA,209346619
#IBGEID_3549250,1922,BRA,209346619
#IBGEID_3549300,2105,BRA,209346619
#IBGEID_3549409,51888,BRA,209346619
#IBGEID_3549508,8928,BRA,209346619
#IBGEID_3549607,4147,BRA,209346619
#IBGEID_3549706,54946,BRA,209346619
#IBGEID_3549805,460671,BRA,209346619
#IBGEID_3549904,721944,BRA,209346619
#IBGEID_3549953,15825,BRA,209346619
#IBGEID_3550001,10687,BRA,209346619
#IBGEID_3550100,40954,BRA,209346619
#IBGEID_3550209,32931,BRA,209346619
#IBGEID_3550407,35653,BRA,209346619
#IBGEID_3550506,7666,BRA,209346619
#IBGEID_3550605,91016,BRA,209346619
#IBGEID_3550704,88980,BRA,209346619
#IBGEID_3550803,12182,BRA,209346619
#IBGEID_3550902,15322,BRA,209346619
#IBGEID_3551009,365798,BRA,209346619
#IBGEID_3551108,10285,BRA,209346619
#IBGEID_3551207,3638,BRA,209346619
#IBGEID_3551306,3513,BRA,209346619
#IBGEID_3551405,14662,BRA,209346619
#IBGEID_3551504,45107,BRA,209346619
#IBGEID_3551603,29229,BRA,209346619
#IBGEID_3551702,125815,BRA,209346619
#IBGEID_3551801,12832,BRA,209346619
#IBGEID_3551900,17496,BRA,209346619
#IBGEID_3552007,6302,BRA,209346619
#IBGEID_3552106,41005,BRA,209346619
#IBGEID_3552205,679378,BRA,209346619
#IBGEID_3552304,7718,BRA,209346619
#IBGEID_3552403,282441,BRA,209346619
#IBGEID_3552502,297637,BRA,209346619
#IBGEID_3552551,3963,BRA,209346619
#IBGEID_3552601,12407,BRA,209346619
#IBGEID_3552700,16496,BRA,209346619
#IBGEID_3552809,289664,BRA,209346619
#IBGEID_3552908,6285,BRA,209346619
#IBGEID_3553005,13859,BRA,209346619
#IBGEID_3553104,6295,BRA,209346619
#IBGEID_3553203,5566,BRA,209346619
#IBGEID_3553302,23207,BRA,209346619
#IBGEID_3553401,25967,BRA,209346619
#IBGEID_3553500,7807,BRA,209346619
#IBGEID_3553609,12960,BRA,209346619
#IBGEID_3553658,2811,BRA,209346619
#IBGEID_3553708,57177,BRA,209346619
#IBGEID_3553807,23218,BRA,209346619
#IBGEID_3553856,5852,BRA,209346619
#IBGEID_3553906,7468,BRA,209346619
#IBGEID_3553955,15000,BRA,209346619
#IBGEID_3554003,121766,BRA,209346619
#IBGEID_3554102,314924,BRA,209346619
#IBGEID_3554201,4532,BRA,209346619
#IBGEID_3554300,23148,BRA,209346619
#IBGEID_3554409,9370,BRA,209346619
#IBGEID_3554508,42076,BRA,209346619
#IBGEID_3554607,2658,BRA,209346619
#IBGEID_3554656,2412,BRA,209346619
#IBGEID_3554706,10010,BRA,209346619
#IBGEID_3554755,1724,BRA,209346619
#IBGEID_3554805,47185,BRA,209346619
#IBGEID_3554904,5807,BRA,209346619
#IBGEID_3554953,6894,BRA,209346619
#IBGEID_3555000,65524,BRA,209346619
#IBGEID_3555109,15495,BRA,209346619
#IBGEID_3555208,2016,BRA,209346619
#IBGEID_3555307,1727,BRA,209346619
#IBGEID_3555356,6309,BRA,209346619
#IBGEID_3555406,90799,BRA,209346619
#IBGEID_3555505,4780,BRA,209346619
#IBGEID_3555604,10110,BRA,209346619
#IBGEID_3555703,1844,BRA,209346619
#IBGEID_3555802,9114,BRA,209346619
#IBGEID_3555901,1165,BRA,209346619
#IBGEID_3556008,13809,BRA,209346619
#IBGEID_3556107,13326,BRA,209346619
#IBGEID_3556206,129193,BRA,209346619
#IBGEID_3556305,26480,BRA,209346619
#IBGEID_3556354,10537,BRA,209346619
#IBGEID_3556404,42845,BRA,209346619
#IBGEID_3556453,52597,BRA,209346619
#IBGEID_3556503,121838,BRA,209346619
#IBGEID_3556602,10843,BRA,209346619
#IBGEID_3556701,78728,BRA,209346619
#IBGEID_3556800,18898,BRA,209346619
#IBGEID_3556909,8810,BRA,209346619
#IBGEID_3556958,1840,BRA,209346619
#IBGEID_3557006,122480,BRA,209346619
#IBGEID_3557105,94547,BRA,209346619
#IBGEID_3557154,2718,BRA,209346619
#IBGEID_3557204,12418,BRA,209346619
#IBGEID_3557303,11304,BRA,209346619
#UF_RONDÔNIA,1777225,BRA,209346619
#UF_ACRE,881935,BRA,209346619
#UF_AMAZONAS,4144597,BRA,209346619
#UF_RORAIMA,605761,BRA,209346619
#UF_PARÁ,8602865,BRA,209346619
#UF_AMAPÁ,845731,BRA,209346619
#UF_TOCANTINS,1572866,BRA,209346619
#UF_MARANHÃO,7075181,BRA,209346619
#UF_PIAUÍ,3273227,BRA,209346619
#UF_CEARÁ,9132078,BRA,209346619
#UF_RIO GRANDE DO NORTE,3506853,BRA,209346619
#UF_PARAÍBA,4018127,BRA,209346619
#UF_PERNAMBUCO,9557071,BRA,209346619
#UF_ALAGOAS,3337357,BRA,209346619
#UF_SERGIPE,2298696,BRA,209346619
#UF_BAHIA,14873064,BRA,209346619
#UF_MINAS GERAIS,21168791,BRA,209346619
#UF_ESPIRITO SANTO,4018650,BRA,209346619
#UF_RIO DE JANEIRO,17264943,BRA,209346619
#UF_PARANÁ,11433957,BRA,209346619
#UF_SANTA CATARINA,7164788,BRA,209346619
#UF_RIO GRANDE DO SUL,11377239,BRA,209346619
#UF_MATO GROSSO DO SUL,2778986,BRA,209346619
#UF_MATO GROSSO,3484466,BRA,209346619
#UF_GOIÁS,7018354,BRA,209346619
#UF_DISTRITO FEDERAL,3015268,BRA,209346619
