id,pop,domain
Sé,3513,BRA
Parque Dom Pedro,4142,BRA
Praça João Mendes,16177,BRA
Ladeira da Memória,24406,BRA
República,14734,BRA
Santa Ifigênia,21685,BRA
Luz,12876,BRA
Bom Retiro,11586,BRA
Ponte Pequena,7786,BRA
Canindé,2385,BRA
Bom Jardim,4240,BRA
Pari,10734,BRA
João Teodoro,790,BRA
Oriente,1659,BRA
Bresser,8384,BRA
Brás,19400,BRA
Gasômetro,8517,BRA
Independência,26014,BRA
Cambuci,19149,BRA
Glicério,24085,BRA
Aclimação,16299,BRA
Pires da Mota,11134,BRA
Centro Cultural,4061,BRA
Liberdade,10477,BRA
Treze de Maio,16336,BRA
Bexiga,11537,BRA
Bela Vista,15041,BRA
São Carlos do Pinhal,7211,BRA
Masp,9899,BRA
Higienópolis,16380,BRA
Vila Buarque,21794,BRA
Consolação,7161,BRA
Pacaembu,1501,BRA
FAAP,6308,BRA
Santa Cecília,34998,BRA
Marechal Deodoro,38425,BRA
Rudge,8821,BRA
Catumbi,5390,BRA
Belém,12896,BRA
Quarta Parada,8011,BRA
Belenzinho,22745,BRA
Celso Garcia,6743,BRA
Mooca,31316,BRA
Alto da Mooca,16539,BRA
Parque da Mooca,33025,BRA
Água Rasa,36213,BRA
Vila Bertioga,25374,BRA
Regente Feijó,24201,BRA
Ana Rosa,14480,BRA
Jardim da Glória,9330,BRA
Chácara Klabin,15500,BRA
Vila Mariana,9310,BRA
Santa Cruz,13715,BRA
Vila Clementino,8240,BRA
França Pinto,15086,BRA
Rodrigues Alves,19948,BRA
Paraíso,21677,BRA
Bosque da Saúde,33495,BRA
Saúde,48906,BRA
Planalto Paulista,20173,BRA
Mirandópolis,25895,BRA
Parque Ibirapuera,4819,BRA
Jardim Luzitânia,2000,BRA
Moema,30321,BRA
Vila Helena,25675,BRA
Bandeirantes,10389,BRA
Vila Nova Conceição,8695,BRA
Chácara Itaim,25206,BRA
Vila Olímpia,10394,BRA
Hélio Pelegrino,13047,BRA
Brooklin,30542,BRA
Vila Cordeiro,12859,BRA
Berrini,9404,BRA
Campinas,11245,BRA
Pamplona,12918,BRA
Jardins,9025,BRA
Clínicas,21791,BRA
Oscar Freire,17559,BRA
Trianon,9321,BRA
Jardim Paulistano,18612,BRA
Jardim Europa,11624,BRA
Pinheiros,12097,BRA
Vila Madalena,22812,BRA
PUC,16293,BRA
Cardoso de Almeida,4187,BRA
Zequinha de Abreu,2958,BRA
Sumaré,16343,BRA
Perdizes,38183,BRA
Vila Anglo Brasileira,12026,BRA
Pompéia,12401,BRA
Santa Marina,13993,BRA
Barra Funda,3401,BRA
Francisco Matarazzo,10101,BRA
Água Branca,5941,BRA
Vila Beatriz,15974,BRA
Alto de Pinheiros,6270,BRA
Boaçava,15115,BRA
Vila Anastácio,8618,BRA
Lapa de Baixo,8535,BRA
Lapa,23133,BRA
Vila Ipojuca,21042,BRA
Alto da Lapa,11763,BRA
Gavião Peixoto,2442,BRA
Bela Aliança,6234,BRA
Vila Hamburguesa,12180,BRA
CEASA,7340,BRA
Vila Leopoldina,15964,BRA
Emissário,5157,BRA
Vila Zatt,116427,BRA
Pirituba,62977,BRA
São Domingos,49989,BRA
Jardim Mutinga,38895,BRA
Vila Jaguara,24730,BRA
Parque do Jaraguá,65,BRA
Nova Jaraguá,50699,BRA
Parada de Taipas,160853,BRA
Parque Morro Doce,60480,BRA
Anhanguera,14880,BRA
Perus,87716,BRA
Vista Alegre,0,BRA
Jardim Damasceno,80353,BRA
Vila Souza,46084,BRA
Vila Terezinha,61111,BRA
Brasilândia,55160,BRA
Vila Morro Grande,51578,BRA
Itaberaba,33463,BRA
Freguesia do Ó,53084,BRA
Carandiru,1057,BRA
Santana,4674,BRA
Zaki Narchi,5428,BRA
Tietê,1493,BRA
Parque Anhembi,1758,BRA
Alfredo Pujol,37229,BRA
Santa Terezinha,30780,BRA
Jardim São Paulo,33816,BRA
Casa Verde,31316,BRA
Parque Peruche,49220,BRA
Limão,11622,BRA
Jardim Primavera,26314,BRA
Vila Santa Maria,44437,BRA
Cachoeirinha,80725,BRA
Jardim Peri,62641,BRA
Reserva da Cantareira,0,BRA
Mandaqui,95319,BRA
Horto Florestal,7800,BRA
ETA Guaraú,0,BRA
Parque Palmas do Tremembé,28550,BRA
Tremembé,20095,BRA
Cantareira,613,BRA
Jardim das Pedras,50345,BRA
Jardim Guapira,95704,BRA
Parada Inglesa,34958,BRA
Tucuruvi,16643,BRA
Vila Gustavo,47958,BRA
Cohab Jova Rural,30478,BRA
Jaçanã,41479,BRA
Parque Edu Chaves,16628,BRA
Vila Medeiros,54022,BRA
Jardim Brasil,60917,BRA
Jardim Japão,46285,BRA
Parque Novo Mundo,46689,BRA
Vila Maria,15569,BRA
Vila Isolina Mazzei,41475,BRA
Vila Guilherme,7682,BRA
Coroa,3430,BRA
Gomes Cardim,30190,BRA
Tatuapé,15182,BRA
Chácara do Piqueri,24765,BRA
Parque São Jorge,28464,BRA
Penha,41145,BRA
Tiquatira,38178,BRA
Vila Esperança,25791,BRA
Vila Ré,27338,BRA
Rui Barbosa,45525,BRA
Estação Eng. Goulart,35585,BRA
Cangaíba,45285,BRA
Parque Ecológico do Tietê,14036,BRA
USP Leste I,791,BRA
USP Leste II,901,BRA
Ermelino Matarazzo,66408,BRA
Parque Buturussu,44974,BRA
Ponte Rasa,44756,BRA
Burgo Paulista,45125,BRA
Limoeiro,23112,BRA
Laranja da China,25793,BRA
Pedro José Nunes,9865,BRA
Parque Cruzeiro do Sul,47349,BRA
Vila Jacuí,28862,BRA
Parada XV,48418,BRA
Itaquera,35225,BRA
Arena Corinthians,1202,BRA
Vila Campanela,36696,BRA
Araucárias,25138,BRA
Parque Guarani,25097,BRA
Rio Verde,39184,BRA
Saudade,32785,BRA
São Miguel Paulista,22036,BRA
Cidade Nitro-Operária,25398,BRA
Jardim Helena,97218,BRA
Jardim Romano,32191,BRA
Vila Curuçá,67453,BRA
Jardim Robru,73005,BRA
Lajeado,51770,BRA
Fábrica Bandeirantes,112621,BRA
Fazenda Itaim,95360,BRA
Itaim Paulista,38486,BRA
Jardim das Oliveiras,71664,BRA
Vila Califórnia,44057,BRA
Vila Carrão,40340,BRA
Jardim Anália Franco,33284,BRA
Vila Formosa,58902,BRA
Barreira Grande,42345,BRA
Aricanduva,47229,BRA
Frei Mont'Alverne,25533,BRA
Vila Matilde,39182,BRA
Cidade Patriarca,38843,BRA
Cidade A.E.Carvalho,31263,BRA
Artur Alvim,64312,BRA
Cidade Líder,47850,BRA
Santa Marcelina,34127,BRA
Parque Savoy,53136,BRA
Vila Carmosina,47363,BRA
Fazenda Caguaçu,26203,BRA
Parque do Carmo,2658,BRA
Gleba do Pêssego,45861,BRA
José Bonifácio,82492,BRA
Guaianases,62518,BRA
Juscelino Kubitschek,46798,BRA
Cidade Tiradentes,130741,BRA
Santa Etelvina,63326,BRA
Terceira Divisão,47960,BRA
Iguatemi,45674,BRA
Sítio Carrãozinho,56066,BRA
Parque São Rafael,73821,BRA
Rodolfo Pirani,74152,BRA
Ipiranga,12015,BRA
Sacomã,11154,BRA
Alto do Ipiranga,19199,BRA
Vila São José,14123,BRA
Vila Monumento,20007,BRA
Vila Independência,10687,BRA
Vila Carioca,29086,BRA
Moinho Velho,44751,BRA
Vila Heliópolis,65484,BRA
São João Clímaco,24473,BRA
Anchieta,29929,BRA
Vila das Mercês,96799,BRA
Parque do Estado,18,BRA
Água Funda,38165,BRA
Jardim da Saúde,19402,BRA
Vila Gumercindo,24420,BRA
Jardim Previdência,21157,BRA
Tamanduateí,5470,BRA
Orfanato,34306,BRA
Vila Zelina,65914,BRA
Linhas Corrente,27207,BRA
Vila Ema,43317,BRA
Parque São Lucas,67514,BRA
Vila Cardoso Franco,33860,BRA
Parque Santa Madalena,42227,BRA
Jardim Colorado,51465,BRA
Teotônio Vilela,77973,BRA
Fazenda da Juta,61190,BRA
São Mateus,62747,BRA
Cidade IV Centenário,41799,BRA
Rio Claro,19189,BRA
Cidade Satélite,31947,BRA
Joaquim Nabuco,12518,BRA
Vieira de Moraes,28477,BRA
Campo Belo,9203,BRA
Congonhas,406,BRA
Jardim Aeroporto,20430,BRA
Vila Santa Catarina,59782,BRA
Jabaquara,31646,BRA
Cidade Vargas,37520,BRA
Jardim Bom Clima,86043,BRA
Cupecê,56232,BRA
Jardim Miriam,119967,BRA
Vila Missionária,73019,BRA
Jurubatuba,24943,BRA
Vila São Pedro,38684,BRA
Campo Grande,35357,BRA
Vila Sabará,16941,BRA
Mar Paulista,51205,BRA
Pedreira,112381,BRA
Vila Socorro,11232,BRA
Parque Interlagos,26819,BRA
Jardim Represa,17821,BRA
Rio Bonito,43759,BRA
SESC Interlagos,51598,BRA
Jardim Presidente,69281,BRA
Vila Natal,63335,BRA
Grajaú,75161,BRA
Cocaia,99304,BRA
Belmira Marin,126252,BRA
Bororé,20821,BRA
Jaceguava,6889,BRA
Parelheiros,146798,BRA
Marsilac,9266,BRA
Jardim Emburá,2185,BRA
Granja Julieta,40675,BRA
Chácara Flora,12246,BRA
Santo Amaro,18546,BRA
Vila Miranda,13882,BRA
Jardim São Luís,72487,BRA
Centro Empresarial,110894,BRA
Guarapiranga,76858,BRA
Jardim Capela,111378,BRA
Riviera,38574,BRA
Jardim Turquesa,59388,BRA
Morro do Índio,25351,BRA
Jardim Ângela,76741,BRA
Capão Redondo,38097,BRA
Jardim Sônia Ingá,20522,BRA
Adventista,94024,BRA
Parque Fernanda,117262,BRA
Morumbi,12557,BRA
Jóquei Clube,2581,BRA
Fazenda Morumbi,20555,BRA
Real Parque,7997,BRA
Paraisópolis,72555,BRA
Jardim Vitória Régia,38994,BRA
Vila Suzana,57120,BRA
Parque Arariba,68050,BRA
Jardim Mitsutani,70307,BRA
Pirajussara,38259,BRA
Jardim Umarizal,59546,BRA
Portal do Morumbi,25333,BRA
Jardim Jussara,22496,BRA
Vila Sônia,31280,BRA
Jardim Maria do Carmo,44639,BRA
Jardim Cambará,46334,BRA
Jardim João XXIII,43858,BRA
Raposo Tavares,27236,BRA
Rio Pequeno,41373,BRA
Jardim Ester Yolanda,40502,BRA
Jardim Adalgiza,49756,BRA
Parque Continental,21497,BRA
Jaguaré,33885,BRA
Cidade Universitária,2283,BRA
Butantã,6873,BRA
Jardim Caxingui,8514,BRA
Jardim Bonfiglioli,34045,BRA
#IBGEID_3500105,35068,BRA
#IBGEID_3500204,3562,BRA
#IBGEID_3500303,36305,BRA
#IBGEID_3500402,8180,BRA
#IBGEID_3500501,18705,BRA
#IBGEID_3500550,6075,BRA
#IBGEID_3500600,3451,BRA
#IBGEID_3500709,37214,BRA
#IBGEID_3500758,6025,BRA
#IBGEID_3500808,4166,BRA
#IBGEID_3500907,4160,BRA
#IBGEID_3501004,16184,BRA
#IBGEID_3501103,4099,BRA
#IBGEID_3501152,18628,BRA
#IBGEID_3501202,3679,BRA
#IBGEID_3501301,24915,BRA
#IBGEID_3501400,5227,BRA
#IBGEID_3501509,3222,BRA
#IBGEID_3501608,239597,BRA
#IBGEID_3501707,40504,BRA
#IBGEID_3501806,5969,BRA
#IBGEID_3501905,72195,BRA
#IBGEID_3502002,4995,BRA
#IBGEID_3502101,57157,BRA
#IBGEID_3502200,25228,BRA
#IBGEID_3502309,6724,BRA
#IBGEID_3502408,4115,BRA
#IBGEID_3502507,36157,BRA
#IBGEID_3502606,4196,BRA
#IBGEID_3502705,24374,BRA
#IBGEID_3502754,22364,BRA
#IBGEID_3502804,197016,BRA
#IBGEID_3502903,34146,BRA
#IBGEID_3503000,5620,BRA
#IBGEID_3503109,6357,BRA
#IBGEID_3503158,2469,BRA
#IBGEID_3503208,236072,BRA
#IBGEID_3503307,134236,BRA
#IBGEID_3503356,1791,BRA
#IBGEID_3503406,8560,BRA
#IBGEID_3503505,3886,BRA
#IBGEID_3503604,11129,BRA
#IBGEID_3503703,9668,BRA
#IBGEID_3503802,54408,BRA
#IBGEID_3503901,89824,BRA
#IBGEID_3503950,1822,BRA
#IBGEID_3504008,104386,BRA
#IBGEID_3504107,142761,BRA
#IBGEID_3504206,15189,BRA
#IBGEID_3504305,5403,BRA
#IBGEID_3504404,13649,BRA
#IBGEID_3504503,90655,BRA
#IBGEID_3504602,17502,BRA
#IBGEID_3504701,5735,BRA
#IBGEID_3504800,9068,BRA
#IBGEID_3504909,10945,BRA
#IBGEID_3505005,3469,BRA
#IBGEID_3505104,7402,BRA
#IBGEID_3505203,35264,BRA
#IBGEID_3505302,36126,BRA
#IBGEID_3505351,5724,BRA
#IBGEID_3505401,7659,BRA
#IBGEID_3505500,122098,BRA
#IBGEID_3505609,32812,BRA
#IBGEID_3505708,274182,BRA
#IBGEID_3505807,20953,BRA
#IBGEID_3505906,62508,BRA
#IBGEID_3506003,376818,BRA
#IBGEID_3506102,77496,BRA
#IBGEID_3506201,2980,BRA
#IBGEID_3506300,11148,BRA
#IBGEID_3506359,63249,BRA
#IBGEID_3506409,8034,BRA
#IBGEID_3506508,123638,BRA
#IBGEID_3506607,32598,BRA
#IBGEID_3506706,14923,BRA
#IBGEID_3506805,12329,BRA
#IBGEID_3506904,11730,BRA
#IBGEID_3507001,60997,BRA
#IBGEID_3507100,25448,BRA
#IBGEID_3507159,3954,BRA
#IBGEID_3507209,837,BRA
#IBGEID_3507308,4823,BRA
#IBGEID_3507407,16046,BRA
#IBGEID_3507456,2653,BRA
#IBGEID_3507506,146497,BRA
#IBGEID_3507605,168668,BRA
#IBGEID_3507704,5686,BRA
#IBGEID_3507753,2865,BRA
#IBGEID_3507803,24939,BRA
#IBGEID_3507902,24403,BRA
#IBGEID_3508009,19878,BRA
#IBGEID_3508108,17144,BRA
#IBGEID_3508207,4481,BRA
#IBGEID_3508306,4264,BRA
#IBGEID_3508405,49707,BRA
#IBGEID_3508504,94263,BRA
#IBGEID_3508603,33327,BRA
#IBGEID_3508702,18985,BRA
#IBGEID_3508801,17767,BRA
#IBGEID_3508900,4191,BRA
#IBGEID_3509007,101470,BRA
#IBGEID_3509106,5874,BRA
#IBGEID_3509205,76801,BRA
#IBGEID_3509254,28549,BRA
#IBGEID_3509304,10542,BRA
#IBGEID_3509403,26167,BRA
#IBGEID_3509452,6024,BRA
#IBGEID_3509502,1204073,BRA
#IBGEID_3509601,84650,BRA
#IBGEID_3509700,52088,BRA
#IBGEID_3509809,4965,BRA
#IBGEID_3509908,12540,BRA
#IBGEID_3509957,5138,BRA
#IBGEID_3510005,31280,BRA
#IBGEID_3510104,2793,BRA
#IBGEID_3510153,5216,BRA
#IBGEID_3510203,47138,BRA
#IBGEID_3510302,20706,BRA
#IBGEID_3510401,55768,BRA
#IBGEID_3510500,121532,BRA
#IBGEID_3510609,400927,BRA
#IBGEID_3510708,12326,BRA
#IBGEID_3510807,30380,BRA
#IBGEID_3510906,2523,BRA
#IBGEID_3511003,21006,BRA
#IBGEID_3511102,121862,BRA
#IBGEID_3511201,7804,BRA
#IBGEID_3511300,9237,BRA
#IBGEID_3511409,19985,BRA
#IBGEID_3511508,48949,BRA
#IBGEID_3511607,18148,BRA
#IBGEID_3511706,17190,BRA
#IBGEID_3511904,8617,BRA
#IBGEID_3512001,18468,BRA
#IBGEID_3512100,6210,BRA
#IBGEID_3512209,28050,BRA
#IBGEID_3512308,17896,BRA
#IBGEID_3512407,24528,BRA
#IBGEID_3512506,6058,BRA
#IBGEID_3512605,4681,BRA
#IBGEID_3512704,4055,BRA
#IBGEID_3512803,72252,BRA
#IBGEID_3512902,7307,BRA
#IBGEID_3513009,249210,BRA
#IBGEID_3513108,35292,BRA
#IBGEID_3513207,8631,BRA
#IBGEID_3513306,2073,BRA
#IBGEID_3513405,82238,BRA
#IBGEID_3513504,130705,BRA
#IBGEID_3513603,21547,BRA
#IBGEID_3513702,33718,BRA
#IBGEID_3513801,423884,BRA
#IBGEID_3513850,1793,BRA
#IBGEID_3513900,11146,BRA
#IBGEID_3514007,8929,BRA
#IBGEID_3514106,27315,BRA
#IBGEID_3514205,2115,BRA
#IBGEID_3514304,8873,BRA
#IBGEID_3514403,46793,BRA
#IBGEID_3514502,12445,BRA
#IBGEID_3514601,9868,BRA
#IBGEID_3514700,6102,BRA
#IBGEID_3514809,15494,BRA
#IBGEID_3514908,17772,BRA
#IBGEID_3514924,3651,BRA
#IBGEID_3514957,2452,BRA
#IBGEID_3515004,273726,BRA
#IBGEID_3515103,69385,BRA
#IBGEID_3515129,3214,BRA
#IBGEID_3515152,20773,BRA
#IBGEID_3515186,44330,BRA
#IBGEID_3515194,4829,BRA
#IBGEID_3515202,8419,BRA
#IBGEID_3515301,2766,BRA
#IBGEID_3515350,9371,BRA
#IBGEID_3515400,16036,BRA
#IBGEID_3515509,69116,BRA
#IBGEID_3515608,5783,BRA
#IBGEID_3515657,1716,BRA
#IBGEID_3515707,194276,BRA
#IBGEID_3515806,1464,BRA
#IBGEID_3515905,2917,BRA
#IBGEID_3516002,14640,BRA
#IBGEID_3516101,2676,BRA
#IBGEID_3516200,353187,BRA
#IBGEID_3516309,175844,BRA
#IBGEID_3516408,154489,BRA
#IBGEID_3516507,2776,BRA
#IBGEID_3516606,6548,BRA
#IBGEID_3516705,44390,BRA
#IBGEID_3516804,4808,BRA
#IBGEID_3516853,4789,BRA
#IBGEID_3516903,10869,BRA
#IBGEID_3517000,11409,BRA
#IBGEID_3517109,4815,BRA
#IBGEID_3517208,12168,BRA
#IBGEID_3517307,5765,BRA
#IBGEID_3517406,40790,BRA
#IBGEID_3517505,21454,BRA
#IBGEID_3517604,17157,BRA
#IBGEID_3517703,21220,BRA
#IBGEID_3517802,8323,BRA
#IBGEID_3517901,11188,BRA
#IBGEID_3518008,2000,BRA
#IBGEID_3518107,6664,BRA
#IBGEID_3518206,32939,BRA
#IBGEID_3518305,29798,BRA
#IBGEID_3518404,121798,BRA
#IBGEID_3518503,18520,BRA
#IBGEID_3518602,40105,BRA
#IBGEID_3518701,320459,BRA
#IBGEID_3518800,1379182,BRA
#IBGEID_3518859,7656,BRA
#IBGEID_3518909,5267,BRA
#IBGEID_3519006,9526,BRA
#IBGEID_3519055,14930,BRA
#IBGEID_3519071,230851,BRA
#IBGEID_3519105,11710,BRA
#IBGEID_3519204,6321,BRA
#IBGEID_3519253,9240,BRA
#IBGEID_3519303,35104,BRA
#IBGEID_3519402,12393,BRA
#IBGEID_3519501,7753,BRA
#IBGEID_3519600,60033,BRA
#IBGEID_3519709,78878,BRA
#IBGEID_3519808,8243,BRA
#IBGEID_3519907,8159,BRA
#IBGEID_3520004,24674,BRA
#IBGEID_3520103,30432,BRA
#IBGEID_3520202,9534,BRA
#IBGEID_3520301,30857,BRA
#IBGEID_3520400,34970,BRA
#IBGEID_3520426,11166,BRA
#IBGEID_3520442,26686,BRA
#IBGEID_3520509,251627,BRA
#IBGEID_3520608,4885,BRA
#IBGEID_3520707,3897,BRA
#IBGEID_3520806,3991,BRA
#IBGEID_3520905,14971,BRA
#IBGEID_3521002,37133,BRA
#IBGEID_3521101,7546,BRA
#IBGEID_3521150,5392,BRA
#IBGEID_3521200,4218,BRA
#IBGEID_3521309,16409,BRA
#IBGEID_3521408,24235,BRA
#IBGEID_3521507,7993,BRA
#IBGEID_3521606,8294,BRA
#IBGEID_3521705,17556,BRA
#IBGEID_3521804,27125,BRA
#IBGEID_3521903,15262,BRA
#IBGEID_3522000,3835,BRA
#IBGEID_3522109,101816,BRA
#IBGEID_3522158,3328,BRA
#IBGEID_3522208,175693,BRA
#IBGEID_3522307,163901,BRA
#IBGEID_3522406,94354,BRA
#IBGEID_3522505,237700,BRA
#IBGEID_3522604,74773,BRA
#IBGEID_3522653,4241,BRA
#IBGEID_3522703,43120,BRA
#IBGEID_3522802,15149,BRA
#IBGEID_3522901,13992,BRA
#IBGEID_3523008,4906,BRA
#IBGEID_3523107,370821,BRA
#IBGEID_3523206,50503,BRA
#IBGEID_3523305,17436,BRA
#IBGEID_3523404,120858,BRA
#IBGEID_3523503,20697,BRA
#IBGEID_3523602,18157,BRA
#IBGEID_3523701,6499,BRA
#IBGEID_3523800,7841,BRA
#IBGEID_3523909,173939,BRA
#IBGEID_3524006,61252,BRA
#IBGEID_3524105,41824,BRA
#IBGEID_3524204,6929,BRA
#IBGEID_3524303,77263,BRA
#IBGEID_3524402,233662,BRA
#IBGEID_3524501,7067,BRA
#IBGEID_3524600,17866,BRA
#IBGEID_3524709,57488,BRA
#IBGEID_3524808,49107,BRA
#IBGEID_3524907,6602,BRA
#IBGEID_3525003,124937,BRA
#IBGEID_3525102,44380,BRA
#IBGEID_3525201,30044,BRA
#IBGEID_3525300,150252,BRA
#IBGEID_3525409,3159,BRA
#IBGEID_3525508,13220,BRA
#IBGEID_3525607,4523,BRA
#IBGEID_3525706,37015,BRA
#IBGEID_3525805,4776,BRA
#IBGEID_3525854,3367,BRA
#IBGEID_3525904,418962,BRA
#IBGEID_3526001,20679,BRA
#IBGEID_3526100,18812,BRA
#IBGEID_3526209,31444,BRA
#IBGEID_3526308,4896,BRA
#IBGEID_3526407,28516,BRA
#IBGEID_3526506,11980,BRA
#IBGEID_3526605,7260,BRA
#IBGEID_3526704,103391,BRA
#IBGEID_3526803,68432,BRA
#IBGEID_3526902,306114,BRA
#IBGEID_3527009,7980,BRA
#IBGEID_3527108,78013,BRA
#IBGEID_3527207,88706,BRA
#IBGEID_3527256,2289,BRA
#IBGEID_3527306,48885,BRA
#IBGEID_3527405,21747,BRA
#IBGEID_3527504,2394,BRA
#IBGEID_3527603,14947,BRA
#IBGEID_3527702,5790,BRA
#IBGEID_3527801,4584,BRA
#IBGEID_3527900,2649,BRA
#IBGEID_3528007,17163,BRA
#IBGEID_3528106,8120,BRA
#IBGEID_3528205,3698,BRA
#IBGEID_3528304,3119,BRA
#IBGEID_3528403,47150,BRA
#IBGEID_3528502,100179,BRA
#IBGEID_3528601,9846,BRA
#IBGEID_3528700,5853,BRA
#IBGEID_3528809,14002,BRA
#IBGEID_3528858,3031,BRA
#IBGEID_3528908,4084,BRA
#IBGEID_3529005,238882,BRA
#IBGEID_3529104,2112,BRA
#IBGEID_3529203,26461,BRA
#IBGEID_3529302,83170,BRA
#IBGEID_3529401,472912,BRA
#IBGEID_3529500,5490,BRA
#IBGEID_3529609,3836,BRA
#IBGEID_3529658,1908,BRA
#IBGEID_3529708,22226,BRA
#IBGEID_3529807,12908,BRA
#IBGEID_3529906,19779,BRA
#IBGEID_3530003,3086,BRA
#IBGEID_3530102,29564,BRA
#IBGEID_3530201,18259,BRA
#IBGEID_3530300,59824,BRA
#IBGEID_3530409,4871,BRA
#IBGEID_3530508,68885,BRA
#IBGEID_3530607,445842,BRA
#IBGEID_3530706,151888,BRA
#IBGEID_3530805,93189,BRA
#IBGEID_3530904,3493,BRA
#IBGEID_3531001,2259,BRA
#IBGEID_3531100,56702,BRA
#IBGEID_3531209,8038,BRA
#IBGEID_3531308,50498,BRA
#IBGEID_3531407,25087,BRA
#IBGEID_3531506,19008,BRA
#IBGEID_3531605,4166,BRA
#IBGEID_3531704,4653,BRA
#IBGEID_3531803,59772,BRA
#IBGEID_3531902,32968,BRA
#IBGEID_3532009,13622,BRA
#IBGEID_3532058,4758,BRA
#IBGEID_3532108,4486,BRA
#IBGEID_3532157,3141,BRA
#IBGEID_3532207,4857,BRA
#IBGEID_3532306,6661,BRA
#IBGEID_3532405,18524,BRA
#IBGEID_3532504,8930,BRA
#IBGEID_3532603,11478,BRA
#IBGEID_3532702,5213,BRA
#IBGEID_3532801,6973,BRA
#IBGEID_3532827,9755,BRA
#IBGEID_3532843,1881,BRA
#IBGEID_3532868,1267,BRA
#IBGEID_3532900,11186,BRA
#IBGEID_3533007,21500,BRA
#IBGEID_3533106,2316,BRA
#IBGEID_3533205,3969,BRA
#IBGEID_3533254,5830,BRA
#IBGEID_3533304,4101,BRA
#IBGEID_3533403,60174,BRA
#IBGEID_3533502,41052,BRA
#IBGEID_3533601,7432,BRA
#IBGEID_3533700,4289,BRA
#IBGEID_3533809,2496,BRA
#IBGEID_3533908,54772,BRA
#IBGEID_3534005,4381,BRA
#IBGEID_3534104,6515,BRA
#IBGEID_3534203,7066,BRA
#IBGEID_3534302,44028,BRA
#IBGEID_3534401,698418,BRA
#IBGEID_3534500,2603,BRA
#IBGEID_3534609,32879,BRA
#IBGEID_3534708,113542,BRA
#IBGEID_3534757,10361,BRA
#IBGEID_3534807,8562,BRA
#IBGEID_3534906,14197,BRA
#IBGEID_3535002,12957,BRA
#IBGEID_3535101,13275,BRA
#IBGEID_3535200,9283,BRA
#IBGEID_3535309,22221,BRA
#IBGEID_3535408,15777,BRA
#IBGEID_3535507,45703,BRA
#IBGEID_3535606,18222,BRA
#IBGEID_3535705,6454,BRA
#IBGEID_3535804,20197,BRA
#IBGEID_3535903,4078,BRA
#IBGEID_3536000,10964,BRA
#IBGEID_3536109,6435,BRA
#IBGEID_3536208,19648,BRA
#IBGEID_3536257,2161,BRA
#IBGEID_3536307,14670,BRA
#IBGEID_3536406,7366,BRA
#IBGEID_3536505,109424,BRA
#IBGEID_3536570,1833,BRA
#IBGEID_3536604,8945,BRA
#IBGEID_3536703,46687,BRA
#IBGEID_3536802,6093,BRA
#IBGEID_3536901,2494,BRA
#IBGEID_3537008,16744,BRA
#IBGEID_3537107,47919,BRA
#IBGEID_3537156,3093,BRA
#IBGEID_3537206,11331,BRA
#IBGEID_3537305,63407,BRA
#IBGEID_3537404,25669,BRA
#IBGEID_3537503,8668,BRA
#IBGEID_3537602,68284,BRA
#IBGEID_3537701,5980,BRA
#IBGEID_3537800,55348,BRA
#IBGEID_3537909,29185,BRA
#IBGEID_3538006,168328,BRA
#IBGEID_3538105,17049,BRA
#IBGEID_3538204,15207,BRA
#IBGEID_3538303,3692,BRA
#IBGEID_3538501,13657,BRA
#IBGEID_3538600,27303,BRA
#IBGEID_3538709,404142,BRA
#IBGEID_3538808,29806,BRA
#IBGEID_3538907,25492,BRA
#IBGEID_3539004,11417,BRA
#IBGEID_3539103,18895,BRA
#IBGEID_3539202,27527,BRA
#IBGEID_3539301,76409,BRA
#IBGEID_3539400,13636,BRA
#IBGEID_3539509,39719,BRA
#IBGEID_3539608,5237,BRA
#IBGEID_3539707,3550,BRA
#IBGEID_3539806,117452,BRA
#IBGEID_3539905,6059,BRA
#IBGEID_3540002,22014,BRA
#IBGEID_3540101,3416,BRA
#IBGEID_3540200,49961,BRA
#IBGEID_3540259,4628,BRA
#IBGEID_3540309,2577,BRA
#IBGEID_3540408,4169,BRA
#IBGEID_3540507,9925,BRA
#IBGEID_3540606,53098,BRA
#IBGEID_3540705,56150,BRA
#IBGEID_3540754,24643,BRA
#IBGEID_3540804,17361,BRA
#IBGEID_3540853,4093,BRA
#IBGEID_3540903,21496,BRA
#IBGEID_3541000,325073,BRA
#IBGEID_3541059,5261,BRA
#IBGEID_3541109,4094,BRA
#IBGEID_3541208,13106,BRA
#IBGEID_3541307,44200,BRA
#IBGEID_3541406,228743,BRA
#IBGEID_3541505,39516,BRA
#IBGEID_3541604,40432,BRA
#IBGEID_3541653,3804,BRA
#IBGEID_3541703,14109,BRA
#IBGEID_3541802,3406,BRA
#IBGEID_3541901,13420,BRA
#IBGEID_3542008,6638,BRA
#IBGEID_3542107,9076,BRA
#IBGEID_3542206,29707,BRA
#IBGEID_3542305,3851,BRA
#IBGEID_3542404,20261,BRA
#IBGEID_3542503,9621,BRA
#IBGEID_3542602,56322,BRA
#IBGEID_3542701,7593,BRA
#IBGEID_3542800,3340,BRA
#IBGEID_3542909,13219,BRA
#IBGEID_3543006,16444,BRA
#IBGEID_3543105,4718,BRA
#IBGEID_3543204,4541,BRA
#IBGEID_3543238,2225,BRA
#IBGEID_3543253,7673,BRA
#IBGEID_3543303,123393,BRA
#IBGEID_3543402,703293,BRA
#IBGEID_3543501,5524,BRA
#IBGEID_3543600,3629,BRA
#IBGEID_3543709,10799,BRA
#IBGEID_3543808,9981,BRA
#IBGEID_3543907,206424,BRA
#IBGEID_3544004,35228,BRA
#IBGEID_3544103,50846,BRA
#IBGEID_3544202,12518,BRA
#IBGEID_3544251,16643,BRA
#IBGEID_3544301,10712,BRA
#IBGEID_3544400,3128,BRA
#IBGEID_3544509,3148,BRA
#IBGEID_3544608,5590,BRA
#IBGEID_3544707,2432,BRA
#IBGEID_3544806,6331,BRA
#IBGEID_3544905,11890,BRA
#IBGEID_3545001,17139,BRA
#IBGEID_3545100,5300,BRA
#IBGEID_3545159,8286,BRA
#IBGEID_3545209,118663,BRA
#IBGEID_3545308,45422,BRA
#IBGEID_3545407,9331,BRA
#IBGEID_3545506,4302,BRA
#IBGEID_3545605,15480,BRA
#IBGEID_3545704,6008,BRA
#IBGEID_3545803,193475,BRA
#IBGEID_3546009,14788,BRA
#IBGEID_3546108,2115,BRA
#IBGEID_3546207,4503,BRA
#IBGEID_3546256,2139,BRA
#IBGEID_3546306,34361,BRA
#IBGEID_3546405,47673,BRA
#IBGEID_3546504,5599,BRA
#IBGEID_3546603,32322,BRA
#IBGEID_3546702,26898,BRA
#IBGEID_3546801,57386,BRA
#IBGEID_3546900,8817,BRA
#IBGEID_3547007,6173,BRA
#IBGEID_3547106,2939,BRA
#IBGEID_3547205,1487,BRA
#IBGEID_3547304,139447,BRA
#IBGEID_3547403,2498,BRA
#IBGEID_3547502,27557,BRA
#IBGEID_3547601,26540,BRA
#IBGEID_3547650,1545,BRA
#IBGEID_3547700,20878,BRA
#IBGEID_3547809,718773,BRA
#IBGEID_3547908,6929,BRA
#IBGEID_3548005,23310,BRA
#IBGEID_3548054,8420,BRA
#IBGEID_3548104,5954,BRA
#IBGEID_3548203,6811,BRA
#IBGEID_3548302,3111,BRA
#IBGEID_3548401,4777,BRA
#IBGEID_3548500,433311,BRA
#IBGEID_3548609,10878,BRA
#IBGEID_3548708,838936,BRA
#IBGEID_3548807,161127,BRA
#IBGEID_3548906,251983,BRA
#IBGEID_3549003,2821,BRA
#IBGEID_3549102,91211,BRA
#IBGEID_3549201,2568,BRA
#IBGEID_3549250,1922,BRA
#IBGEID_3549300,2105,BRA
#IBGEID_3549409,51888,BRA
#IBGEID_3549508,8928,BRA
#IBGEID_3549607,4147,BRA
#IBGEID_3549706,54946,BRA
#IBGEID_3549805,460671,BRA
#IBGEID_3549904,721944,BRA
#IBGEID_3549953,15825,BRA
#IBGEID_3550001,10687,BRA
#IBGEID_3550100,40954,BRA
#IBGEID_3550209,32931,BRA
#IBGEID_3550407,35653,BRA
#IBGEID_3550506,7666,BRA
#IBGEID_3550605,91016,BRA
#IBGEID_3550704,88980,BRA
#IBGEID_3550803,12182,BRA
#IBGEID_3550902,15322,BRA
#IBGEID_3551009,365798,BRA
#IBGEID_3551108,10285,BRA
#IBGEID_3551207,3638,BRA
#IBGEID_3551306,3513,BRA
#IBGEID_3551405,14662,BRA
#IBGEID_3551504,45107,BRA
#IBGEID_3551603,29229,BRA
#IBGEID_3551702,125815,BRA
#IBGEID_3551801,12832,BRA
#IBGEID_3551900,17496,BRA
#IBGEID_3552007,6302,BRA
#IBGEID_3552106,41005,BRA
#IBGEID_3552205,679378,BRA
#IBGEID_3552304,7718,BRA
#IBGEID_3552403,282441,BRA
#IBGEID_3552502,297637,BRA
#IBGEID_3552551,3963,BRA
#IBGEID_3552601,12407,BRA
#IBGEID_3552700,16496,BRA
#IBGEID_3552809,289664,BRA
#IBGEID_3552908,6285,BRA
#IBGEID_3553005,13859,BRA
#IBGEID_3553104,6295,BRA
#IBGEID_3553203,5566,BRA
#IBGEID_3553302,23207,BRA
#IBGEID_3553401,25967,BRA
#IBGEID_3553500,7807,BRA
#IBGEID_3553609,12960,BRA
#IBGEID_3553658,2811,BRA
#IBGEID_3553708,57177,BRA
#IBGEID_3553807,23218,BRA
#IBGEID_3553856,5852,BRA
#IBGEID_3553906,7468,BRA
#IBGEID_3553955,15000,BRA
#IBGEID_3554003,121766,BRA
#IBGEID_3554102,314924,BRA
#IBGEID_3554201,4532,BRA
#IBGEID_3554300,23148,BRA
#IBGEID_3554409,9370,BRA
#IBGEID_3554508,42076,BRA
#IBGEID_3554607,2658,BRA
#IBGEID_3554656,2412,BRA
#IBGEID_3554706,10010,BRA
#IBGEID_3554755,1724,BRA
#IBGEID_3554805,47185,BRA
#IBGEID_3554904,5807,BRA
#IBGEID_3554953,6894,BRA
#IBGEID_3555000,65524,BRA
#IBGEID_3555109,15495,BRA
#IBGEID_3555208,2016,BRA
#IBGEID_3555307,1727,BRA
#IBGEID_3555356,6309,BRA
#IBGEID_3555406,90799,BRA
#IBGEID_3555505,4780,BRA
#IBGEID_3555604,10110,BRA
#IBGEID_3555703,1844,BRA
#IBGEID_3555802,9114,BRA
#IBGEID_3555901,1165,BRA
#IBGEID_3556008,13809,BRA
#IBGEID_3556107,13326,BRA
#IBGEID_3556206,129193,BRA
#IBGEID_3556305,26480,BRA
#IBGEID_3556354,10537,BRA
#IBGEID_3556404,42845,BRA
#IBGEID_3556453,52597,BRA
#IBGEID_3556503,121838,BRA
#IBGEID_3556602,10843,BRA
#IBGEID_3556701,78728,BRA
#IBGEID_3556800,18898,BRA
#IBGEID_3556909,8810,BRA
#IBGEID_3556958,1840,BRA
#IBGEID_3557006,122480,BRA
#IBGEID_3557105,94547,BRA
#IBGEID_3557154,2718,BRA
#IBGEID_3557204,12418,BRA
#IBGEID_3557303,11304,BRA
#UF_RONDÔNIA,1777225,BRA
#UF_ACRE,881935,BRA
#UF_AMAZONAS,4144597,BRA
#UF_RORAIMA,605761,BRA
#UF_PARÁ,8602865,BRA
#UF_AMAPÁ,845731,BRA
#UF_TOCANTINS,1572866,BRA
#UF_MARANHÃO,7075181,BRA
#UF_PIAUÍ,3273227,BRA
#UF_CEARÁ,9132078,BRA
#UF_RIO GRANDE DO NORTE,3506853,BRA
#UF_PARAÍBA,4018127,BRA
#UF_PERNAMBUCO,9557071,BRA
#UF_ALAGOAS,3337357,BRA
#UF_SERGIPE,2298696,BRA
#UF_BAHIA,14873064,BRA
#UF_MINAS GERAIS,21168791,BRA
#UF_ESPIRITO SANTO,4018650,BRA
#UF_RIO DE JANEIRO,17264943,BRA
#UF_PARANÁ,11433957,BRA
#UF_SANTA CATARINA,7164788,BRA
#UF_RIO GRANDE DO SUL,11377239,BRA
#UF_MATO GROSSO DO SUL,2778986,BRA
#UF_MATO GROSSO,3484466,BRA
#UF_GOIÁS,7018354,BRA
#UF_DISTRITO FEDERAL,3015268,BRA
Brazil,209346619,BRA
