0.992991472958767,0,0,0.000623441396508728,0,0,0,0,0,0,0,2.28615472041961e-05,1.09885279767922e-05,0,0,0,0,1.48833820044731e-07,1.08743404712504e-06,0,0,0,0,0,7.51772303204805e-06,0,0,0,0,0,0,0,0,0,0,0,0,0,0,0,0,0,0,0,0,0,0,0,0,0,0,0,0,5.42264060907099e-06,0,0,0,0,0,0,0,0,0,0,0,0,0,0,5.47663121460727e-06,0,0,0,0,0,0,0,0,0,0,0,0,0,0,0,1.30679664937339e-05,0,9.03240374844756e-05,0,0,0,0,0,9.5831336847149e-08,0,0
0,0.992365587525658,0,2.44486822160286e-05,0,0,0,0,0,5.87192164507757e-06,0,4.89890297232773e-05,7.32568531786149e-06,0,0,0,0,1.19067056035784e-06,0,0,0,0,0.00032313657906075,0.0072832641553763,0,0,6.68142944410507e-05,0,0,0,0,0,0,0,0,0,0,0,0,0,0,0,0,0,4.87134770705663e-06,0,0,0,0,0,0,0,0,0,0,0,1.33050379526208e-05,0,0,0,0.000325238508239376,0,7.14183688044565e-05,0,0,9.962739354813e-06,0,9.21795768773062e-07,0,0,0,0,6.15441425362341e-06,5.84130346739774e-06,0,0,0,0,0,0,0,0,0,0,0,0,0.000225810093711189,0,0,0,2.42977937603266e-05,0,0,0,0
0,0,0.982303465291017,0,0,0,0,3.31842255465442e-05,0.000262321839750503,2.7402301010362e-05,0.00589123867069486,3.26593531488515e-06,3.66284265893074e-06,0,0,0.00280384846811863,0.00123631225715295,4.52454812935981e-05,1.84863788011257e-05,0,1.94801146989153e-05,0,0,3.91573341686898e-05,7.51772303204805e-06,0,1.90897984117288e-05,0,1.93753390684337e-05,0,1.57372095829115e-05,0,0,0,0,0,0,6.78978815860945e-05,0,0.000211977123096362,0,0,0,0,3.53172708761606e-05,0,7.61376873938831e-06,0.000150093808630394,0,0,0,0,4.90713251711362e-06,0,0.0013122705602897,0,1.33050379526208e-05,0,3.41565051063975e-05,0.00125210056344525,0,3.40709698301562e-05,0,2.2488081316902e-05,0,0,0,0.000165001442610378,1.09532624292145e-05,0,0,0,3.07720712681171e-05,0.000208339823670519,0.000296718863662468,0,0,5.90493061706525e-05,0,8.16090031052226e-06,0,6.9855166953849e-05,0,0,0,0,0,0,3.94051400064624e-06,0,1.21488968801633e-05,4.9572847299106e-05,0,0,0
0.00443873379278122,0.000144045518383809,0,0.995000244486822,4.70820876197651e-05,0,0,0,0,1.95730721502586e-06,0,0.000150233024484717,1.4651370635723e-05,0,0,0,0,2.97667640089461e-06,5.43717023562521e-06,0,0,0,0.0002154243860405,7.83146683373796e-05,0,0,0,0,0,0,0,0,0,0.00262488068724149,0.000274303269694975,2.69570843217598e-05,0,0,0,0,0,0,0,0,1.21783692676416e-06,0,1.52275374787766e-05,4.41452378324688e-06,0,0,0,0,0,0,1.66110197505025e-05,0,0,0,0,0,0.000108412836079792,0,7.14183688044565e-05,0,0,3.9850957419252e-05,0,9.21795768773062e-07,1.64298936438218e-05,0,0.000183528332186281,5.37230041903943e-05,0,1.94710115579925e-06,0,0,0,0,0,4.08045015526113e-06,0,0,0,0,1.30679664937339e-05,0,0.00298069323698769,0,1.97025700032312e-06,0,0,0,1.10206037374221e-06,0,0
0,0,0,1.22243411080143e-05,0.996939664304715,0.000430403718688129,0.000128990648178007,0,0,0,0,3.26593531488515e-06,3.66284265893074e-06,0,0,0,0,2.97667640089461e-07,1.08743404712504e-06,0,3.89602293978307e-06,0,0,0,0,0,0,0,4.84383476710842e-05,0,0,0,0.00114079634945168,0,0.000274303269694975,2.69570843217598e-05,0,0,0,0,0,0,3.64351818115572e-05,0,0,0,7.61376873938831e-06,0,0,0.000106871860639094,0,0.00229611361510333,0,0,0,4.30514895815395e-05,0,0,0,0,8.13096270598439e-05,0,0,0,0,0,0,0,4.38130497168582e-05,0,0.000137646249139711,0,0,1.94710115579925e-06,0,0,0,0,0.000418351694324362,0,0,0,0,4.73877502665561e-05,0,0,2.25810093711189e-05,4.56079540271823e-05,9.85128500161561e-06,0,0,6.60971297321414e-05,9.10397700047916e-07,0,0
0,0,0,0,0.00028249252571859,0.992467934922958,0.00154788777813609,6.63684510930884e-06,0,0,0,0,0,0,5.29240539825351e-05,0,0,2.97667640089461e-07,0,0.000357206644043579,0,0,0,0,0,3.39345402718157e-05,0,0,9.68766953421685e-06,0,2.62286826381858e-05,0,0.000147199528961507,0,5.4860653938995e-05,0,0.000258605084175955,0,0,0,0.000148720999405116,0,7.28703636231145e-05,0,1.21783692676416e-06,0,0,0,0,0.00138933418830822,0,0.00731354707032911,0,0,0,0,0,0,0,0,0,0,0,0,0,0,0,3.68718307509225e-06,0,8.70170553428472e-05,0,0,0,0,0,0,0,0,0,0,0,0,0,0,0,0,0,9.12159080543647e-05,7.88102800129249e-06,0,0,0,9.5831336847149e-08,0,0
0,0,0,0,0.000117705219049413,0.000903847809245072,0.993421476942922,0,0,0,0,0,0,0,0,6.2032045754837e-06,0,1.48833820044731e-07,1.08743404712504e-06,0,3.89602293978307e-06,0,0,0,0,0,0,0.000328795949233905,0.000135627373479036,0,5.24573652763716e-06,0,3.67998822403768e-05,0,0,2.69570843217598e-05,0.000594791693604696,0,7.79848709350386e-05,0,0,0,3.64351818115572e-05,0,0,0,0,0,0,0,0,0.000595288715026788,0,0,0,0,0,0,0,0,0,0,0,0,0,0,0,0,0,0,0,0,0,1.94710115579925e-06,0,0,0,0,0.000557802259099149,0,9.61168781237985e-05,0,0,2.3693875133278e-05,0,0,0,0,1.18215420019387e-05,0,0,0,0,0,0
0,0,4.48581361444432e-05,1.22243411080143e-05,4.70820876197651e-05,0,0,0.980149196278057,0.000641231163834562,3.32742226554396e-05,0.000113293051359517,2.28615472041961e-05,7.32568531786149e-06,0,5.29240539825351e-05,1.24064091509674e-05,0.000388555280819498,1.90507289657255e-05,1.84863788011257e-05,0,0.00349083655404563,0,0,3.91573341686898e-05,1.50354460640961e-05,1.69672701359078e-05,9.54489920586439e-06,0,2.90630086026505e-05,0,0.00011016046708038,0,0,0.000159083678014636,0,0,2.58605084175955e-05,0.0187398153177621,0,0.000465518387976325,0,0,3.64351818115572e-05,0.00243409571048039,2.3138901608519e-05,9.41087897609637e-05,0,0.00300629069639113,0.000429421507882952,0,0.000121457489878543,0,0,0,0.00116277138253517,8.6102979163079e-05,1.99575569289311e-05,2.76992964378705e-05,0,0.0004942502224126,0,1.13569899433854e-05,0,2.2488081316902e-05,0,0,0,3.87154222884686e-05,2.19065248584291e-05,0,0,0,3.69264855217405e-05,3.11536184927879e-05,0.000411577778628585,0,0,0.00162385591969294,0,3.67240513973502e-05,0.00067281814686659,1.27009394461544e-05,0,4.73877502665561e-05,0,0,0,0,9.45723360155099e-05,0,0,9.91456945982121e-05,4.79156684235745e-08,0,0
0,0,4.48581361444432e-05,0,0,0,0,3.31842255465442e-05,0.984843627036638,1.95730721502586e-06,1.51057401812689e-05,0,0,0,0,2.48128183019348e-05,3.53232073472271e-05,8.33469392250491e-06,1.08743404712504e-05,0,1.16880688193492e-05,0,0,0,0,5.09018104077235e-05,0,0,0,0,1.57372095829115e-05,0,0,7.95418390073178e-05,0,0,0,0,0,0.000527864600651726,0,0,0,9.18526683200147e-05,6.08918463382079e-06,0,1.52275374787766e-05,3.09016664827282e-05,6.13459296975646e-05,0,0,0,0,0,0.00112954934303417,0,0,0,3.41565051063975e-05,0,0,0,0,0,0,0,0,4.14808095947878e-05,5.47663121460727e-06,0,0,0,0,4.67304277391819e-05,0,0,0,2.95246530853262e-05,0,4.08045015526113e-06,0,6.35046972307718e-06,0,0,0,0,0,0,1.97025700032312e-05,0,0,4.9572847299106e-05,0,0,0
0.000116808784020558,0,5.6072670180554e-05,1.22243411080143e-05,0,0,0,4.64579157651619e-05,0,0.990191933545505,3.02114803625378e-05,2.61274825190812e-05,7.32568531786149e-06,5.39694532894382e-05,0,3.72192274529022e-05,7.06464146944543e-05,0.00020732551132231,0.0012853470437018,0,0,0,0,7.83146683373796e-05,6.76595072884325e-05,0,5.72693952351863e-05,0,0,0,0,2.31669176416078e-05,0,0,0,0,0,2.26326271953648e-05,0,2.49384850701603e-05,0,0,0,0,0.00146140431211699,0,1.52275374787766e-05,5.73888091822095e-05,0,0,0,0,1.47213975513409e-05,5.42264060907099e-06,1.66110197505025e-05,0,0.000259448240076105,0,6.8313010212795e-05,6.59000296550133e-05,0,0.000425887122876953,0,0.000292345057119727,0,9.962739354813e-06,0,8.29616191895756e-06,1.64298936438218e-05,0,9.17641660931406e-05,5.37230041903943e-05,0.000375419269471028,4.28362254275834e-05,9.57157624717639e-06,5.74085768413801e-05,0,0,0,9.3850353571006e-05,0,0.00186068762886161,0,0,0,0,0,0,0,0,0.000157935659442123,8.26214121651767e-05,0,0,0
0,0,0.00836604239093866,3.66730233240428e-05,0,0,0,0.000119463211967559,0.000816112390334898,1.3701150505181e-05,0.981480362537764,1.30637412595406e-05,0,0,0,0.000645133275850304,0.0197103496997527,3.19992713096171e-05,2.6098417131001e-05,0,3.11681835182646e-05,0,0,0,7.51772303204805e-06,1.69672701359078e-05,9.54489920586439e-06,0,9.68766953421685e-06,0,0,0,0,0,0,0,0,0.000452652543907297,0,0.000523708186473366,0,0,0,0.000964453017360154,1.82675539014624e-05,0,7.61376873938831e-06,0.000953537137181327,0,0,0,0,0,0,0.00215943256756532,0,1.33050379526208e-05,5.5398592875741e-05,0,0.00688655309894889,0,5.6784949716927e-06,0,0,0,0,0,9.58667599523985e-05,0,0,0,0,3.07720712681171e-05,0.000157715193619739,0.00165588269076151,0,0,0.000501919102450546,0,2.04022507763056e-05,9.61168781237985e-05,2.3285055651283e-05,0,0,0,0,0,0,3.94051400064624e-06,0,0,3.30485648660707e-05,0,0,0
0.000467235136082233,0.000576182073535237,3.36436021083324e-05,0.000635665737616742,0,0,0,0,0,2.93596082253878e-05,7.55287009063444e-06,0.996587097595945,1.09885279767922e-05,0,5.29240539825351e-05,6.2032045754837e-06,0,3.91432946717641e-05,0.000210962205142258,0,0,0,0.00010771219302025,0.000234944005012139,7.51772303204805e-06,0,0,0,0,0,1.57372095829115e-05,0,0,0.00930639516385619,0.00021944261575598,0,2.58605084175955e-05,2.26326271953648e-05,0,3.32513134268804e-05,0,0,3.64351818115572e-05,4.59263341600074e-05,5.23669878508588e-05,0,7.61376873938831e-06,5.73888091822095e-05,0,0,0,0,0,0,1.66110197505025e-05,0,1.33050379526208e-05,0,0.00013662602042559,0,0,0,0,4.49761626338041e-05,0,5.9776436128878e-05,0,1.01397534565037e-05,0.000246448404657327,0,0.00151410874053682,0,1.23088285072468e-05,4.67304277391819e-05,3.82863049887055e-05,0,0,0,0,0.000350918713352457,0,1.27009394461544e-05,0,0,0,3.14415972331394e-05,0.000541944224906853,0,1.97025700032312e-06,0,2.42977937603266e-05,6.60971297321414e-05,1.91662673694298e-07,0,0
0,0,0,0.000134467752188157,2.35410438098825e-05,0,0,0,0,1.95730721502586e-06,7.55287009063444e-06,6.53187062977031e-06,0.988711118925175,0.0018349614118409,0,0,0,8.63236156259437e-06,3.26230214137513e-06,0,3.89602293978307e-06,0,0.00010771219302025,7.83146683373796e-05,8.26949533525286e-05,0,9.54489920586439e-06,0,9.68766953421685e-06,0,0,0.000254836094057686,0,0,5.4860653938995e-05,0,0,0,0,8.31282835672009e-06,0,0,0,0,1.46140431211699e-05,0,0.000571032655454123,8.82904756649376e-06,0,0,0,0,0.000137399710479181,0.00924017959785697,0,0,1.33050379526208e-05,0,0.00444034566383168,0,0.000514960971379011,0,0.000428510212826739,0,0.00116852105878169,0.0030685237212824,0.00834790904754333,2.76538730631919e-06,5.47663121460727e-06,0,0,0.000268615020951972,6.15441425362341e-06,0,0,1.913619228046e-05,0.00160816668997343,0,0,8.16090031052226e-06,0,2.11682324102573e-06,0,0,0.000692602224167897,0.00163496305612325,2.25810093711189e-05,0,1.97025700032312e-06,0,9.71911750413062e-05,0,1.29372304743651e-06,0,0
0,0,0,1.22243411080143e-05,0,0,0,0,0,0,0,0,0.00014651370635723,0.989853742781586,0,0,0,5.95335280178922e-07,0,0,0,0,0,0,1.50354460640961e-05,0,0,0,0,0,0,0.000185335341132862,0,0,0,0,0,0,0,0,0,0,0,0,3.65351078029248e-06,0,3.04550749575532e-05,0,0,0,0,0,0.000181563903133204,0.000260286749235408,0,0,0,0,0.000614817091915155,0,0,0,0,0.000157416569218314,0.000152415790275873,9.962739354813e-06,0.000119255843536333,0,0,0,0,0,0,3.89420231159849e-06,0,0,0,0,0,0,0,0,0,0,2.61359329874678e-05,0,0,0,0,0,1.21488968801633e-05,0,0,0,0
0,0,0,1.22243411080143e-05,0,0,0,0,0,0,0,3.26593531488515e-06,0,0,0.997089177030961,0,0,1.48833820044731e-07,0,0.000357206644043579,0,0,0,0,0,0,0,0,9.68766953421685e-06,0,6.81945748592831e-05,0,0,0,0.00032916392363397,0,0,0,0,0,0.000446162998215348,0,0,0,0,0,0,0,0,0,0,0,0,0,0,0,0,0,0,0,0,0,0,0,0,0,0,0,5.47663121460727e-06,0.000174034110685694,4.58820830465703e-05,0,0,1.94710115579925e-06,0,0,0,0,0,0,0,2.11682324102573e-06,0.000384049158292261,0,0,0,0,9.12159080543647e-05,0,0,0,0,6.70819357930043e-07,0,0
0,0,0.00251205562408882,2.44486822160286e-05,0,0,0,1.32736902186177e-05,0.00034976245300067,3.91461443005171e-05,0.000362537764350453,6.53187062977031e-06,3.66284265893074e-06,0,0,0.981129851681379,0.000211939244083363,0.000117578717835337,4.67596640263768e-05,0,7.79204587956614e-06,0,0,0,7.51772303204805e-06,0.000152705431223171,9.54489920586439e-06,0,9.68766953421685e-06,0,1.57372095829115e-05,0,0,0,0,0,0,2.26326271953648e-05,0,0.000569428742435326,4.9573666468372e-05,0,0,4.59263341600074e-05,3.65351078029248e-05,0,7.61376873938831e-06,5.29742853989626e-05,0,0,0,0,0,0,0.00013288815800402,0,1.99575569289311e-05,0,0,0.00029655013344756,0,1.13569899433854e-05,0,0,0,0,0,0.000981712493743311,0,0,0,0,8.61617995507278e-05,0.00201914389856382,5.74294574830583e-05,1.913619228046e-05,0,8.85739592559787e-05,0,3.2643601242089e-05,9.61168781237985e-05,7.62056366769262e-05,0,0,0,3.14415972331394e-05,0,4.56079540271823e-05,3.94051400064624e-06,0,0,6.60971297321414e-05,4.79156684235745e-08,0,0
0,0,0.000448581361444432,0,0,0,0,4.64579157651619e-05,0.000116587484333557,3.91461443005171e-06,0.00412386706948641,3.26593531488515e-06,0,0,0,0.000124064091509674,0.958707170611091,8.18586010246018e-06,4.34973618850017e-06,0,7.79204587956614e-06,0,0,0,0,1.69672701359078e-05,0,0,0,0,0,0,0,0,0,0,0,0.000113163135976824,0,0.000133005253707521,0,0,0,4.59263341600074e-05,6.08918463382079e-06,0,7.61376873938831e-06,0.000613618805871317,6.13459296975646e-05,0,0,0,0,0,0.000747495888772612,0,0,0,0,0.00171340077103035,0,0,0,0,0,0,0,2.85756688319649e-05,0,0,0,0,1.23088285072468e-05,2.72594161811894e-05,0.00207703204563728,0,0,0.000324771183938589,0,1.63218006210445e-05,0,1.05841162051286e-05,0,0,0,0,0,0,0,0,0,3.30485648660707e-05,0,0,0
0.000350426352061675,0.000324102416363571,0.00149153302680274,0.000378954574348443,9.41641752395301e-05,0,0,0.000550858144072634,0.000786965519251508,0.00243293286827714,0.0006797583081571,0.000780558540257552,0.000260061828784083,0.000215877813157753,0,0.00277283244524121,0.000777110561638997,0.996243880883531,0.00395499762939378,0.00017860332202179,0.000144152848771974,0,0,0.00117472002506069,0.00453318698832498,0.000593854454756774,0.000954489920586439,0,2.90630086026505e-05,9.09090909090909e-05,0.000152126359301478,0.000254836094057686,0,0.000715876551065861,5.4860653938995e-05,0.000107828337287039,5.1721016835191e-05,0.000995835596596053,0,0.00119289086918933,4.9573666468372e-05,5.3058842256062e-05,3.64351818115572e-05,0.00087260034904014,0.00374728422365332,0,0.000624329036629841,0.000648934996137292,0,0,4.04858299595142e-05,0,0.000583948769536521,0.000244018827408195,0.000813939967774622,0,0.00236164423659018,0.000110797185751482,0.00290330293404379,0.00177930080068536,0.000162619254119688,0.00328784858861007,0.000642765319240109,0.013088063326437,0.000203221053701163,0.000179329308386634,0.000318015582763555,0.0011909601332548,0.000465513653241618,0,0.000137646249139711,0.000268615020951972,0.00940394497953657,0.00546746004548428,0.000737011371032582,0.000612358152974721,0.00048944203607887,0.00150575730735164,0,0.00130982449983882,9.61168781237985e-05,0.00595885742348742,6.40081930487102e-05,4.73877502665561e-05,5.22718659749356e-05,0.00110045590315988,0.000135486056226713,4.56079540271823e-05,8.27507940135711e-05,0,0.00414277383613568,0.00161937967843746,5.74988021082894e-07,0,0
0.000350426352061675,3.60113795959523e-05,0.000157003476505551,0.000146692093296171,0,0,0,0.000106189521748941,8.74406132501676e-05,0.00236442711575123,3.02114803625378e-05,0.000519283715066739,1.09885279767922e-05,0,5.29240539825351e-05,0.000192299341839995,7.06464146944543e-05,0.000536397087441209,0.991493003449341,0,2.33761376386984e-05,0,0,0.000195786670843449,0.000105248122448673,0.000152705431223171,1.90897984117288e-05,0,0,0,2.09829461105487e-05,9.26676705664311e-05,0,0.000397709195036589,0,0,0,9.05305087814593e-05,0,7.06590410321208e-05,0,0,0,4.59263341600074e-05,0.00030445923169104,0,4.56826124363299e-05,0.000176580951329875,0,0,0,0,3.9257060136909e-05,2.1690562436284e-05,6.64440790020099e-05,0,0.000106440303620966,0,0.000239095535744783,0.000362450163102573,2.7103209019948e-05,0.000113569899433854,0,0.000337321219753531,0,0,3.97519478454444e-05,3.41064434446033e-05,0.00018072883008204,0,4.58820830465703e-05,0,0.000240022155891313,0.000146032586684943,0.00010528733871894,0,0,0,0,0.00262780989998817,0,0.00216339335232829,0,0,1.30679664937339e-05,9.43247916994183e-05,4.51620187422378e-05,0,9.85128500161561e-06,0,0.000157935659442123,0.000875786968950873,1.43747005270724e-07,0,0
0,0,0,1.22243411080143e-05,0,8.60807437376259e-05,0,6.63684510930884e-06,0,0,0,0,0,0,0,0,0,1.48833820044731e-07,0,0.982496874441865,0,0,0,0,0,0,0,0,0,0,4.72116287487345e-05,0,0,0,0,0,0,0,0,0,0.0024786833234186,0,0.000182175909057786,0,0,0,0,0,0,0.000641231163834562,0,0,0,0,0,0,0,0,0,0,0,0,0,0,0,0,0,0,0,0,0,0,0,1.94710115579925e-06,0,0,0,0,0,0,0.000192233756247597,0,0,0,0,0,0,0.000957767034570829,1.97025700032312e-06,0,0,0,4.79156684235745e-08,0,0
0,0,5.6072670180554e-05,0,0,0,0,0.0066036608837623,0.000262321839750503,0,6.04229607250755e-05,0,0,0,0,6.2032045754837e-06,3.53232073472271e-05,8.48352774254964e-06,6.52460428275025e-06,0.000357206644043579,0.993789739433986,0,0,0,0,0,0,0.000131518379693562,4.84383476710842e-05,0,2.62286826381858e-05,0,0,0,0,0,0,0.00178797754843382,0.000233954612805116,9.97539402806411e-05,0,0,0,0.00137779002480022,4.87134770705663e-06,0.0010351966873706,0,0.000344332855093257,0.0069320900558248,0.000213743721278187,0.00117408906882591,0,0,0,0.00039866447401206,0.00292750129154469,6.65251897631038e-06,0.000249293667940834,0,0.000329500148275067,0,0,0,0,0,0,0,1.19833449940498e-05,0,0,0,5.37230041903943e-05,0,9.73550577899623e-06,0.000124430491213293,0,0,0.000620017714791851,0,8.16090031052226e-06,0.00134563629373318,2.11682324102573e-06,0,9.47755005331122e-05,0,0,2.25810093711189e-05,9.12159080543647e-05,0.000208847242034251,0,0,1.65242824330353e-05,0,0,0
0,0,0,1.22243411080143e-05,0,0,0,0,0,0,0,0,0,0,0,0,0,2.97667640089461e-07,0,0,3.89602293978307e-06,0.996539792387543,0,0,0,0,0,0,0.000406882120437108,0.000727272727272727,0,0,0,0,0,2.69570843217598e-05,0,0,0,0,0,0.00100811800286518,0,0,0,0,0,0,0,0,0,0,0,0,0,0,0,0,0,0,0,0,0,0,0,0,0,1.84359153754612e-06,0,0,0,0,0,0,0,0,0,0,0,0,0,0,0,4.73877502665561e-05,0,0,0,0,1.97025700032312e-06,0,0,0,4.79156684235745e-08,0,0
0,3.60113795959523e-05,0,1.22243411080143e-05,0,0,0,0,0,1.95730721502586e-06,0,3.26593531488515e-06,1.4651370635723e-05,0,0,0,0,1.48833820044731e-07,0,0,0,0,0.992783283067643,3.91573341686898e-05,7.51772303204805e-06,0,0,0,0,0,0,0,0,0,0,0,0,0,0,0,0,0,0,0,2.43567385352832e-06,0,0,0,0,0,0,0,0,5.42264060907099e-06,0,0,0,0,3.41565051063975e-05,0,0.000108412836079792,0,0,0,0,0,0,0,0,0,0,5.37230041903943e-05,6.15441425362341e-06,1.94710115579925e-06,0,0,0,0,0,0,0,0,0,0,0.000496582726761889,0,0.000180648074968951,0,0,0,0,0,4.79156684235745e-07,0,0
0.000116808784020558,0.00547372969858475,0,1.22243411080143e-05,0,0,0,0,0,5.87192164507757e-06,0,2.93934178339664e-05,1.09885279767922e-05,0,0,0,0,6.99518954210233e-06,2.17486809425008e-06,0,0,0,0,0.988174485081056,7.51772303204805e-06,0,0.00015271838729383,0,0,0,0,0,0,0,0,0,0,0,0,0,0,0,0,0,1.82675539014624e-05,0,0,0,0,0,0,0,0,5.42264060907099e-06,0,0,7.31777087394142e-05,0,6.8313010212795e-05,0,0.000542064180398959,1.13569899433854e-05,0.0011426939008713,2.2488081316902e-05,0,9.962739354813e-06,0,9.21795768773062e-07,5.47663121460727e-06,0,0,0,1.84632427608702e-05,1.94710115579925e-06,0,0.00011481715368276,6.992029086841e-05,0,0,0,0,1.05841162051286e-05,0,0,0,0,6.77430281133567e-05,0,0,0,6.07444844008164e-05,0,0,0,0
0,0,2.24290680722216e-05,0,0,0,0,1.32736902186177e-05,0,1.3701150505181e-05,0,6.53187062977031e-06,1.4651370635723e-05,5.39694532894382e-05,0,0,0,0.000104332507851356,1.41366426126255e-05,0,0,0,0,3.91573341686898e-05,0.988445259699742,0,7.63591936469151e-05,0,0,0,0,6.95007529248234e-05,0,0,0,0,0,0,0,8.31282835672009e-06,0,0,0,0,9.2555606434076e-05,0,1.52275374787766e-05,4.41452378324688e-06,0,0,0,0,7.8514120273818e-05,1.0845281218142e-05,1.66110197505025e-05,0,8.64827466920349e-05,0,0.000478191071489565,3.29500148275067e-05,0,3.97494648018489e-05,0,0.0077583880543312,0.000101610526850582,3.9850957419252e-05,3.97519478454444e-05,3.68718307509225e-06,1.09532624292145e-05,0,0,0,7.38529710434809e-05,1.36297080905947e-05,0,0.000363587653328741,0,0,0,1.22413504657834e-05,0,3.38691718564116e-05,0,0,0,3.14415972331394e-05,0,0,0,0,0.00273350179803674,0,0,0,0
0,0,0,0,0,0,0,6.63684510930884e-06,5.82937421667784e-05,5.87192164507757e-06,1.51057401812689e-05,9.79780594465546e-06,7.32568531786149e-06,0,0,4.96256366038696e-05,0,8.03702628241545e-06,9.78690642412538e-06,0,3.89602293978307e-06,0,0,0,0,0.993535470078219,0,0,0,0,0.000199337988050212,0,0,0,0,0,0,0,0,0.000793875108066769,9.9147332936744e-05,0,7.28703636231145e-05,0,2.43567385352832e-06,0,0,4.41452378324688e-06,0,0,0,0,0,0,8.30550987525124e-05,0,0,0,0,3.29500148275067e-05,0,0,0,0,0,0,0,5.8994929201476e-05,3.28597872876436e-05,0,0,0,6.15441425362341e-06,4.67304277391819e-05,1.91431524943528e-05,0,0,0,0,5.71263021736558e-05,0,2.11682324102573e-06,0,0,0,0,0,4.56079540271823e-05,0,0,0,0.000908835533816944,4.79156684235745e-08,0,0
0,0,0,0,0,0,0,6.63684510930884e-06,2.91468710833892e-05,1.3701150505181e-05,0,3.26593531488515e-06,0,0,0,6.2032045754837e-06,0,1.51810496445625e-05,3.26230214137513e-06,0,0,0,0,0.000313258673349518,6.01417842563844e-05,0,0.993643097128894,0,0,0,0,0,0,0,0,0,0,0,0,4.15641417836005e-06,0,0,0,0,0.000118130181896123,0,0,8.82904756649376e-06,0,0,0,0,0,0,0,0,0.00155003692148032,0,3.41565051063975e-05,0,0,3.40709698301562e-05,0.00021425510641337,0.000247368894485922,0,0,0,0,0,0,0,5.37230041903943e-05,8.00073852971043e-05,0,0,0.000956809614023002,0,0,0,0,0,1.90514091692316e-05,0,0,0,3.14415972331394e-05,0,0,0,0,0.00157935659442123,0,0,0,0
0,0,0,0,0,0,0.000386971944534021,1.32736902186177e-05,0,0,0,0,0,0,0,0,0,0,0,0,3.89602293978307e-06,0,0,0,0,0,0,0.996712040507661,0.000116252034410602,0,0,0,0,0,0,0,5.1721016835191e-05,0,0.000935818451220463,0,0,0,0,0,0,0,0,0,0,0,0,0,0,0,0,0,0,2.76992964378705e-05,0,0,0,0,0,0,0,0,0,0,0,0,0,0,0,0,0,0,0,0,0.000139450564774787,0,0,0,0,2.3693875133278e-05,0,0,0,0,1.5762056002585e-05,0,0,0,0,0,0
0,0,0,0,0.000211869394288943,0,0.000451467268623025,0,0,0,0,0,0,0,5.29240539825351e-05,0,0,7.44169100223653e-07,1.08743404712504e-06,0,0,0.00215446889077496,0,0,0,1.69672701359078e-05,0,0.000789110278161373,0.997452142912501,0.000909090909090909,0,0,0.000257599175682638,0,0,0.000512184602113435,2.58605084175955e-05,0,0.00054589409654527,0,0,0.000424470738048496,0,0,0,0,0,0,0,0,4.04858299595142e-05,0.000255123735011481,0,0,0,0,0,2.76992964378705e-05,0,0,0,0,0,0,0,0,0,9.21795768773062e-07,5.47663121460727e-06,0,4.58820830465703e-05,0,0,1.94710115579925e-06,0,0,0,2.95246530853262e-05,0.00125505508297309,0,0,0,0,0,0,0,0,0,3.94051400064624e-05,0.00802175390890551,0,6.60971297321414e-05,5.2707235265932e-07,5.14800514800515e-07,0
0,0,0,0,0,0,0,0,0,0,0,0,0,0,0,0,0,0,0,0,0,0.000195860808252269,0,0,0,0,0,0,3.87506781368674e-05,0.997090909090909,0,0,0,0,0,8.08712529652793e-05,0,0,0,0,0,0.000318353053536372,0,0,0,0,0,0,0,0,0,0,0,0,0,0,0,0,0,0,0,0,0,0,0,0,0,0,0,0,0,0,0,0,0,0,0,0,0,0,0,0,0,0,0,0,0,0,0,0,0,0,0,2.57400257400257e-07,0
0,0,0,0,0,0.000172161487475252,6.44953240890035e-05,7.96421413117061e-05,2.91468710833892e-05,0,1.51057401812689e-05,1.63296765744258e-05,0,0,0.00042339243186028,2.48128183019348e-05,0,6.69752190201287e-06,1.08743404712504e-05,0.000357206644043579,2.33761376386984e-05,0,0,0,7.51772303204805e-06,0.00115377436924173,0,0,0,0,0.997550241041593,0,0,0,0,0,5.1721016835191e-05,0.00070161144305631,0,7.48154552104808e-05,0.000297441998810232,0,0.00327916636304015,0.000183705336640029,4.87134770705663e-06,0.000376435159043855,0,2.64871426994813e-05,0,0.000320615581917281,0,8.50412450038269e-05,0,0,0,0,0,2.76992964378705e-05,3.41565051063975e-05,6.59000296550133e-05,0,0,0,0,0,0,3.97519478454444e-05,1.29051407628229e-05,0.000197158723725862,0.00130525583014271,0,0,0,4.67304277391819e-05,0,0,0,0,0,8.16090031052226e-06,0.000288350634371396,6.35046972307718e-06,0.00217627856365615,0,0,0,4.51620187422378e-05,0.000364863632217459,3.94051400064624e-06,0,0,0.000181767106763389,0,0,0
0,0,0,0,0,0,0,0,0,0,0,6.53187062977031e-06,8.05825384964763e-05,0.000431755626315505,0,0,0,6.25102044187868e-06,2.17486809425008e-06,0,0,0,0,0,9.02126763845766e-05,0,0,0,0,0,0,0.985289007297579,0,0,0,0,0,0,0,8.31282835672009e-06,0,0,0,0,6.08918463382079e-06,0,2.28413062181649e-05,0,0,0,0,0,0.00247810192114238,6.50716873088519e-05,0,0,1.33050379526208e-05,0,0,0,0,0,0,0.000607178195556355,5.08052634252909e-05,9.962739354813e-06,0,0,5.47663121460727e-06,0,0,0,0,3.89420231159849e-06,0,0,0,0,0,0,0,0,0,0,1.30679664937339e-05,6.28831944662789e-05,0,0,0,0,0,0,0,0,1.58946412352407e-06
0,0,0,0,0.000706231314296476,4.30403718688129e-05,0.000128990648178007,6.63684510930884e-06,0,0,0,0,0,0,0,0,0,1.48833820044731e-07,1.08743404712504e-06,0,0,0,0,0,0,0,0,0,4.84383476710842e-05,0,0,0,0.99804960624126,0,0,0,0,0,0,0,0,0,0,0,1.21783692676416e-06,0,0,0,0,0,0,0.000170082490007654,0,0,0,0,0,0,0,0,0,0,0,2.2488081316902e-05,0,0,0,0,0,0,0,0,0,0,0,0,0,0,0.000139450564774787,0,0,0,0,0,0,0,0,0,0,0.000407885791978246,0,0,1.91662673694298e-07,0,0
0,3.60113795959523e-05,1.12145340361108e-05,0.000415627597672485,0,0,0,0,0,0,0,0.000480092491288118,0,0,0,0,0,1.63717202049204e-06,3.26230214137513e-06,0,0,0,0,0,0,0,0,0,0,0,0,0,0,0.985125676105632,5.4860653938995e-05,0,0,0,0,0,0,0,0,0,1.21783692676416e-06,0,0,0,0,0,0,0,0,0,0,0,0,0,0,0,0,0,0,0,0,0,0,9.21795768773062e-07,0,0,0.000229410415232852,0,0,0,0,0,0,0,0,0,0,0,0,0,0,0,0.000158067065597832,0,0,0,0,0,4.79156684235745e-08,0,0
0.000116808784020558,0,0,9.77947288641142e-05,2.35410438098825e-05,0,0,0,0,0,0,3.26593531488515e-06,0,0,0.000264620269912675,0,0,8.93002920268383e-07,0,0,0,0,0.00010771219302025,0,0,0,0,0,0,0,0,0,0,7.95418390073178e-05,0.993307000219443,2.69570843217598e-05,0,0,0,0,0,0,0,0,0,0,0,0,0,0,0,0,0,5.42264060907099e-06,0,0,0,0,0,0,2.7103209019948e-05,0,0,0,0,0,0,0,7.66728370045018e-05,0,0.00100940582702455,0,0,0,0,0,0,0,0,0,0,2.11682324102573e-06,0.000192024579146131,0,0,6.28831944662789e-05,2.25810093711189e-05,0,0,0,0,3.30485648660707e-05,3.01868711068519e-06,0,0
0,0,0,1.22243411080143e-05,4.70820876197651e-05,0,6.44953240890035e-05,0,0,0,0,3.26593531488515e-06,0,0,5.29240539825351e-05,0,0,0,1.08743404712504e-06,0,3.89602293978307e-06,6.52869360840896e-05,0,0,0,0,0,0.000131518379693562,0.000193753390684337,0.000363636363636364,0,0,3.67998822403768e-05,0,0,0.997816476169937,0,0,7.79848709350386e-05,0,0,5.3058842256062e-05,0,0,0,0,0,0,0,0,0,0,0,0,0,0,0,2.76992964378705e-05,0,0,0,0,0,0,0,0,0,0,0,0,0,0,0,3.89420231159849e-06,0,0,0,0,0.000139450564774787,0,0,0,0,0,0,0,0,0,5.91077100096937e-05,0,0,0,0,3.34620334620335e-06,0
0,0,0,0,2.35410438098825e-05,0.000516484462425755,0.00206385037084811,6.63684510930884e-06,0,0,0,0,0,0,0,0,0,0,0,0.00017860332202179,7.79204587956614e-06,0,0,0,0,1.69672701359078e-05,0,6.57591898467811e-05,0,0,1.57372095829115e-05,0,3.67998822403768e-05,0,0,0,0.997931159326592,0,0.000389924354675193,0,4.9573666468372e-05,0,0,0,0,0,0,8.82904756649376e-06,6.13459296975646e-05,0.000213743721278187,0,8.50412450038269e-05,0,0,0,0,0,8.30978893136114e-05,0,0,0,0,0,0,0,0,0,0,0,0.000174034110685694,0,0,0,1.94710115579925e-06,0,0,0,0,0,0,0.000192233756247597,2.11682324102573e-06,6.40081930487102e-05,4.73877502665561e-05,0,0,0,0,6.5018481010663e-05,0,0,1.65242824330353e-05,4.79156684235745e-08,0,0
0,0,2.24290680722216e-05,0,0,0,0,0.00536920769343085,0.00034976245300067,7.82922886010342e-06,4.53172205438066e-05,3.26593531488515e-06,3.66284265893074e-06,0,0,1.86096137264511e-05,3.53232073472271e-05,6.8463557220576e-06,1.08743404712504e-05,0,0.000272721605784815,0,0,0,0,0,0,0,0,0,0.000104914730552743,0,0,0,0,0,2.58605084175955e-05,0.964579938439254,0.000155969741870077,0.000282636164128483,0,0,0,0.00234224304216037,4.87134770705663e-06,0,0,0.00157598499061914,6.13459296975646e-05,0,0,8.50412450038269e-05,4.90713251711362e-06,0,0.000730884869022109,4.30514895815395e-05,6.65251897631038e-06,2.76992964378705e-05,3.41565051063975e-05,6.59000296550133e-05,0,0,0,0,0,0,0,2.48884857568727e-05,0,0,0,0,2.46176570144936e-05,2.92065173369887e-05,0.000134002067460469,0,0,0.000413345143194567,0,8.16090031052226e-06,0.000192233756247597,1.27009394461544e-05,6.40081930487102e-05,2.3693875133278e-05,0,0,0,0,4.53159110074318e-05,0,0,0,0,0,0
0,0,0,0,0,0,6.44953240890035e-05,0,0,0,0,0,0,0,0,0,0,1.48833820044731e-07,0,0,1.55840917591323e-05,0,0,0,0,0,0,0.00118366541724206,8.71890258079516e-05,0,0,0,0,0,0,0,0.000103442033670382,2.26326271953648e-05,0.995086953131093,0,0,0,0,0,0,0,0,0,0,0,0,0,0,0,0,0,0,5.5398592875741e-05,0,0,0,0,0,0,0,0,0,0,0,0,0,0,0,0,0,0,0,0,0,0,0,0,0,2.3693875133278e-05,0,0,0,0,6.5018481010663e-05,0,0,0,0,0,0
0,0,0.000269148816866659,1.22243411080143e-05,2.35410438098825e-05,0,0,0.000139373747295486,0.00352677140109009,3.13169154404137e-05,0.000219033232628399,2.93934178339664e-05,3.66284265893074e-06,0,0,0.000669946094152239,0.000282585658777817,7.05472307012023e-05,5.65465704505022e-05,0,4.67522752773968e-05,0,0,0,1.50354460640961e-05,0.00178156336427032,2.86346976175932e-05,0,0,0,7.34403113869203e-05,0,0,0,0,0,0,0.000384754662321202,0,0.987131741703797,0,0,3.64351818115572e-05,9.18526683200147e-05,3.89707816564531e-05,9.41087897609637e-05,7.61376873938831e-06,0.000145679284847147,0,0,0,0,9.81426503422725e-06,0,0.00102988322453115,4.30514895815395e-05,4.65676328341727e-05,0,0.000170782525531988,0.000263600118620053,0,3.40709698301562e-05,0,2.2488081316902e-05,5.08052634252909e-05,0,3.97519478454444e-05,0.000875705980334409,2.73831560730364e-05,0,0,0,6.15441425362341e-05,0.000615283965232562,0.00021057467743788,1.913619228046e-05,0,0.000118098612341305,0,0.000191781157297273,0,5.08037577846175e-05,0,2.3693875133278e-05,0,3.14415972331394e-05,0,0,1.5762056002585e-05,0,1.21488968801633e-05,0.00138803972437497,4.79156684235745e-08,0,0
0,0,0,0,0,4.30403718688129e-05,0,0,0,0,0,0,0,0,0.000529240539825351,0,0,0,0,0.0103589926772638,3.89602293978307e-06,0,0,0,0,1.69672701359078e-05,0,0,0,0,6.81945748592831e-05,0,0,0,0,0,0,0,0,0,0.991324608368035,0,0.000255046272680901,0,0,0.000188217579521927,0,0,0,0.000534359303195469,0,0,0,0,0,4.30514895815395e-05,0,2.76992964378705e-05,0,0,0,0,0,0,0,0,0,0,0,0.000696136442742778,0,0,0,0,0,0,0,0,0,4.08045015526113e-06,0.000576701268742791,0,0,0,0,0,0,0.00328377268995713,3.94051400064624e-06,0,0,1.65242824330353e-05,9.5831336847149e-08,0,0
0,0,0,0,0,0,0,6.63684510930884e-06,0,0,0,0,0,0,0,6.2032045754837e-06,0,0,0,0,0,0.000979304041261344,0,0,0,0,0,0,4.84383476710842e-05,0.000727272727272727,0,0,0,0,0,0,0,0,0,0,0,0.998036822836526,0,0,0,9.41087897609637e-05,0,0,0,0,0,0,0,0,0,0,0,0,0,0,0,0,0,0,0,0,0,0,1.09532624292145e-05,0,0,0,0,0,0,0,0,0,0,0,0,0,0,0,0,0,0,0,1.97025700032312e-06,0,0,0,0,0,0
0,0,0,0,2.35410438098825e-05,0,0,6.63684510930884e-06,0,1.95730721502586e-06,0,3.26593531488515e-06,0,0,0,0,0,1.48833820044731e-07,1.08743404712504e-06,0.00017860332202179,7.79204587956614e-06,0,0,0,0,0.000101803620815447,0,0,0,0,0.00049834497012553,0,0,0,0,0,0,0,0,1.24692425350801e-05,0.000198294665873488,0,0.99391532463747,0,0,0.00141163184641446,0,0,0,0.000213743721278187,0,8.50412450038269e-05,0,0,0,0,0,0,0,0,0,0,0,0,0,0,0,0,1.09532624292145e-05,0.00174034110685694,0,0,0,1.94710115579925e-06,0,0,0,0,0,0,0.000192233756247597,0,0.00012801638609742,0,0,0,0,0.000364863632217459,0,0,0,1.65242824330353e-05,0,0,0
0,0,1.12145340361108e-05,0,0,0,0,0.000106189521748941,0.000320615581917281,1.95730721502586e-06,0.000128398791540785,3.26593531488515e-06,0,0,0,1.24064091509674e-05,0.000176616036736136,5.95335280178922e-06,6.52460428275025e-06,0,3.11681835182646e-05,0,0,0,0,0,0,0,9.68766953421685e-06,0,5.24573652763716e-06,0,0,0,0,0,0,0.000882672460619229,0,9.1441111923921e-05,0,0,0,0.987967300450078,1.21783692676416e-06,0,7.61376873938831e-06,3.09016664827282e-05,0,0,4.04858299595142e-05,0,0,0,0.00106310526403216,4.30514895815395e-05,0,0,0,6.59000296550133e-05,0,0,0,0,0,0,0,1.19833449940498e-05,0,0,0,0,0,1.36297080905947e-05,1.91431524943528e-05,0,0,0,0,1.22413504657834e-05,0,4.23364648205146e-06,0,0,0,0,0,0,1.5762056002585e-05,0,0,0,0,0,0
0,0.000108034138787857,0.000112145340361108,2.44486822160286e-05,0,0,0,9.29158315303238e-05,0,0.00228417751993517,3.02114803625378e-05,0.00011430773602098,3.66284265893074e-05,5.39694532894382e-05,0,8.68448640567717e-05,7.06464146944543e-05,0.000463915017079425,0.000235973188226134,0,0,0,0,0.000274101339180829,0.000451063381922883,0,0.00078268173488088,0,0,0,5.24573652763716e-06,9.26676705664311e-05,0,0,5.4860653938995e-05,0,0,2.26326271953648e-05,0,3.74077276052404e-05,0,0,0,4.59263341600074e-05,0.990375434767783,0,5.32963811757182e-05,0.000180995475113122,0,0,0,0,8.83283853080452e-05,4.33811248725679e-05,6.64440790020099e-05,0,0.0055149382313613,2.76992964378705e-05,0.000512347576595963,6.59000296550133e-05,8.13096270598439e-05,0.00320267116403468,7.14183688044565e-05,0.00242871278222542,0,2.9888218064439e-05,0.000238511687072667,2.02795069130074e-05,5.47663121460727e-05,0,0,0.000214892016761577,0.00249869218697111,0.000118773170503754,4.78578812358819e-05,0.000325315268767821,6.992029086841e-05,0.000147623265426631,0,6.12067523289169e-05,0,0.000783224599179519,0,0,5.22718659749356e-05,0.000220091180631976,2.25810093711189e-05,0,1.18215420019387e-05,0,0.00261201282923511,4.9572847299106e-05,4.79156684235745e-08,0,0
0,0,0,0,0,0,0,0,0,0,0,0,0,0,0,0,0,0,0,0.000357206644043579,5.8440344096746e-05,0,0,0,0,0,0,0,0,0,3.1474419165823e-05,0,0,0,0,0,0,2.26326271953648e-05,0,4.15641417836005e-06,0,0,0.000364351818115572,0,0,0.990683229813665,0,0,0,0.000641231163834562,4.04858299595142e-05,0,0,0,0,0.000301360427070777,0,0,0,0,0,0,0,0,0,0,0,0,0,8.70170553428472e-05,0,0,0,0,0,0,0,0,0,0,0.0064398308342945,0,0,0,0,0,0,0,0,0,0,0,0,0,0
0,0,0,2.44486822160286e-05,0,0,0,0,2.91468710833892e-05,3.91461443005171e-06,0,3.26593531488515e-06,0.000347970052598421,0.000161908359868315,0,6.2032045754837e-06,0,1.10137026833101e-05,8.69947237700033e-06,0,0,0,0,3.91573341686898e-05,6.01417842563844e-05,0,0,0,0,0,0,9.26676705664311e-05,0,0,0.00010972130787799,0,0,0,0,8.31282835672009e-06,0,0,0,0,1.70497169746982e-05,0,0.990261989782322,8.82904756649376e-06,0,0,0,0,2.94427951026817e-05,0.000525996139079886,0,0,1.33050379526208e-05,0,0.000648973597021553,0,0.00013551604509974,5.6784949716927e-06,0,6.74642439507061e-05,0.00457247370827618,0.000119552872257756,0.000198759739227222,9.21795768773062e-07,0,0,0,0,6.15441425362341e-06,1.16826069347955e-05,0,3.82723845609201e-05,0.00272689134386799,0,0,0,0,1.48177626871801e-05,0,0,6.53398324686696e-05,0.0190850495205156,2.25810093711189e-05,0,1.97025700032312e-06,0,4.85955875206531e-05,0,2.0603737422137e-06,0,1.58946412352407e-07
0,0,0.000594370303913872,9.77947288641142e-05,2.35410438098825e-05,0,0,0.00471879687271858,0.00148649042525285,3.52315298704654e-05,0.00197885196374622,8.4914318187014e-05,1.83142132946537e-05,0,0,0.000173689728113543,0.00593429883433416,4.88174929746716e-05,6.30711747332524e-05,0,0.000284409674604164,0,0,0,1.50354460640961e-05,8.48363506795392e-05,1.90897984117288e-05,0,1.93753390684337e-05,0,2.62286826381858e-05,0,3.67998822403768e-05,0,0,2.69570843217598e-05,0,0.0077856237552055,0,0.000843752078207089,0,0,0,0.000229631670800037,8.15950740931986e-05,0,0,0.973300960158923,0.000184037789092694,0,0.000121457489878543,0,4.90713251711362e-06,5.42264060907099e-06,0.00420258799687713,0.000172205958326158,7.31777087394142e-05,2.76992964378705e-05,6.8313010212795e-05,0.0282381627071732,0,1.70354849150781e-05,0,2.2488081316902e-05,0,0,0,9.86321472587177e-05,3.28597872876436e-05,8.70170553428472e-05,4.58820830465703e-05,0,9.23162138043512e-05,0.000110984765880557,0.0247616677514453,0,0,0.0285208148804252,0,0.000102011253881528,0,8.89065761230806e-05,0,2.3693875133278e-05,0,0,0,0,5.91077100096937e-05,0,2.42977937603266e-05,3.30485648660707e-05,0,0,0
0,0,0,0,0,0,6.44953240890035e-05,4.64579157651619e-05,2.91468710833892e-05,1.95730721502586e-06,0,0,0,0,0,0,0,8.93002920268383e-07,0,0,0.000420770477496572,0,0,0,0,0,0,0,0,0,0,0,0,0,0,0,0,9.05305087814593e-05,0,0,0,0,0,9.18526683200147e-05,0,9.41087897609637e-05,0,4.41452378324688e-06,0.987301392552604,0,0.00133603238866397,0,0,0,1.66110197505025e-05,0.00090408128121233,0,2.76992964378705e-05,0,0,0,0,0,0,0,0,0,9.21795768773062e-07,0,0,0,0,0,1.94710115579925e-06,0,0,0,0,0,0,0.000961168781237985,0,0,2.3693875133278e-05,0,0,0,0,3.152411200517e-05,0,0,0,0,0,0
0,0,0,0,0,0.00103296892485151,6.44953240890035e-05,6.63684510930884e-06,0,0,0,0,0,0,0,0,0,0,0,0.00125022325415253,3.89602293978307e-06,0,0,0,0,0,0,0,1.93753390684337e-05,0,1.57372095829115e-05,0,0,0,0,0,0.000103442033670382,0,0,4.15641417836005e-06,9.9147332936744e-05,0,0,0,0,0.000376435159043855,0,0,6.13459296975646e-05,0.994335791386128,0,0,0,0,0,4.30514895815395e-05,0,0,0,0,0,0,0,0,0,0,0,0,5.47663121460727e-06,8.70170553428472e-05,0,0,0,0,0,0,0,0,0,0,0.000576701268742791,0,0,0,0,0,0,0.000182431816108729,3.94051400064624e-06,0,0,0,0,0,0
0,0,1.12145340361108e-05,0,0,0,0,3.31842255465442e-05,0,0,0,0,0,0,0,0,0,2.97667640089461e-07,0,0.00017860332202179,0.000136360802892407,0,0,0,0,0,0,0,0,0,5.24573652763716e-06,0,0,0,0,0,0,9.05305087814593e-05,0,4.15641417836005e-06,0,0,0,0,1.21783692676416e-06,0,0,8.82904756649376e-06,0.00251518311760015,0,0.99331983805668,0,0,0,1.66110197505025e-05,0.000430514895815395,0,0,0,0,0,0,0,0,0,0,0,0,0,0,0,0,0,0,0,0,0,0,0,4.08045015526113e-06,0,0,0,2.3693875133278e-05,0,0,0,0,0.000139888247022942,0,0,0,0,0,0
0,0,0,0,0.000564985051437181,0.00408883532753723,0.000967429861335053,6.63684510930884e-06,0,0,0,0,0,0,0,0,0,1.48833820044731e-07,0,0,3.89602293978307e-06,0,0,0,0,0,0,0,0,0,1.57372095829115e-05,0,0,0,0,0,2.58605084175955e-05,0,0,0,0,0,0,0,1.21783692676416e-06,0,0,0,0,0.000106871860639094,0,0.988944638149503,0,0,0,0,0,2.76992964378705e-05,0,0,0,0,0,0,0,0,0,0,0,0,0,0,0,0,0,0,0,0,0,0,0,0,0,0,0,0,0,0,0,0,0,0,0,0,0
0,0,0,6.11217055400714e-05,0,0,0,6.63684510930884e-06,0,1.95730721502586e-06,0,3.26593531488515e-06,0.000252736143466221,0.00318419774407685,0,1.24064091509674e-05,0,3.28922742298854e-05,1.08743404712504e-05,0,0,0,0,3.91573341686898e-05,0.00034581525947421,0,9.54489920586439e-06,0,0,0,0,0.0109811189621221,0,0,0,0,0,0,0,4.15641417836005e-06,0,0,0,0,3.53172708761606e-05,0,6.09101499151065e-05,4.41452378324688e-06,0,0,0,0,0.994391147532939,0.000173524499490272,0,0,3.32625948815519e-05,0,0.000102469515319193,0,0,3.40709698301562e-05,0,0.00957992264100027,5.08052634252909e-05,7.9701914838504e-05,0,6.45257038141144e-06,0,0,0,0.000107446008380789,2.46176570144936e-05,1.94710115579925e-06,0,3.82723845609201e-05,6.992029086841e-05,2.95246530853262e-05,0,4.08045015526113e-06,0,1.69345859282058e-05,0,0,5.22718659749356e-05,6.28831944662789e-05,2.25810093711189e-05,0,0,0,8.5042278161143e-05,0,0,0,0
0,0,0,1.22243411080143e-05,0,0,0,0,0,1.95730721502586e-06,0,6.53187062977031e-06,0.00649422003428421,0.00210480867828809,0,0,0,8.33469392250491e-06,3.26230214137513e-06,0,0,0,0,3.91573341686898e-05,0.000105248122448673,0,0,0,0,0,5.24573652763716e-06,0.000139001505849647,0,0,0,0,0,0,0,0,0,0,0,0,7.30702156058495e-06,0,0.00103547254855681,4.41452378324688e-06,0,0,0,0,0.000103049782859386,0.987403205865128,0,0,1.99575569289311e-05,0,0.00225432933702224,0,0.000108412836079792,0,0,0,0.00294670527866687,0.000378584095482894,0.00111305453967244,0,0,0,0,0.000161169012571183,0,1.94710115579925e-06,0,1.913619228046e-05,0.00314641308907845,0,0,0,0,2.11682324102573e-06,0,0,0.000209087463899743,0.00138343027825814,0.000112905046855594,0,0,0,6.07444844008164e-05,0,4.31241015812171e-07,0,4.54132606721163e-08
0,0,0.000392508691263878,1.22243411080143e-05,0,0,0,5.97316059837795e-05,0.0024191902999213,2.15303793652844e-05,0.000279456193353474,2.61274825190812e-05,0,0,0,7.44384549058043e-05,0.00024726245143059,2.91714287287672e-05,2.82732852252511e-05,0,3.50642064580476e-05,0,0,0,0,0.000186639971494986,9.54489920586439e-06,0,0,0,1.57372095829115e-05,0,0,0,0,0,0,0.000294224153539743,0,0.000843752078207089,0,0,0,0.00202075870304032,1.82675539014624e-05,0,1.52275374787766e-05,0.00012802118971416,0,0,0,0,0,5.42264060907099e-06,0.979003671035365,0,6.65251897631038e-06,0,0.000102469515319193,0.000329500148275067,0,2.27139798867708e-05,0,0,0,0,0,9.95539430274907e-05,1.09532624292145e-05,0,0,0,2.46176570144936e-05,0.000114878968192156,0.000191431524943528,0,0,0.000354295837023915,0,3.2643601242089e-05,0,1.69345859282058e-05,0,0,0,0,0,0,9.85128500161561e-06,0,1.21488968801633e-05,0.000132194259464283,0,0,0
0,0,0,0,0,0,0,5.30947608744707e-05,2.91468710833892e-05,0,7.55287009063444e-06,0,0,0,0,0,0,2.97667640089461e-07,0,0,0.000218177284627852,0,0,0,0,0,0,0,0,0,0,0,0,0,0,0,0,9.05305087814593e-05,0,4.15641417836005e-06,4.9573666468372e-05,0,0,9.18526683200147e-05,1.21783692676416e-06,0.0010351966873706,0,8.82904756649376e-06,0.00134961045334642,0,0.00048582995951417,0,0,0,3.3222039501005e-05,0.991820216979508,0,0,0,0,0,0,0,0,0,0,0,0,0,0,0,0,0,0,0,0,0,2.95246530853262e-05,0,0,0.00259515570934256,0,0,0,0,0,0,0,3.54646260058162e-05,0,0,0,0,0,0
0,0,0,0,0,0,0,6.63684510930884e-06,0,5.67619092357498e-05,0,0,1.09885279767922e-05,0,0,6.2032045754837e-06,0,5.78963559974002e-05,2.82732852252511e-05,0,0,0,0,0.000156629336674759,0.000112765845480721,0,0.00229077580940745,0,0,9.09090909090909e-05,0,0,0,0,0,0,0,2.26326271953648e-05,0,8.31282835672009e-06,0,0,3.64351818115572e-05,0,0.00101567599692131,0,7.61376873938831e-06,2.20726189162344e-05,0,0,0,0,1.96285300684545e-05,3.2535843654426e-05,0,0,0.988191778817049,2.76992964378705e-05,0.000204939030638385,0,2.7103209019948e-05,0.000107891404462161,0,0.000787082846091572,5.08052634252909e-05,9.962739354813e-06,0,1.84359153754612e-06,5.47663121460727e-06,0,0,0,0.000160014770594209,5.84130346739774e-06,1.91431524943528e-05,0.0001913619228046,0,2.95246530853262e-05,0,8.16090031052226e-06,0,6.35046972307718e-05,0,0,0,6.28831944662789e-05,0,0,0,0,0.000680338225289144,4.9572847299106e-05,0,0,0
0,0,0,0,2.35410438098825e-05,0,0,2.65473804372354e-05,5.82937421667784e-05,0,0,0,0,0,0,0,0,2.08367348062623e-06,0,0.00017860332202179,7.01284129160953e-05,0,0,0,0,0,0,0,1.93753390684337e-05,0,5.24573652763716e-06,0,0,0,0,2.69570843217598e-05,2.58605084175955e-05,2.26326271953648e-05,0,2.07820708918002e-05,0,0,3.64351818115572e-05,9.18526683200147e-05,0,0,0,8.82904756649376e-06,0.000122691859395129,0,0,0,0,0,3.3222039501005e-05,0,0,0.978339150185585,0,3.29500148275067e-05,0,0,0,0,0,0,0,1.84359153754612e-06,0,0,0,0,0,3.89420231159849e-06,9.57157624717639e-06,0,0,0,0,4.08045015526113e-06,0,2.11682324102573e-06,0,0.00132685700746357,0,0,0,0,0.00157226508625785,0,0,0,0,0,0
0,3.60113795959523e-05,0,0,0,0,0,0,2.91468710833892e-05,5.87192164507757e-06,0,3.26593531488515e-06,0.000516460814909235,0.00124129742565708,0,1.24064091509674e-05,0,1.01206997630417e-05,3.26230214137513e-06,0,0,0,0,3.91573341686898e-05,9.02126763845766e-05,0,2.86346976175932e-05,0,0,0,0,0,0,0,0,0,0,2.26326271953648e-05,0,4.15641417836005e-06,0,0,0,4.59263341600074e-05,1.82675539014624e-05,0,0.000220799293442261,0,0,0,0,0,1.96285300684545e-05,0.000319935795935189,1.66110197505025e-05,0,5.3220151810483e-05,0,0.977764115175735,0,0.00013551604509974,0,0,6.74642439507061e-05,5.08052634252909e-05,0.000886683802578357,0.00266338050564478,1.84359153754612e-06,0,0,0,0.000698399054475126,0,5.84130346739774e-06,0,0.000382723845609201,0.00027968116347364,0,0,0,0,6.35046972307718e-06,0,0,7.84077989624035e-05,0.000597390347429649,2.25810093711189e-05,0,0,0,0.000182233453202449,1.65242824330353e-05,4.79156684235745e-08,0,2.27066303360581e-08
0,0,0.000885948188852753,1.22243411080143e-05,0,0,6.44953240890035e-05,0.00011282636685825,0.000291468710833892,1.3701150505181e-05,0.00202416918429003,6.53187062977031e-06,0,0,0,0.000223315364717413,0.00233133168491699,1.65205540249651e-05,2.7185851178126e-05,0,2.33761376386984e-05,0,0,0,7.51772303204805e-06,0,0,0,0,0,5.24573652763716e-06,2.31669176416078e-05,0,0,0,0,0,0.000226326271953648,0,0.000162100152956042,0,0,0,9.18526683200147e-05,1.94853908282265e-05,0,1.52275374787766e-05,0.00386712283412427,6.13459296975646e-05,0,0,0,0,0,0.000896995066527134,4.30514895815395e-05,1.99575569289311e-05,0,0,0.946192625786682,0,1.70354849150781e-05,0,2.2488081316902e-05,0,0,0,4.24026053635609e-05,1.09532624292145e-05,0,0,0,3.07720712681171e-05,4.47833265833827e-05,0.00312990543282668,0,0,0.00191910245054621,0,2.04022507763056e-05,0,3.17523486153859e-05,0,0,0,0,0,0,9.85128500161561e-06,0,0,1.65242824330353e-05,0,0,0
0,0.000360113795959523,0,8.55703877560999e-05,2.35410438098825e-05,0,0,0,0,0,7.55287009063444e-06,3.26593531488515e-06,6.95940105196841e-05,0.000107938906578876,0,0,0,2.08367348062623e-06,0,0,0,0,0.000646273158121499,0.000391573341686898,7.51772303204805e-06,0,0,0,0,0,0,0,0,0,0.000164581961816985,0,0,0,0,0,0,0,0,0,3.65351078029248e-06,0,3.80688436969415e-05,4.41452378324688e-06,0,0,0,0,0,1.0845281218142e-05,0,0,6.65251897631038e-06,0,6.8313010212795e-05,0,0.992085862966175,0,0.00199971432652478,4.49761626338041e-05,0,0.00105605037161018,0,0,0,0,0,0.00166541312990222,0,0,0,0.00013395334596322,0,0,0,0,0,6.35046972307718e-06,0,0,0.000627262391699228,3.14415972331394e-05,0.000293553121824546,0,0,0,3.64466906404898e-05,0,1.43747005270724e-07,0,0
0,0,1.12145340361108e-05,0,0,0,0,1.32736902186177e-05,0,0.000207474564792741,7.55287009063444e-06,1.30637412595406e-05,0,0,0,1.24064091509674e-05,0,8.36446068651385e-05,3.91476256965015e-05,0,0,0,0,0.000117472002506069,5.26240612243364e-05,3.39345402718157e-05,8.59040928527795e-05,0,0,0,0,0,0,0,0,0,0,2.26326271953648e-05,0,4.15641417836005e-06,0,0,0,0,0.000674681657427344,0,0,0,0,0,0,0,9.81426503422725e-06,0,0,0,8.64827466920349e-05,0,0,3.29500148275067e-05,0,0.98792184119521,7.14183688044565e-05,0.000292345057119727,5.08052634252909e-05,9.962739354813e-06,0,2.76538730631919e-06,0,0,0,0,0.00408653106440595,7.78840462319698e-06,1.91431524943528e-05,1.913619228046e-05,0,5.90493061706525e-05,0,8.16090031052226e-06,0,0.000429715117928223,0,0,0,0,0,0,1.97025700032312e-06,0,3.64466906404898e-05,0,0,0,0
0,0,0,0,0,0,0,0,0,0,0,0,1.09885279767922e-05,0,0,0,0,1.78600584053677e-06,0,0,3.89602293978307e-06,0,0,0.000509045344192967,0,0,0,0,0,0,0,0,0,0,0,0,0,0,0,0,0,0,0,0,4.87134770705663e-06,0,0,0,0,0,0,0,0,5.42264060907099e-06,0,0,6.65251897631038e-06,0,3.41565051063975e-05,0,0.000379444926279271,5.6784949716927e-06,0.989572918154549,0,0,3.9850957419252e-05,0,0,0,0,0,0.00204147415923498,0,0,0,0.000688902922096561,0,0,0,0,0,0,0,0,3.92038994812017e-05,0,0,0,0,0,7.28933812809797e-05,0,0,0,0
0,0,1.12145340361108e-05,0,0,0,0,0,2.91468710833892e-05,5.87192164507757e-05,0,6.53187062977031e-06,2.93027412714459e-05,0.000323816719736629,0,1.24064091509674e-05,0,0.000126211079397931,2.7185851178126e-05,0,0,0,0,0,0.00317247911952428,0,0.000162263286499695,0,0,0,0,0.000254836094057686,0,0,0,0,0,0,0,1.66256567134402e-05,0,0,0,0,0.000263052776181058,0,7.61376873938831e-06,8.82904756649376e-06,0,0,0,0,0.00164388939323306,1.0845281218142e-05,0,0,0.000339278467791829,0,0.000204939030638385,3.29500148275067e-05,0,0.00014764086926401,7.14183688044565e-05,0.961837726005217,0,2.9888218064439e-05,0,5.53077461263837e-06,1.09532624292145e-05,0,0,0,0.000129242699326092,5.84130346739774e-06,9.57157624717639e-06,0.00017222573052414,0,0,0,1.63218006210445e-05,0,8.04392831589777e-05,0,0,0,0,0,0,1.97025700032312e-06,0,0.000376615803285062,0,4.79156684235745e-08,0,0
0,0,0,0,0,0,0,0,2.91468710833892e-05,0,0,0,9.88967517911301e-05,0,0,0,0,7.44169100223653e-07,1.08743404712504e-06,0,0,0,0,0,0,0,0,0,0,0,0,0,0,0,0,0,0,0,0,0,0,0,0,0,3.65351078029248e-06,0,0.000959334861162927,0,0,0,0,0,0,0.000401275405071253,0,0,0,0,0,0,2.7103209019948e-05,0,0,0,0.982878626225677,9.962739354813e-06,3.97519478454444e-05,0,0,0,0,0,0,0,0,0,0.0090896378128933,0,0,0,0,0,0,0,1.30679664937339e-05,0.000597390347429649,0,0,0,0,0,0,9.5831336847149e-08,0,2.27066303360581e-08
0.000116808784020558,7.20227591919046e-05,0,7.33460466480857e-05,0,0,0,0,0,3.91461443005171e-06,0,3.26593531488515e-06,0.00134060041316865,0.000161908359868315,0,0,0,2.97667640089461e-06,1.08743404712504e-06,0,0,0,0.00010771219302025,7.83146683373796e-05,6.01417842563844e-05,0,1.90897984117288e-05,0,0,0,0,0,0,0,5.4860653938995e-05,0,0,0,0,0,0,0,0,0,4.87134770705663e-06,0,6.85239186544948e-05,0,0,0,0,0,2.45356625855681e-05,0.000238596186799124,1.66110197505025e-05,0,6.65251897631038e-06,0,0.00344980701574615,0,0.00184301821335646,5.6784949716927e-06,0.00021425510641337,2.2488081316902e-05,0.000203221053701163,0.991900292904537,0.00357767530609,0,0,0,0,0.00145052111314065,1.84632427608702e-05,3.89420231159849e-06,0,0.0001913619228046,6.992029086841e-05,0,0,0,0,2.11682324102573e-06,0,0,0.00103236935300498,6.28831944662789e-05,9.03240374844756e-05,0,0,0,0,0,1.43747005270724e-07,0,2.27066303360581e-08
0,0,0,0,0,0,0,0,0,0,0,0,0.000809488227623694,0.000107938906578876,0,0,0,2.97667640089461e-07,0,0,3.89602293978307e-06,0,0,0,0,0,0,0,0,0,0,0,0,0,0,0,0,0,0,0,0,0,0,0,2.43567385352832e-06,0,9.13652248726597e-05,0,0,0,0,0,9.81426503422725e-06,0.000157256577663059,0,0,6.65251897631038e-06,0,0.00174198176042627,0,0,0,7.14183688044565e-05,2.2488081316902e-05,0,0.000647578058062845,0.982787406582923,0,0,0,0,0.000161169012571183,0,0,0,0,6.992029086841e-05,0,0,0,0,0,0,0,3.92038994812017e-05,0.000282974375098255,2.25810093711189e-05,0,0,0,0,0,0,0,0
0,0,0.000829875518672199,1.22243411080143e-05,0,0,0,0.000165921127732721,0.000816112390334898,3.91461443005171e-05,0.000249244712990937,4.57230944083921e-05,7.32568531786149e-06,0,0,0.00526031748001017,0.000317908866125044,0.000238580613531703,4.56722299792518e-05,0,3.50642064580476e-05,0,0,0,2.25531690961442e-05,0.00062778899502859,9.54489920586439e-06,0,9.68766953421685e-06,0,1.57372095829115e-05,0,0,0,0,0,0,0.000248958899149013,0,0.00334175699940148,0,0,0,9.18526683200147e-05,4.99313139973305e-05,9.41087897609637e-05,2.28413062181649e-05,0.000163337379980135,0,0,0,0,0,1.6267921827213e-05,0.000697662829521104,4.30514895815395e-05,5.3220151810483e-05,2.76992964378705e-05,0.000307408545957578,0.00029655013344756,0,2.27139798867708e-05,0,0.00011244040658451,0,9.962739354813e-06,3.97519478454444e-05,0.992925217474667,7.66728370045018e-05,8.70170553428472e-05,4.58820830465703e-05,0,4.92353140289873e-05,0.00661040842393844,0.000181859948696351,0,0,0.000295246530853262,0,0.000142815755434139,9.61168781237985e-05,5.08037577846175e-05,0,2.3693875133278e-05,0,3.14415972331394e-05,0,4.56079540271823e-05,3.94051400064624e-06,0,1.21488968801633e-05,0.000594874167589272,4.79156684235745e-08,0,0
0,0,1.12145340361108e-05,7.33460466480857e-05,4.70820876197651e-05,0,0,3.31842255465442e-05,2.91468710833892e-05,5.87192164507757e-06,7.55287009063444e-06,0.000160030830429373,0,0,5.29240539825351e-05,1.24064091509674e-05,3.53232073472271e-05,2.50040817675147e-05,4.67596640263768e-05,0,7.79204587956614e-06,0,0,0,0,3.39345402718157e-05,0,0,0,0,0.000225566670688398,0,3.67998822403768e-05,0.000159083678014636,0.000658327847267939,0,0,0,0,2.49384850701603e-05,0,0,3.64351818115572e-05,0,4.87134770705663e-06,0,1.52275374787766e-05,4.41452378324688e-06,0,0,0,0,0,0,0,0,6.65251897631038e-06,2.76992964378705e-05,3.41565051063975e-05,6.59000296550133e-05,0,0,0,2.2488081316902e-05,0,0,0,7.3743661501845e-06,0.996911179994961,0,0.00289057123193393,0,0,2.72594161811894e-05,0,0,0,2.95246530853262e-05,0,0.000146896205589401,0,6.35046972307718e-06,0.000896114702681943,0,0,0,0,9.12159080543647e-05,0,0,1.21488968801633e-05,0.00305699225011154,3.35409678965022e-07,0,0
0,0,0,2.44486822160286e-05,0,4.30403718688129e-05,0,0,0,0,0,0,0,0,0.000158772161947605,0,0,2.97667640089461e-07,0,0,0,0,0,0,0,3.39345402718157e-05,0,0,0,0,9.44232574974689e-05,0,0,0,0,0,0,2.26326271953648e-05,0,0,0.000347015665278604,0,0.000983749908912046,0,0,0,0,0,0,0,0,0,0,0,0,0,0,0,0,0,0,0,0,0,0,0,0,0,0,0.993647754959972,0,0,0,3.89420231159849e-06,0,0,0,0,0,0,0.000192233756247597,0,0.000192024579146131,0,0,0,0,0.000456079540271823,0,0,0,0,0,0,0
0,0,0,4.88973644320571e-05,0,0,0,0,0,0,0,9.47121241316694e-05,0,0,0,0,0,2.97667640089461e-07,3.26230214137513e-06,0,0,0,0,0,0,0,0,0,0,0,0,0,0,0.000556792873051225,0.000822909809084924,0,0,0,0,0,0,0,0,0,0,0,0,0,0,0,0,0,0,0,0,0,6.65251897631038e-06,0,0,0,0,0,0,0,0,9.962739354813e-06,0,9.21795768773062e-07,0.000246448404657327,0,0.992934159210828,0,0,0,0,0,0,0,0,0,0,0,0.000192024579146131,0,0,0,0,0,0,0,0,8.26214121651767e-05,1.43747005270724e-07,0,0
0,0,0,1.22243411080143e-05,0,0,0,0,0,0,0,3.26593531488515e-06,2.19770559535845e-05,5.39694532894382e-05,0,0,0,7.44169100223653e-07,0,0,0,0,0,0,7.51772303204805e-06,0,9.54489920586439e-06,0,0,0,0,0,0,0,0,0,0,0,0,0,0,0,0,0,6.08918463382079e-06,0,7.61376873938831e-06,0,0,0,0,0,4.90713251711362e-06,2.7113203045355e-05,0,0,6.65251897631038e-06,0,0.00027325204085118,0,0.000948612315698179,0,0.00235680617054706,2.2488081316902e-05,0,0.000278956701934764,0,0,0,0,0,0.990867089287633,0,0,0,0.000516677191572421,0,0,0,0,0,4.23364648205146e-06,0,0,6.53398324686696e-05,0,4.51620187422378e-05,0,0,0,0,0,0,0,0
0,0,2.24290680722216e-05,0,0,0,0,1.32736902186177e-05,2.91468710833892e-05,0.000133096890621758,0,1.95956118893109e-05,3.66284265893074e-06,0,0,1.86096137264511e-05,0,0.000230692421069332,5.2196834262002e-05,0.00017860332202179,0,0,0,0,8.26949533525286e-05,0,5.72693952351863e-05,0,0,0,0,0,0,0,0,0,0,0,0,8.31282835672009e-06,0,0,0,0,0.000468867216804201,0,0,2.64871426994813e-05,0,0,0,0,4.90713251711362e-06,5.42264060907099e-06,1.66110197505025e-05,0,0.000186270531336691,0,3.41565051063975e-05,6.59000296550133e-05,0,0.00344684644781747,0,0.000314833138436629,5.08052634252909e-05,0,0,1.84359153754612e-06,5.47663121460727e-06,0,0,0,0.979647352063267,1.94710115579925e-05,2.87147287415292e-05,0,0,2.95246530853262e-05,0,1.22413504657834e-05,0,0.00082767788724106,0,0,0,0,0,0,0,0,3.64466906404898e-05,3.30485648660707e-05,0,0,0
0.000116808784020558,0,0.000493439497588875,7.33460466480857e-05,0,0,0,6.63684510930884e-05,0.000495496808417616,2.7402301010362e-05,0.000234138972809668,8.16483828721288e-05,1.83142132946537e-05,0,0,0.00515486300222695,0.000176616036736136,0.000434594754530613,0.000108743404712504,0,3.89602293978307e-05,0,0,3.91573341686898e-05,2.25531690961442e-05,0.00023754178190271,2.86346976175932e-05,0,0,0,6.2948838331646e-05,0,0,0,0,2.69570843217598e-05,0,6.78978815860945e-05,0,0.00105572920130345,0,0,0,0.000137779002480022,7.42880525326137e-05,0,6.85239186544948e-05,0.000158922856196888,0,0,0,0,1.96285300684545e-05,5.42264060907099e-06,0.000298998355509045,0,6.65251897631038e-05,2.76992964378705e-05,0.000170782525531988,0.0004942502224126,0,1.70354849150781e-05,0,0.00011244040658451,0,0,0,0.00296172980506785,4.92896809314654e-05,0,9.17641660931406e-05,0,6.76985567898575e-05,0.983589831458924,0.000162716796201999,1.913619228046e-05,6.992029086841e-05,0.000206672571597284,0,6.93676526394392e-05,9.61168781237985e-05,7.40888134359005e-05,0,0,0,0,0,0,1.97025700032312e-05,0,0,0.000181767106763389,4.79156684235745e-08,0,0
0,0,0.000493439497588875,2.44486822160286e-05,0,0,0,0.000219015888607192,0.000932699874668454,2.34876865803103e-05,0.00161631419939577,1.30637412595406e-05,3.66284265893074e-06,0,0,0.000105454477783223,0.00861886259272342,2.11344024463517e-05,2.39235490367509e-05,0,5.4544321156963e-05,0,0,0,0,3.39345402718157e-05,0,0,0,0,1.04914730552743e-05,0,0,0,0,0,0,0.000543183052688756,7.79848709350386e-05,0.000461361973797965,0,0,0,9.18526683200147e-05,1.09605323408774e-05,0,7.61376873938831e-06,0.00956627303829599,0,0,0,0,0,0,0.00275742927858341,4.30514895815395e-05,0,0,6.8313010212795e-05,0.00843520379584171,0,5.6784949716927e-06,0,0,0,0,0,5.71513376639299e-05,1.09532624292145e-05,0,0,0,4.30808997753639e-05,8.95666531667653e-05,0.963494008193269,0,0,0.00422202539120165,0,3.2643601242089e-05,0,2.96355253743602e-05,0,0,0,0,0,0,1.5762056002585e-05,0,1.21488968801633e-05,4.9572847299106e-05,0,0,0
0,3.60113795959523e-05,0,0,0,0,0,0,0,0,0,0,7.32568531786149e-06,0,0,0,0,5.80451898174449e-06,1.08743404712504e-06,0,0,0,0,7.83146683373796e-05,6.76595072884325e-05,0,0.000381795968234575,0,0,0,0,0,0,0,0,0,0,0,0,0,0,0,0,0,2.80102493155756e-05,0,7.61376873938831e-06,4.41452378324688e-06,0,0,0,0,1.47213975513409e-05,1.6267921827213e-05,0,0,9.31352656683453e-05,0,0.00054650408170236,3.29500148275067e-05,0.000216825672159584,5.6784949716927e-06,0.00257106127696043,0.000202392731852118,0,1.9925478709626e-05,0,9.21795768773062e-07,5.47663121460727e-06,0,0,0.00150424411733104,1.23088285072468e-05,3.89420231159849e-06,0,0.993819009893411,0,0,0,8.16090031052226e-06,0,1.05841162051286e-05,6.40081930487102e-05,0,1.30679664937339e-05,0,0,0,0,0,0.000607444844008164,0,0,0,0
0,0,0,1.22243411080143e-05,0,0,0,0,0,0,0,0,6.95940105196841e-05,0,0,0,0,0,0,0,0,0,0,0,0,0,0,0,0,0,0,0,0,0,0,0,0,0,0,0,0,0,0,0,1.21783692676416e-06,0,0.000327392055793697,0,0,0,0,0,0,0.00021690562436284,0,0,0,0,3.41565051063975e-05,0,0,0,0,0,0.00660468424528781,9.962739354813e-06,0.000119255843536333,0,0,0,0,0,0,0,0,0,0.981401202629003,0,0,0,0,0,0,0,0,0.000251532777865116,0,0,0,0,0,0,4.79156684235745e-08,0,0
0,0,0.000100930806324997,1.22243411080143e-05,0,0,0,0.000444668622323692,0.00037890932408406,0,0.000256797583081571,1.30637412595406e-05,0,0,0,5.58288411793533e-05,0.000423878488166726,1.45857143643836e-05,8.69947237700033e-06,0,7.01284129160953e-05,0,0,0,0,3.39345402718157e-05,0,0,0,0,5.24573652763716e-06,0,0,0,0,0,0,0.000497917798298026,0,0.000137161667885881,0,0,0,9.18526683200147e-05,9.74269541411327e-06,0,0,0.00438362211676415,6.13459296975646e-05,0,0,0,4.90713251711362e-06,0,0.000664440790020099,4.30514895815395e-05,6.65251897631038e-06,0,3.41565051063975e-05,0.00144980065241029,0,1.13569899433854e-05,0,2.2488081316902e-05,0,0,0,2.21230984505535e-05,5.47663121460727e-06,0,0,0,6.15441425362341e-06,3.11536184927879e-05,0.0019047436731881,0,6.992029086841e-05,0.958458813108946,0,1.22413504657834e-05,0,6.35046972307718e-06,0,2.3693875133278e-05,0,0,0,0,1.97025700032312e-05,0,1.21488968801633e-05,1.65242824330353e-05,0,0,0
0,0,0,0,0.000117705219049413,0,0.000322476620445018,0,0,0,0,0,0,0,0,0,0,0,0,0,0,0,0,0,0,0,0,0,0.000106564364876385,0,0,0,7.35997644807537e-05,0,0,8.08712529652793e-05,0,0,0,0,0,0,0,0,0,0,0,0,0,0,0,0,0,0,0,0,0,0,0,0,0,0,0,0,0,9.962739354813e-06,0,0,0,0,0,0,0,0,0,0,0,0,0.996932087574955,0,0,0,0,0,0,0,2.25810093711189e-05,0,1.97025700032312e-06,0,0,1.65242824330353e-05,4.79156684235745e-08,0,0
0,0,5.6072670180554e-05,1.22243411080143e-05,0,0,0,5.30947608744707e-05,5.82937421667784e-05,3.32742226554396e-05,1.51057401812689e-05,0.000336391337433171,0,0,0,3.10160228774185e-05,0,6.66775513800393e-05,0.000744892322280654,0,1.16880688193492e-05,0,0,0,0,0.000101803620815447,9.54489920586439e-06,0,0,0,1.57372095829115e-05,2.31669176416078e-05,0,0,0,0,0,4.52652543907297e-05,0,0.000145474496242602,0,0,0,0,2.43567385352832e-05,0,0,5.73888091822095e-05,0,0,0,0,1.96285300684545e-05,5.42264060907099e-06,0.000116277138253517,0,1.99575569289311e-05,0,3.41565051063975e-05,0.000164750074137533,0,1.70354849150781e-05,0,0,0,9.962739354813e-06,0,5.80731334327029e-05,0.000213588617369684,0,4.58820830465703e-05,0,4.92353140289873e-05,3.69949219601857e-05,2.87147287415292e-05,0,0,8.85739592559787e-05,0,0.99343863615034,0,4.44532880615403e-05,0,0,0,0,2.25810093711189e-05,0,0,0,3.64466906404898e-05,0.00396582778392848,1.43747005270724e-07,0,0
0,0,0,0,0,4.30403718688129e-05,0,6.63684510930884e-06,0,0,0,0,0,0,5.29240539825351e-05,6.2032045754837e-06,0,0,0,0.000357206644043579,6.23363670365291e-05,0,0,0,0,0,0,0,0,0,4.72116287487345e-05,0,0,0,0,0,2.58605084175955e-05,6.78978815860945e-05,0,4.15641417836005e-06,4.9573666468372e-05,0,0.000182175909057786,0,0,0.00395256916996047,0,0,0.000429421507882952,0.000961846745751844,0.000202429149797571,8.50412450038269e-05,0,0,1.66110197505025e-05,0.0020664714999139,0,0,0,0,0,0,0,0,0,0,0,1.84359153754612e-06,0,0.000174034110685694,0,0,0,1.94710115579925e-06,9.57157624717639e-06,0,0,0,0,0,0.983948481353326,0,6.40081930487102e-05,0,0,0,0,0.000228039770135912,5.91077100096937e-06,0,0,0,0,0,0
0,0,8.97162722888864e-05,0,0,0,0,7.30052962023972e-05,8.74406132501676e-05,0.0017635338007383,3.77643504531722e-05,2.93934178339664e-05,0,0,0,0.000124064091509674,0.000105969622041681,0.000443227116093207,0.00115485495804679,0,3.89602293978307e-06,0,0,0.000156629336674759,3.75886151602403e-05,5.09018104077235e-05,0.000104993891264508,0,9.68766953421685e-06,0,5.24573652763716e-06,2.31669176416078e-05,0,7.95418390073178e-05,0,0,0,0,0,3.32513134268804e-05,0,0,0,0,0.000482263422998607,0,3.04550749575532e-05,5.73888091822095e-05,0,0,0,0,2.45356625855681e-05,1.0845281218142e-05,6.64440790020099e-05,0,0.000199575569289311,0,0.00013662602042559,0.00019770008896504,2.7103209019948e-05,0.000953987155244374,0,0.000517225870288747,0,0,3.97519478454444e-05,1.56705280691421e-05,5.47663121460727e-06,0,0,0,0.00251100101547835,7.39898439203714e-05,6.70010337302347e-05,3.82723845609201e-05,0,2.95246530853262e-05,0,8.16090031052226e-05,0,0.98701963988603,0,0,1.30679664937339e-05,6.28831944662789e-05,0,0,0,0,6.07444844008164e-05,9.91456945982121e-05,9.5831336847149e-08,0,0
0,0,0,0,0,0,0,0,0,0,0,0,0,0,0.000370468377877745,0,0,1.48833820044731e-07,0,0,0,0,0,0,0,1.69672701359078e-05,0,0,0,0,0.000215075197633124,0,0,0,0.000164581961816985,0,0,0,0,0,0,0,7.28703636231145e-05,0,0,9.41087897609637e-05,0,4.41452378324688e-06,0,0,0,0,0,0,0,0,0,0,0,0,0,0,0,0,0,0,0,0,0.000104055993077538,0.000348068221371389,0.000229410415232852,0,0,0,0,0,0,0,0,0,0.000192233756247597,0,0.99551942648659,0,0,0,0,0,0,0,0,3.30485648660707e-05,0,0,0
0,0,0,1.22243411080143e-05,0,0,0,2.65473804372354e-05,0,0,0,0,0,0,0,0,0,1.48833820044731e-06,0,0,1.16880688193492e-05,0,0,0,0,1.69672701359078e-05,0,6.57591898467811e-05,0.000145315043013253,0,5.24573652763716e-06,0,0,0,0,8.08712529652793e-05,0.000103442033670382,6.78978815860945e-05,0.000155969741870077,0,0,0,0,0,1.21783692676416e-06,0,0,4.41452378324688e-06,6.13459296975646e-05,0.000106871860639094,0,0,4.90713251711362e-06,0,1.66110197505025e-05,8.6102979163079e-05,0,0.00296382471885214,0,0,0,0,0,0,0,0,0,9.21795768773062e-07,0,0,0,0,0,0,0,0,0,5.90493061706525e-05,0,0,0,0,0,0.992323184456818,0,0,0,0,0.000679738665111477,0,0,0,0,2.57400257400257e-07,0
0,0,0,1.22243411080143e-05,0,0,0,0,0,0,0,3.26593531488515e-06,0.000201456346241191,0,0,0,0,2.38134112071569e-06,0,0,0,0,0.00420077552778975,0,3.00708921281922e-05,0,0,0,0,0,0,0,0,0,0,0,0,0,0,0,0,0,0,0,4.87134770705663e-06,0,1.52275374787766e-05,0,0,0,0,0,0,8.67622497451359e-05,0,0,0,0,0.00040987806127677,0,0.00165329575021683,0,0.000142836737608913,2.2488081316902e-05,0,0.000836870105804292,3.97519478454444e-05,9.21795768773062e-07,0,0,0,0.000214892016761577,0,7.78840462319698e-06,0,1.913619228046e-05,0.00020976087260523,0,0,0,0,0,0,0,0.995857454621486,0,9.03240374844756e-05,0,0,0,0,0,1.67704839482511e-06,0,0
0,0,0,1.22243411080143e-05,0,0,0,0,0,3.91461443005171e-06,0,3.26593531488515e-06,0.000135525178380437,0,0,0,0,3.57201168107353e-06,4.34973618850017e-06,0,0,0,0,0,2.25531690961442e-05,0,0,0,0,0,0,2.31669176416078e-05,0,0,0,0,0,0,0,0,0,0,0,0,1.33962061944057e-05,0,0.00474337792463892,0,0,0,0,0,4.90713251711362e-06,0.000276554671062621,0,0,1.99575569289311e-05,0,0.000512347576595963,3.29500148275067e-05,2.7103209019948e-05,5.6784949716927e-06,0,2.2488081316902e-05,0.000660468424528781,3.9850957419252e-05,0,9.21795768773062e-07,0,0,0,0,0,7.78840462319698e-06,0,0,0.00027968116347364,0,0,0,0,4.23364648205146e-06,0,0,1.30679664937339e-05,0.972079861656972,0,0,1.97025700032312e-06,0,6.07444844008164e-05,0,3.40201245807379e-06,0,2.27066303360581e-08
0.000817661488143908,0.000396125175555476,0,0.00135690186298958,2.35410438098825e-05,0,0,0,0,1.95730721502586e-06,0,7.83824475572437e-05,1.83142132946537e-05,0,0,0,0,8.93002920268383e-07,0,0,0,0,0.00032313657906075,0.000195786670843449,0,0,9.54489920586439e-06,0,0,0,0,0,0,0.000477251034043907,5.4860653938995e-05,0,0,0,0,0,0,0,0,0,1.21783692676416e-06,0,3.04550749575532e-05,0,0,0,0,0,0,1.0845281218142e-05,0,0,6.65251897631038e-06,0,3.41565051063975e-05,0,0.000352341717259323,0,0,0,5.08052634252909e-05,7.9701914838504e-05,0,0,5.47663121460727e-06,0,0,5.37230041903943e-05,0,0,0,0,0,0,0.000139450564774787,0,0,4.23364648205146e-06,0,0,0,6.28831944662789e-05,0.994603138760303,0,0,0,0,0,3.83325347388596e-07,0,0
0,0,0,0,0,4.30403718688129e-05,0,0,0,0,0,0,0,0,0,0,0,1.48833820044731e-07,0,0.00232184318628326,3.89602293978307e-06,0,0,0,0,3.39345402718157e-05,0,0,0,0,7.34403113869203e-05,0,0,0,5.4860653938995e-05,0,0,0,0,4.15641417836005e-06,0.00416418798334325,0,0.000255046272680901,0,0,0.000282326369282891,0,0,0,0.000106871860639094,0,0,0,0,0,0,0,0,0,0,0,0,0,0,0,0,0,2.76538730631919e-06,0,0.00130525583014271,0,0,0,0,0,0,0,0,0,0,0.000576701268742791,0,0,2.3693875133278e-05,1.30679664937339e-05,0,0,0.993478062574113,0,0,0,0,0,0,0
0,0,0,0,7.06231314296476e-05,8.60807437376259e-05,0.000193485972267011,0.000219015888607192,0.000262321839750503,1.95730721502586e-06,2.26586102719033e-05,0,0,0,0,1.86096137264511e-05,0,6.8463557220576e-06,5.43717023562521e-06,0.000357206644043579,0.000463626729834185,6.52869360840896e-05,0,0,0,0,0,0.000526073518774249,0.000251879407889638,0,1.57372095829115e-05,2.31669176416078e-05,0,7.95418390073178e-05,0,0.000700884192365754,0.000568931185187101,0.000792141951837769,0.00226156125711612,0.000128848839529161,0,0,3.64351818115572e-05,0.000367410673280059,4.87134770705663e-06,9.41087897609637e-05,0,9.27049994481845e-05,0.000245383718790258,0.000106871860639094,0.00307692307692308,0,0,0,9.96661185030149e-05,0.000774926812467711,0,0.0177275497202371,0,9.885004448252e-05,0,0,0,0,0,0,0,1.65923238379151e-05,0,0,0,0,6.15441425362341e-06,2.72594161811894e-05,1.91431524943528e-05,0,0,0.000177147918511957,0.000139450564774787,0,0.000288350634371396,0,0,0.00571022390712001,0,0,0,0,0.996567812305437,0,0,1.65242824330353e-05,0,2.57400257400257e-07,0
0,0,0,0,0,0,0,0,0,0,0,0,0,0,0,0,0,0,0,0,0,0,0,0,0,0,0,0,0.000610323180655662,0,0,0,0.00011039964672113,0,0,0,0,0,0,0,0,0,0,0,0,0,0,0,0,0,0,0,0,0,0,0,0,0,0,0,0,0,0,0,0,0,0,1.84359153754612e-06,0,0,0,0,0,0,0,0,0,0,0,0,0,0,0,0,0,0,0,0,3.94051400064624e-06,0.991570360299116,0,0,0,0,0
0,0,1.12145340361108e-05,0,0,0,0,0,0,1.95730721502586e-05,0,3.26593531488515e-06,2.56398986125152e-05,5.39694532894382e-05,0,1.86096137264511e-05,0,5.80451898174449e-05,1.73989447540007e-05,0,3.89602293978307e-06,0,0,3.91573341686898e-05,0.00171404085130696,0,0.000916310323762981,0,0,0,0,0,0,0,0,0,0,0,0,0,0,0,0,0,0.00023138901608519,0,6.09101499151065e-05,4.41452378324688e-06,0,0,0,0,9.81426503422725e-06,4.88037654816389e-05,0,0,0.000332625948815519,0,0.000853912627659938,0,2.7103209019948e-05,1.70354849150781e-05,0.000285673475217826,0.000742106683457767,0,9.962739354813e-06,0.000119255843536333,1.84359153754612e-06,0,0,0,5.37230041903943e-05,1.23088285072468e-05,3.89420231159849e-06,9.57157624717639e-06,0.00122471630594944,6.992029086841e-05,0,0,2.04022507763056e-05,0,1.05841162051286e-05,0,0,1.30679664937339e-05,9.43247916994183e-05,0,0,0,0,0.98588298182525,0,0,0,0
0,0,2.24290680722216e-05,1.22243411080143e-05,2.35410438098825e-05,0,0,1.99105353279265e-05,0,1.76157649352327e-05,0,2.28615472041961e-05,0,0,0,2.48128183019348e-05,0,2.58970846877831e-05,8.59072897228783e-05,0,7.79204587956614e-06,0,0,3.91573341686898e-05,1.50354460640961e-05,0.000797461696387668,9.54489920586439e-06,0,9.68766953421685e-06,0,2.62286826381858e-05,0,0,0,0,0,0,4.52652543907297e-05,0,0.000415641417836005,0,0,0,0,1.58318800479341e-05,0,7.61376873938831e-06,0,0,0,0,0,0,0,4.98330592515075e-05,0,0,0,0,3.29500148275067e-05,0,0,0,4.49761626338041e-05,0,0,0,2.85756688319649e-05,0.000777681632474233,0,0.000137646249139711,0,1.23088285072468e-05,1.75239104021932e-05,9.57157624717639e-06,0,0,0,0,0.000950744886175843,0,1.69345859282058e-05,0,0,0,0,0,0,0,0,1.21488968801633e-05,0.985772592825157,4.79156684235745e-08,0,0
0,0,0,0.000232262481052271,0.000470820876197651,0,0,0,0,0,0,1.95956118893109e-05,0.000117210965085784,0,0.000740936755755491,0,0,3.27434404098407e-06,7.61203832987529e-06,0,0,0,0.0010771219302025,0,7.51772303204805e-06,1.69672701359078e-05,0,6.57591898467811e-05,2.90630086026505e-05,0,1.57372095829115e-05,0,3.67998822403768e-05,0.000159083678014636,0.0032367785824007,2.69570843217598e-05,0,0,0,0,0.000148720999405116,0.000106117684512124,0,0,3.65351078029248e-06,0,0.000388302205708804,0,0,0,0,0,0,7.04943279179229e-05,0,0,0,0,3.41565051063975e-05,0,2.7103209019948e-05,0,0,0,0.000101610526850582,4.9813696774065e-05,7.95038956908888e-05,1.84359153754612e-06,4.38130497168582e-05,0,0.000137646249139711,0,0,1.94710115579925e-06,0,0,0.00020976087260523,0,0.000139450564774787,8.16090031052226e-06,0,0,0,0,0.000483514760268155,0.00191793743122151,4.51620187422378e-05,9.12159080543647e-05,0,0,1.21488968801633e-05,9.91456945982121e-05,0.999980785816962,0,0
0,0,0,0,0,0,0,0,0,0,0,0,0,0,0,0,0,0,0,0,0,0,0,0,0,0,0,0,9.68766953421685e-06,0,0,0,0,0,0,0.000377399180504637,0,0,0,0,0,0,0,0,0,0,0,0,0,0,0,0,0,0,0,0,0,0,0,0,0,0,0,0,0,0,0,0,0,0,0,0,0,0,0,0,0,0,0,0,0,0,0,4.73877502665561e-05,0,0,0,0,1.97025700032312e-06,0,0,0,0,0.999995366795367,0
0,0,0,0,0,0,0,0,0,0,0,0,0,0,0,0,0,2.97667640089461e-07,0,0,0,0,0,0,0,0,0,0,0,0,0,0.00215452334066952,0,0,0,0,0,0,0,0,0,0,0,0,0,0,1.52275374787766e-05,0,0,0,0,0,9.81426503422725e-06,0,0,0,0,0,0,0,0,0,0,0,0,0,0,0,0,0,0,0,0,0,0,0,0,0,0,0,0,0,0,0,0,0,0,0,0,0,0,0,0,0,0.999998115349682
